case_id,invoice_id,activity,timestamp,system,role,user_id,invoice_amount,currency,country,vendor_id,vendor_risk,po_number,exception_type,status,is_hidden_step,hidden_issue_type
CASE-00001,INV-000001,Invoice received,2026-01-05T08:06:00,Coupa,System,system,12564.03,EUR,NL,V8752,low,PO904155,,completed,False,
CASE-00001,INV-000001,Validate invoice data,2026-01-05T08:30:00,Coupa,AP Clerk,ap11,12564.03,EUR,NL,V8752,low,PO904155,,completed,False,
CASE-00001,INV-000001,Check PO exists,2026-01-05T08:48:00,SAP,System,system,12564.03,EUR,NL,V8752,low,PO904155,,completed,False,
CASE-00001,INV-000001,Run three-way match,2026-01-05T09:18:00,SAP,System,system,12564.03,EUR,NL,V8752,low,PO904155,,completed,False,
CASE-00001,INV-000001,Classify exception,2026-01-05T09:30:00,ServiceNow,AP Clerk,ap11,12564.03,EUR,NL,V8752,low,PO904155,price_mismatch,completed,False,
CASE-00001,INV-000001,Create price mismatch ticket,2026-01-05T09:42:00,ServiceNow,System,system,12564.03,EUR,NL,V8752,low,PO904155,price_mismatch,completed,False,
CASE-00001,INV-000001,AP review price mismatch,2026-01-11T23:04:53.935498,ServiceNow,AP Clerk,ap11,12564.03,EUR,NL,V8752,low,PO904155,price_mismatch,completed,False,
CASE-00001,INV-000001,Correction for price mismatch,2026-01-12T06:51:39.702547,SAP,Procurement Specialist,ap11,12564.03,EUR,NL,V8752,low,PO904155,price_mismatch,completed,False,
CASE-00001,INV-000001,Run three-way match,2026-01-12T07:15:39.702547,SAP,System,system,12564.03,EUR,NL,V8752,low,PO904155,price_mismatch,completed,False,
CASE-00001,INV-000001,Run duplicate invoice check,2026-01-12T07:27:39.702547,SAP,System,system,12564.03,EUR,NL,V8752,low,PO904155,,completed,False,
CASE-00001,INV-000001,Check vendor risk,2026-01-12T07:39:39.702547,Vendor Master Data,System,system,12564.03,EUR,NL,V8752,low,PO904155,,completed,False,
CASE-00001,INV-000001,Check approval threshold,2026-01-12T07:45:39.702547,SAP,System,system,12564.03,EUR,NL,V8752,low,PO904155,,completed,False,
CASE-00001,INV-000001,Finance manager approval,2026-01-14T06:32:43.942201,SAP,Finance Manager,ap11,12564.03,EUR,NL,V8752,low,PO904155,,completed,False,
CASE-00001,INV-000001,Schedule payment,2026-01-14T13:10:36.815004,Payment System,System,system,12564.03,EUR,NL,V8752,low,PO904155,,completed,False,
CASE-00001,INV-000001,Send remittance notice,2026-01-14T13:16:36.815004,Payment System,System,system,12564.03,EUR,NL,V8752,low,PO904155,,completed,False,
CASE-00001,INV-000001,Invoice paid,2026-01-14T13:22:36.815004,Payment System,System,system,12564.03,EUR,NL,V8752,low,PO904155,,paid,False,
CASE-00002,INV-000002,Invoice received,2026-01-05T08:13:00,Coupa,System,system,15193.67,EUR,DE,V2048,low,PO826818,,completed,False,
CASE-00002,INV-000002,Validate invoice data,2026-01-05T08:37:00,Coupa,AP Clerk,ap20,15193.67,EUR,DE,V2048,low,PO826818,,completed,False,
CASE-00002,INV-000002,Check PO exists,2026-01-05T08:55:00,SAP,System,system,15193.67,EUR,DE,V2048,low,PO826818,,completed,False,
CASE-00002,INV-000002,Run three-way match,2026-01-05T09:25:00,SAP,System,system,15193.67,EUR,DE,V2048,low,PO826818,,completed,False,
CASE-00002,INV-000002,Run duplicate invoice check,2026-01-05T09:37:00,SAP,System,system,15193.67,EUR,DE,V2048,low,PO826818,,completed,False,
CASE-00002,INV-000002,Check vendor risk,2026-01-05T09:49:00,Vendor Master Data,System,system,15193.67,EUR,DE,V2048,low,PO826818,,completed,False,
CASE-00002,INV-000002,Check approval threshold,2026-01-05T09:55:00,SAP,System,system,15193.67,EUR,DE,V2048,low,PO826818,,completed,False,
CASE-00002,INV-000002,Finance manager approval,2026-01-07T06:50:14.726663,SAP,Finance Manager,ap20,15193.67,EUR,DE,V2048,low,PO826818,,completed,False,
CASE-00002,INV-000002,Schedule payment,2026-01-07T16:26:16.624677,Payment System,System,system,15193.67,EUR,DE,V2048,low,PO826818,,completed,False,
CASE-00002,INV-000002,Send remittance notice,2026-01-07T16:32:16.624677,Payment System,System,system,15193.67,EUR,DE,V2048,low,PO826818,,completed,False,
CASE-00002,INV-000002,Invoice paid,2026-01-07T16:38:16.624677,Payment System,System,system,15193.67,EUR,DE,V2048,low,PO826818,,paid,False,
CASE-00003,INV-000003,Invoice received,2026-01-05T08:20:00,Coupa,System,system,2868.43,EUR,ES,V8536,medium,PO232771,,completed,False,
CASE-00003,INV-000003,Validate invoice data,2026-01-05T08:44:00,Coupa,AP Clerk,ap09,2868.43,EUR,ES,V8536,medium,PO232771,,completed,False,
CASE-00003,INV-000003,Check PO exists,2026-01-05T09:02:00,SAP,System,system,2868.43,EUR,ES,V8536,medium,PO232771,,completed,False,
CASE-00003,INV-000003,Run three-way match,2026-01-05T09:32:00,SAP,System,system,2868.43,EUR,ES,V8536,medium,PO232771,,completed,False,
CASE-00003,INV-000003,Run duplicate invoice check,2026-01-05T09:44:00,SAP,System,system,2868.43,EUR,ES,V8536,medium,PO232771,,completed,False,
CASE-00003,INV-000003,Check vendor risk,2026-01-05T09:56:00,Vendor Master Data,System,system,2868.43,EUR,ES,V8536,medium,PO232771,,completed,False,
CASE-00003,INV-000003,Check approval threshold,2026-01-05T10:02:00,SAP,System,system,2868.43,EUR,ES,V8536,medium,PO232771,,completed,False,
CASE-00003,INV-000003,Auto approve for payment scheduling,2026-01-05T10:08:00,SAP,System,system,2868.43,EUR,ES,V8536,medium,PO232771,,completed,False,
CASE-00003,INV-000003,Schedule payment,2026-01-05T15:04:25.059540,Payment System,System,system,2868.43,EUR,ES,V8536,medium,PO232771,,completed,False,
CASE-00003,INV-000003,Send remittance notice,2026-01-05T15:10:25.059540,Payment System,System,system,2868.43,EUR,ES,V8536,medium,PO232771,,completed,False,
CASE-00003,INV-000003,Invoice paid,2026-01-05T15:16:25.059540,Payment System,System,system,2868.43,EUR,ES,V8536,medium,PO232771,,paid,False,
CASE-00004,INV-000004,Invoice received,2026-01-05T08:27:00,Coupa,System,system,24728.42,EUR,IT,V9128,medium,PO547655,,completed,False,
CASE-00004,INV-000004,Validate invoice data,2026-01-05T08:51:00,Coupa,AP Clerk,ap17,24728.42,EUR,IT,V9128,medium,PO547655,,completed,False,
CASE-00004,INV-000004,Check PO exists,2026-01-05T09:09:00,SAP,System,system,24728.42,EUR,IT,V9128,medium,PO547655,,completed,False,
CASE-00004,INV-000004,Run three-way match,2026-01-05T09:39:00,SAP,System,system,24728.42,EUR,IT,V9128,medium,PO547655,,completed,False,
CASE-00004,INV-000004,Run duplicate invoice check,2026-01-05T09:51:00,SAP,System,system,24728.42,EUR,IT,V9128,medium,PO547655,,completed,False,
CASE-00004,INV-000004,Check vendor risk,2026-01-05T10:03:00,Vendor Master Data,System,system,24728.42,EUR,IT,V9128,medium,PO547655,,completed,False,
CASE-00004,INV-000004,Check approval threshold,2026-01-05T10:09:00,SAP,System,system,24728.42,EUR,IT,V9128,medium,PO547655,,completed,False,
CASE-00004,INV-000004,Finance manager approval,2026-01-06T06:19:49.963439,SAP,Finance Manager,ap17,24728.42,EUR,IT,V9128,medium,PO547655,,completed,False,
CASE-00004,INV-000004,Schedule payment,2026-01-06T14:27:51.805584,Payment System,System,system,24728.42,EUR,IT,V9128,medium,PO547655,,completed,False,
CASE-00004,INV-000004,Send remittance notice,2026-01-06T14:33:51.805584,Payment System,System,system,24728.42,EUR,IT,V9128,medium,PO547655,,completed,False,
CASE-00004,INV-000004,Invoice paid,2026-01-06T14:39:51.805584,Payment System,System,system,24728.42,EUR,IT,V9128,medium,PO547655,,paid,False,
CASE-00005,INV-000005,Invoice received,2026-01-05T08:34:00,Coupa,System,system,416.91,EUR,IT,V7733,low,PO595683,,completed,False,
CASE-00005,INV-000005,Validate invoice data,2026-01-05T08:58:00,Coupa,AP Clerk,ap21,416.91,EUR,IT,V7733,low,PO595683,,completed,False,
CASE-00005,INV-000005,Check PO exists,2026-01-05T09:16:00,SAP,System,system,416.91,EUR,IT,V7733,low,PO595683,,completed,False,
CASE-00005,INV-000005,Run three-way match,2026-01-05T09:46:00,SAP,System,system,416.91,EUR,IT,V7733,low,PO595683,,completed,False,
CASE-00005,INV-000005,Run duplicate invoice check,2026-01-05T09:58:00,SAP,System,system,416.91,EUR,IT,V7733,low,PO595683,,completed,False,
CASE-00005,INV-000005,Check vendor risk,2026-01-05T10:10:00,Vendor Master Data,System,system,416.91,EUR,IT,V7733,low,PO595683,,completed,False,
CASE-00005,INV-000005,Check approval threshold,2026-01-05T10:16:00,SAP,System,system,416.91,EUR,IT,V7733,low,PO595683,,completed,False,
CASE-00005,INV-000005,Auto approve for payment scheduling,2026-01-05T10:22:00,SAP,System,system,416.91,EUR,IT,V7733,low,PO595683,,completed,False,
CASE-00005,INV-000005,Schedule payment,2026-01-05T17:22:30.969817,Payment System,System,system,416.91,EUR,IT,V7733,low,PO595683,,completed,False,
CASE-00005,INV-000005,Send remittance notice,2026-01-05T17:28:30.969817,Payment System,System,system,416.91,EUR,IT,V7733,low,PO595683,,completed,False,
CASE-00005,INV-000005,Invoice paid,2026-01-05T17:34:30.969817,Payment System,System,system,416.91,EUR,IT,V7733,low,PO595683,,paid,False,
CASE-00006,INV-000006,Invoice received,2026-01-05T08:41:00,Coupa,System,system,6332.32,EUR,IT,V1772,low,PO995756,,completed,False,
CASE-00006,INV-000006,Validate invoice data,2026-01-05T09:05:00,Coupa,AP Clerk,ap03,6332.32,EUR,IT,V1772,low,PO995756,,completed,False,
CASE-00006,INV-000006,Check PO exists,2026-01-05T09:23:00,SAP,System,system,6332.32,EUR,IT,V1772,low,PO995756,,completed,False,
CASE-00006,INV-000006,Run three-way match,2026-01-05T09:53:00,SAP,System,system,6332.32,EUR,IT,V1772,low,PO995756,,completed,False,
CASE-00006,INV-000006,Run duplicate invoice check,2026-01-05T10:05:00,SAP,System,system,6332.32,EUR,IT,V1772,low,PO995756,,completed,False,
CASE-00006,INV-000006,Check vendor risk,2026-01-05T10:17:00,Vendor Master Data,System,system,6332.32,EUR,IT,V1772,low,PO995756,,completed,False,
CASE-00006,INV-000006,Check approval threshold,2026-01-05T10:23:00,SAP,System,system,6332.32,EUR,IT,V1772,low,PO995756,,completed,False,
CASE-00006,INV-000006,Auto approve for payment scheduling,2026-01-05T10:29:00,SAP,System,system,6332.32,EUR,IT,V1772,low,PO995756,,completed,False,
CASE-00006,INV-000006,Schedule payment,2026-01-05T17:36:34.394203,Payment System,System,system,6332.32,EUR,IT,V1772,low,PO995756,,completed,False,
CASE-00006,INV-000006,Send remittance notice,2026-01-05T17:42:34.394203,Payment System,System,system,6332.32,EUR,IT,V1772,low,PO995756,,completed,False,
CASE-00006,INV-000006,Invoice paid,2026-01-05T17:48:34.394203,Payment System,System,system,6332.32,EUR,IT,V1772,low,PO995756,,paid,False,
CASE-00007,INV-000007,Invoice received,2026-01-05T08:48:00,Coupa,System,system,2453.82,EUR,DE,V1314,low,PO170817,,completed,False,
CASE-00007,INV-000007,Validate invoice data,2026-01-05T09:12:00,Coupa,AP Clerk,ap15,2453.82,EUR,DE,V1314,low,PO170817,,completed,False,
CASE-00007,INV-000007,Check PO exists,2026-01-05T09:30:00,SAP,System,system,2453.82,EUR,DE,V1314,low,PO170817,,completed,False,
CASE-00007,INV-000007,Run three-way match,2026-01-05T10:00:00,SAP,System,system,2453.82,EUR,DE,V1314,low,PO170817,,completed,False,
CASE-00007,INV-000007,Run duplicate invoice check,2026-01-05T10:12:00,SAP,System,system,2453.82,EUR,DE,V1314,low,PO170817,,completed,False,
CASE-00007,INV-000007,Check vendor risk,2026-01-05T10:24:00,Vendor Master Data,System,system,2453.82,EUR,DE,V1314,low,PO170817,,completed,False,
CASE-00007,INV-000007,Check approval threshold,2026-01-05T10:30:00,SAP,System,system,2453.82,EUR,DE,V1314,low,PO170817,,completed,False,
CASE-00007,INV-000007,Auto approve for payment scheduling,2026-01-05T10:36:00,SAP,System,system,2453.82,EUR,DE,V1314,low,PO170817,,completed,False,
CASE-00007,INV-000007,Schedule payment,2026-01-05T21:43:42.565720,Payment System,System,system,2453.82,EUR,DE,V1314,low,PO170817,,completed,False,
CASE-00007,INV-000007,Send remittance notice,2026-01-05T21:49:42.565720,Payment System,System,system,2453.82,EUR,DE,V1314,low,PO170817,,completed,False,
CASE-00007,INV-000007,Invoice paid,2026-01-05T21:55:42.565720,Payment System,System,system,2453.82,EUR,DE,V1314,low,PO170817,,paid,False,
CASE-00008,INV-000008,Invoice received,2026-01-05T08:55:00,Coupa,System,system,2448.3,EUR,NL,V2839,low,PO791135,,completed,False,
CASE-00008,INV-000008,Validate invoice data,2026-01-05T09:19:00,Coupa,AP Clerk,ap03,2448.3,EUR,NL,V2839,low,PO791135,,completed,False,
CASE-00008,INV-000008,Check PO exists,2026-01-05T09:37:00,SAP,System,system,2448.3,EUR,NL,V2839,low,PO791135,,completed,False,
CASE-00008,INV-000008,Run three-way match,2026-01-05T10:07:00,SAP,System,system,2448.3,EUR,NL,V2839,low,PO791135,,completed,False,
CASE-00008,INV-000008,Classify exception,2026-01-05T10:19:00,ServiceNow,AP Clerk,ap03,2448.3,EUR,NL,V2839,low,PO791135,price_mismatch,completed,False,
CASE-00008,INV-000008,Create price mismatch ticket,2026-01-05T10:31:00,ServiceNow,System,system,2448.3,EUR,NL,V2839,low,PO791135,price_mismatch,completed,False,
CASE-00008,INV-000008,AP review price mismatch,2026-01-07T20:38:38.000319,ServiceNow,AP Clerk,ap03,2448.3,EUR,NL,V2839,low,PO791135,price_mismatch,completed,False,
CASE-00008,INV-000008,Correction for price mismatch,2026-01-08T04:13:17.300407,SAP,Procurement Specialist,ap03,2448.3,EUR,NL,V2839,low,PO791135,price_mismatch,completed,False,
CASE-00008,INV-000008,Ticket Reopened,2026-01-08T14:20:02.656048,ServiceNow,AP Clerk,ap03,2448.3,EUR,NL,V2839,low,PO791135,price_mismatch,completed,True,Ticket Reopened
CASE-00008,INV-000008,AP review price mismatch,2026-01-09T07:35:59.604237,ServiceNow,AP Clerk,ap03,2448.3,EUR,NL,V2839,low,PO791135,price_mismatch,completed,False,
CASE-00008,INV-000008,Run three-way match,2026-01-09T07:59:59.604237,SAP,System,system,2448.3,EUR,NL,V2839,low,PO791135,price_mismatch,completed,False,
CASE-00008,INV-000008,Run duplicate invoice check,2026-01-09T08:11:59.604237,SAP,System,system,2448.3,EUR,NL,V2839,low,PO791135,,completed,False,
CASE-00008,INV-000008,Check vendor risk,2026-01-09T08:23:59.604237,Vendor Master Data,System,system,2448.3,EUR,NL,V2839,low,PO791135,,completed,False,
CASE-00008,INV-000008,Check approval threshold,2026-01-09T08:29:59.604237,SAP,System,system,2448.3,EUR,NL,V2839,low,PO791135,,completed,False,
CASE-00008,INV-000008,Auto approve for payment scheduling,2026-01-09T08:35:59.604237,SAP,System,system,2448.3,EUR,NL,V2839,low,PO791135,,completed,False,
CASE-00008,INV-000008,Schedule payment,2026-01-09T18:15:37.238118,Payment System,System,system,2448.3,EUR,NL,V2839,low,PO791135,,completed,False,
CASE-00008,INV-000008,Send remittance notice,2026-01-09T18:21:37.238118,Payment System,System,system,2448.3,EUR,NL,V2839,low,PO791135,,completed,False,
CASE-00008,INV-000008,Invoice paid,2026-01-09T18:27:37.238118,Payment System,System,system,2448.3,EUR,NL,V2839,low,PO791135,,paid,False,
CASE-00009,INV-000009,Invoice received,2026-01-05T09:02:00,Coupa,System,system,7872.18,EUR,NL,V9094,low,PO523785,,completed,False,
CASE-00009,INV-000009,Validate invoice data,2026-01-05T09:26:00,Coupa,AP Clerk,ap14,7872.18,EUR,NL,V9094,low,PO523785,,completed,False,
CASE-00009,INV-000009,Check PO exists,2026-01-05T09:44:00,SAP,System,system,7872.18,EUR,NL,V9094,low,PO523785,,completed,False,
CASE-00009,INV-000009,Create missing PO exception,2026-01-05T09:56:00,ServiceNow,System,system,7872.18,EUR,NL,V9094,low,PO523785,missing_po,completed,False,
CASE-00009,INV-000009,AP review missing PO,2026-01-10T00:53:53.067685,ServiceNow,AP Clerk,ap14,7872.18,EUR,NL,V9094,low,PO523785,missing_po,completed,False,
CASE-00009,INV-000009,Procurement correction,2026-01-10T21:56:22.783705,SAP,Procurement Specialist,ap14,7872.18,EUR,NL,V9094,low,PO523785,missing_po,completed,False,
CASE-00009,INV-000009,Check PO exists,2026-01-10T22:08:22.783705,SAP,System,system,7872.18,EUR,NL,V9094,low,PO523785,missing_po,completed,False,
CASE-00009,INV-000009,Run three-way match,2026-01-10T22:38:22.783705,SAP,System,system,7872.18,EUR,NL,V9094,low,PO523785,,completed,False,
CASE-00009,INV-000009,Run duplicate invoice check,2026-01-10T22:50:22.783705,SAP,System,system,7872.18,EUR,NL,V9094,low,PO523785,,completed,False,
CASE-00009,INV-000009,Check vendor risk,2026-01-10T23:02:22.783705,Vendor Master Data,System,system,7872.18,EUR,NL,V9094,low,PO523785,,completed,False,
CASE-00009,INV-000009,Check approval threshold,2026-01-10T23:08:22.783705,SAP,System,system,7872.18,EUR,NL,V9094,low,PO523785,,completed,False,
CASE-00009,INV-000009,Auto approve for payment scheduling,2026-01-10T23:14:22.783705,SAP,System,system,7872.18,EUR,NL,V9094,low,PO523785,,completed,False,
CASE-00009,INV-000009,Schedule payment,2026-01-11T04:24:09.268132,Payment System,System,system,7872.18,EUR,NL,V9094,low,PO523785,,completed,False,
CASE-00009,INV-000009,Send remittance notice,2026-01-11T04:30:09.268132,Payment System,System,system,7872.18,EUR,NL,V9094,low,PO523785,,completed,False,
CASE-00009,INV-000009,Invoice paid,2026-01-11T04:36:09.268132,Payment System,System,system,7872.18,EUR,NL,V9094,low,PO523785,,paid,False,
CASE-00010,INV-000010,Invoice received,2026-01-05T09:09:00,Coupa,System,system,20896.77,EUR,ES,V3064,high,PO946655,,completed,False,
CASE-00010,INV-000010,Validate invoice data,2026-01-05T09:33:00,Coupa,AP Clerk,ap04,20896.77,EUR,ES,V3064,high,PO946655,,completed,False,
CASE-00010,INV-000010,Check PO exists,2026-01-05T09:51:00,SAP,System,system,20896.77,EUR,ES,V3064,high,PO946655,,completed,False,
CASE-00010,INV-000010,Create missing PO exception,2026-01-05T10:03:00,ServiceNow,System,system,20896.77,EUR,ES,V3064,high,PO946655,missing_po,completed,False,
CASE-00010,INV-000010,AP review missing PO,2026-01-06T16:36:18.555637,ServiceNow,AP Clerk,ap04,20896.77,EUR,ES,V3064,high,PO946655,missing_po,completed,False,
CASE-00010,INV-000010,Procurement correction,2026-01-07T04:51:46.730312,SAP,Procurement Specialist,ap04,20896.77,EUR,ES,V3064,high,PO946655,missing_po,completed,False,
CASE-00010,INV-000010,Check PO exists,2026-01-07T05:03:46.730312,SAP,System,system,20896.77,EUR,ES,V3064,high,PO946655,missing_po,completed,False,
CASE-00010,INV-000010,Run three-way match,2026-01-07T05:33:46.730312,SAP,System,system,20896.77,EUR,ES,V3064,high,PO946655,,completed,False,
CASE-00010,INV-000010,Run duplicate invoice check,2026-01-07T05:45:46.730312,SAP,System,system,20896.77,EUR,ES,V3064,high,PO946655,,completed,False,
CASE-00010,INV-000010,Check vendor risk,2026-01-07T05:57:46.730312,Vendor Master Data,System,system,20896.77,EUR,ES,V3064,high,PO946655,,completed,False,
CASE-00010,INV-000010,Compliance review,2026-01-09T06:04:33.036457,Vendor Master Data,Compliance Officer,ap04,20896.77,EUR,ES,V3064,high,PO946655,,completed,False,
CASE-00010,INV-000010,Check approval threshold,2026-01-09T06:10:33.036457,SAP,System,system,20896.77,EUR,ES,V3064,high,PO946655,,completed,False,
CASE-00010,INV-000010,Finance manager approval,2026-01-11T00:24:53.316817,SAP,Finance Manager,ap04,20896.77,EUR,ES,V3064,high,PO946655,,completed,False,
CASE-00010,INV-000010,Schedule payment,2026-01-11T06:24:59.943439,Payment System,System,system,20896.77,EUR,ES,V3064,high,PO946655,,completed,False,
CASE-00010,INV-000010,Send remittance notice,2026-01-11T06:30:59.943439,Payment System,System,system,20896.77,EUR,ES,V3064,high,PO946655,,completed,False,
CASE-00010,INV-000010,Invoice paid,2026-01-11T06:36:59.943439,Payment System,System,system,20896.77,EUR,ES,V3064,high,PO946655,,paid,False,
CASE-00011,INV-000011,Invoice received,2026-01-05T09:16:00,Coupa,System,system,19679.94,EUR,ES,V4679,low,PO701348,,completed,False,
CASE-00011,INV-000011,Validate invoice data,2026-01-05T09:40:00,Coupa,AP Clerk,ap22,19679.94,EUR,ES,V4679,low,PO701348,,completed,False,
CASE-00011,INV-000011,Check PO exists,2026-01-05T09:58:00,SAP,System,system,19679.94,EUR,ES,V4679,low,PO701348,,completed,False,
CASE-00011,INV-000011,Run three-way match,2026-01-05T10:28:00,SAP,System,system,19679.94,EUR,ES,V4679,low,PO701348,,completed,False,
CASE-00011,INV-000011,Run duplicate invoice check,2026-01-05T10:40:00,SAP,System,system,19679.94,EUR,ES,V4679,low,PO701348,,completed,False,
CASE-00011,INV-000011,Check vendor risk,2026-01-05T10:52:00,Vendor Master Data,System,system,19679.94,EUR,ES,V4679,low,PO701348,,completed,False,
CASE-00011,INV-000011,Check approval threshold,2026-01-05T10:58:00,SAP,System,system,19679.94,EUR,ES,V4679,low,PO701348,,completed,False,
CASE-00011,INV-000011,Finance manager approval,2026-01-05T20:01:18.095583,SAP,Finance Manager,ap22,19679.94,EUR,ES,V4679,low,PO701348,,completed,False,
CASE-00011,INV-000011,Schedule payment,2026-01-06T02:14:01.003959,Payment System,System,system,19679.94,EUR,ES,V4679,low,PO701348,,completed,False,
CASE-00011,INV-000011,Send remittance notice,2026-01-06T02:20:01.003959,Payment System,System,system,19679.94,EUR,ES,V4679,low,PO701348,,completed,False,
CASE-00011,INV-000011,Invoice paid,2026-01-06T02:26:01.003959,Payment System,System,system,19679.94,EUR,ES,V4679,low,PO701348,,paid,False,
CASE-00012,INV-000012,Invoice received,2026-01-05T09:23:00,Coupa,System,system,9652.76,EUR,ES,V2644,low,PO942651,,completed,False,
CASE-00012,INV-000012,Validate invoice data,2026-01-05T09:47:00,Coupa,AP Clerk,ap06,9652.76,EUR,ES,V2644,low,PO942651,,completed,False,
CASE-00012,INV-000012,Check PO exists,2026-01-05T10:05:00,SAP,System,system,9652.76,EUR,ES,V2644,low,PO942651,,completed,False,
CASE-00012,INV-000012,Run three-way match,2026-01-05T10:35:00,SAP,System,system,9652.76,EUR,ES,V2644,low,PO942651,,completed,False,
CASE-00012,INV-000012,Run duplicate invoice check,2026-01-05T10:47:00,SAP,System,system,9652.76,EUR,ES,V2644,low,PO942651,,completed,False,
CASE-00012,INV-000012,Check vendor risk,2026-01-05T10:59:00,Vendor Master Data,System,system,9652.76,EUR,ES,V2644,low,PO942651,,completed,False,
CASE-00012,INV-000012,Check approval threshold,2026-01-05T11:05:00,SAP,System,system,9652.76,EUR,ES,V2644,low,PO942651,,completed,False,
CASE-00012,INV-000012,Auto approve for payment scheduling,2026-01-05T11:11:00,SAP,System,system,9652.76,EUR,ES,V2644,low,PO942651,,completed,False,
CASE-00012,INV-000012,Schedule payment,2026-01-05T19:08:24.924785,Payment System,System,system,9652.76,EUR,ES,V2644,low,PO942651,,completed,False,
CASE-00012,INV-000012,Send remittance notice,2026-01-05T19:14:24.924785,Payment System,System,system,9652.76,EUR,ES,V2644,low,PO942651,,completed,False,
CASE-00012,INV-000012,Invoice paid,2026-01-05T19:20:24.924785,Payment System,System,system,9652.76,EUR,ES,V2644,low,PO942651,,paid,False,
CASE-00013,INV-000013,Invoice received,2026-01-05T09:30:00,Coupa,System,system,4142.55,EUR,ES,V9308,high,PO306622,,completed,False,
CASE-00013,INV-000013,Validate invoice data,2026-01-05T09:54:00,Coupa,AP Clerk,ap01,4142.55,EUR,ES,V9308,high,PO306622,,completed,False,
CASE-00013,INV-000013,Check PO exists,2026-01-05T10:12:00,SAP,System,system,4142.55,EUR,ES,V9308,high,PO306622,,completed,False,
CASE-00013,INV-000013,Run three-way match,2026-01-05T10:42:00,SAP,System,system,4142.55,EUR,ES,V9308,high,PO306622,,completed,False,
CASE-00013,INV-000013,Classify exception,2026-01-05T10:54:00,ServiceNow,AP Clerk,ap01,4142.55,EUR,ES,V9308,high,PO306622,quantity_mismatch,completed,False,
CASE-00013,INV-000013,Create quantity mismatch ticket,2026-01-05T11:06:00,ServiceNow,System,system,4142.55,EUR,ES,V9308,high,PO306622,quantity_mismatch,completed,False,
CASE-00013,INV-000013,AP review quantity mismatch,2026-01-09T17:18:15.517226,ServiceNow,AP Clerk,ap01,4142.55,EUR,ES,V9308,high,PO306622,quantity_mismatch,completed,False,
CASE-00013,INV-000013,Correction for quantity mismatch,2026-01-10T16:19:52.090975,SAP,Procurement Specialist,ap01,4142.55,EUR,ES,V9308,high,PO306622,quantity_mismatch,completed,False,
CASE-00013,INV-000013,Run three-way match,2026-01-10T16:43:52.090975,SAP,System,system,4142.55,EUR,ES,V9308,high,PO306622,quantity_mismatch,completed,False,
CASE-00013,INV-000013,Run duplicate invoice check,2026-01-10T16:55:52.090975,SAP,System,system,4142.55,EUR,ES,V9308,high,PO306622,,completed,False,
CASE-00013,INV-000013,Check vendor risk,2026-01-10T17:07:52.090975,Vendor Master Data,System,system,4142.55,EUR,ES,V9308,high,PO306622,,completed,False,
CASE-00013,INV-000013,Compliance review,2026-01-11T14:58:12.139704,Vendor Master Data,Compliance Officer,ap01,4142.55,EUR,ES,V9308,high,PO306622,,completed,False,
CASE-00013,INV-000013,Check approval threshold,2026-01-11T15:04:12.139704,SAP,System,system,4142.55,EUR,ES,V9308,high,PO306622,,completed,False,
CASE-00013,INV-000013,Auto approve for payment scheduling,2026-01-11T15:10:12.139704,SAP,System,system,4142.55,EUR,ES,V9308,high,PO306622,,completed,False,
CASE-00013,INV-000013,Schedule payment,2026-01-11T19:28:34.226634,Payment System,System,system,4142.55,EUR,ES,V9308,high,PO306622,,completed,False,
CASE-00013,INV-000013,Send remittance notice,2026-01-11T19:34:34.226634,Payment System,System,system,4142.55,EUR,ES,V9308,high,PO306622,,completed,False,
CASE-00013,INV-000013,Invoice paid,2026-01-11T19:40:34.226634,Payment System,System,system,4142.55,EUR,ES,V9308,high,PO306622,,paid,False,
CASE-00014,INV-000014,Invoice received,2026-01-05T09:37:00,Coupa,System,system,994.53,EUR,DE,V4677,low,PO252871,,completed,False,
CASE-00014,INV-000014,Validate invoice data,2026-01-05T10:01:00,Coupa,AP Clerk,ap04,994.53,EUR,DE,V4677,low,PO252871,,completed,False,
CASE-00014,INV-000014,Check PO exists,2026-01-05T10:19:00,SAP,System,system,994.53,EUR,DE,V4677,low,PO252871,,completed,False,
CASE-00014,INV-000014,Run three-way match,2026-01-05T10:49:00,SAP,System,system,994.53,EUR,DE,V4677,low,PO252871,,completed,False,
CASE-00014,INV-000014,Run duplicate invoice check,2026-01-05T11:01:00,SAP,System,system,994.53,EUR,DE,V4677,low,PO252871,,completed,False,
CASE-00014,INV-000014,Check vendor risk,2026-01-05T11:13:00,Vendor Master Data,System,system,994.53,EUR,DE,V4677,low,PO252871,,completed,False,
CASE-00014,INV-000014,Check approval threshold,2026-01-05T11:19:00,SAP,System,system,994.53,EUR,DE,V4677,low,PO252871,,completed,False,
CASE-00014,INV-000014,Auto approve for payment scheduling,2026-01-05T11:25:00,SAP,System,system,994.53,EUR,DE,V4677,low,PO252871,,completed,False,
CASE-00014,INV-000014,Schedule payment,2026-01-05T18:31:12.248258,Payment System,System,system,994.53,EUR,DE,V4677,low,PO252871,,completed,False,
CASE-00014,INV-000014,Send remittance notice,2026-01-05T18:37:12.248258,Payment System,System,system,994.53,EUR,DE,V4677,low,PO252871,,completed,False,
CASE-00014,INV-000014,Invoice paid,2026-01-05T18:43:12.248258,Payment System,System,system,994.53,EUR,DE,V4677,low,PO252871,,paid,False,
CASE-00015,INV-000015,Invoice received,2026-01-05T09:44:00,Coupa,System,system,1668.59,EUR,ES,V7653,high,PO754381,,completed,False,
CASE-00015,INV-000015,Validate invoice data,2026-01-05T10:08:00,Coupa,AP Clerk,ap01,1668.59,EUR,ES,V7653,high,PO754381,,completed,False,
CASE-00015,INV-000015,Check PO exists,2026-01-05T10:26:00,SAP,System,system,1668.59,EUR,ES,V7653,high,PO754381,,completed,False,
CASE-00015,INV-000015,Run three-way match,2026-01-05T10:56:00,SAP,System,system,1668.59,EUR,ES,V7653,high,PO754381,,completed,False,
CASE-00015,INV-000015,Classify exception,2026-01-05T11:08:00,ServiceNow,AP Clerk,ap01,1668.59,EUR,ES,V7653,high,PO754381,price_mismatch,completed,False,
CASE-00015,INV-000015,Create price mismatch ticket,2026-01-05T11:20:00,ServiceNow,System,system,1668.59,EUR,ES,V7653,high,PO754381,price_mismatch,completed,False,
CASE-00015,INV-000015,AP review price mismatch,2026-01-08T07:02:53.399631,ServiceNow,AP Clerk,ap01,1668.59,EUR,ES,V7653,high,PO754381,price_mismatch,completed,False,
CASE-00015,INV-000015,Correction for price mismatch,2026-01-09T05:51:32.640012,SAP,Procurement Specialist,ap01,1668.59,EUR,ES,V7653,high,PO754381,price_mismatch,completed,False,
CASE-00015,INV-000015,Run three-way match,2026-01-09T06:15:32.640012,SAP,System,system,1668.59,EUR,ES,V7653,high,PO754381,price_mismatch,completed,False,
CASE-00015,INV-000015,Run duplicate invoice check,2026-01-09T06:27:32.640012,SAP,System,system,1668.59,EUR,ES,V7653,high,PO754381,,completed,False,
CASE-00015,INV-000015,Check vendor risk,2026-01-09T06:39:32.640012,Vendor Master Data,System,system,1668.59,EUR,ES,V7653,high,PO754381,,completed,False,
CASE-00015,INV-000015,Compliance review,2026-01-11T22:03:42.958147,Vendor Master Data,Compliance Officer,ap01,1668.59,EUR,ES,V7653,high,PO754381,,completed,False,
CASE-00015,INV-000015,Check approval threshold,2026-01-11T22:09:42.958147,SAP,System,system,1668.59,EUR,ES,V7653,high,PO754381,,completed,False,
CASE-00015,INV-000015,Auto approve for payment scheduling,2026-01-11T22:15:42.958147,SAP,System,system,1668.59,EUR,ES,V7653,high,PO754381,,completed,False,
CASE-00015,INV-000015,Schedule payment,2026-01-12T06:29:54.472791,Payment System,System,system,1668.59,EUR,ES,V7653,high,PO754381,,completed,False,
CASE-00015,INV-000015,Send remittance notice,2026-01-12T06:35:54.472791,Payment System,System,system,1668.59,EUR,ES,V7653,high,PO754381,,completed,False,
CASE-00015,INV-000015,Invoice paid,2026-01-12T06:41:54.472791,Payment System,System,system,1668.59,EUR,ES,V7653,high,PO754381,,paid,False,
CASE-00016,INV-000016,Invoice received,2026-01-05T09:51:00,Coupa,System,system,3245.67,EUR,NL,V3552,medium,PO659395,,completed,False,
CASE-00016,INV-000016,Validate invoice data,2026-01-05T10:15:00,Coupa,AP Clerk,ap01,3245.67,EUR,NL,V3552,medium,PO659395,,completed,False,
CASE-00016,INV-000016,Check PO exists,2026-01-05T10:33:00,SAP,System,system,3245.67,EUR,NL,V3552,medium,PO659395,,completed,False,
CASE-00016,INV-000016,Run three-way match,2026-01-05T11:03:00,SAP,System,system,3245.67,EUR,NL,V3552,medium,PO659395,,completed,False,
CASE-00016,INV-000016,Run duplicate invoice check,2026-01-05T11:15:00,SAP,System,system,3245.67,EUR,NL,V3552,medium,PO659395,,completed,False,
CASE-00016,INV-000016,Check vendor risk,2026-01-05T11:27:00,Vendor Master Data,System,system,3245.67,EUR,NL,V3552,medium,PO659395,,completed,False,
CASE-00016,INV-000016,Check approval threshold,2026-01-05T11:33:00,SAP,System,system,3245.67,EUR,NL,V3552,medium,PO659395,,completed,False,
CASE-00016,INV-000016,Auto approve for payment scheduling,2026-01-05T11:39:00,SAP,System,system,3245.67,EUR,NL,V3552,medium,PO659395,,completed,False,
CASE-00016,INV-000016,Schedule payment,2026-01-05T20:29:26.913509,Payment System,System,system,3245.67,EUR,NL,V3552,medium,PO659395,,completed,False,
CASE-00016,INV-000016,Send remittance notice,2026-01-05T20:35:26.913509,Payment System,System,system,3245.67,EUR,NL,V3552,medium,PO659395,,completed,False,
CASE-00016,INV-000016,Invoice paid,2026-01-05T20:41:26.913509,Payment System,System,system,3245.67,EUR,NL,V3552,medium,PO659395,,paid,False,
CASE-00017,INV-000017,Invoice received,2026-01-05T09:58:00,Coupa,System,system,13325.34,EUR,DE,V9677,low,PO328011,,completed,False,
CASE-00017,INV-000017,Validate invoice data,2026-01-05T10:22:00,Coupa,AP Clerk,ap13,13325.34,EUR,DE,V9677,low,PO328011,,completed,False,
CASE-00017,INV-000017,Check PO exists,2026-01-05T10:40:00,SAP,System,system,13325.34,EUR,DE,V9677,low,PO328011,,completed,False,
CASE-00017,INV-000017,Run three-way match,2026-01-05T11:10:00,SAP,System,system,13325.34,EUR,DE,V9677,low,PO328011,,completed,False,
CASE-00017,INV-000017,Classify exception,2026-01-05T11:22:00,ServiceNow,AP Clerk,ap13,13325.34,EUR,DE,V9677,low,PO328011,missing_gr,completed,False,
CASE-00017,INV-000017,Request goods receipt confirmation,2026-01-05T23:41:50.125326,SAP,Procurement Specialist,ap13,13325.34,EUR,DE,V9677,low,PO328011,missing_gr,completed,False,
CASE-00017,INV-000017,Run three-way match,2026-01-06T00:05:50.125326,SAP,System,system,13325.34,EUR,DE,V9677,low,PO328011,missing_gr,completed,False,
CASE-00017,INV-000017,Run duplicate invoice check,2026-01-06T00:17:50.125326,SAP,System,system,13325.34,EUR,DE,V9677,low,PO328011,,completed,False,
CASE-00017,INV-000017,Check vendor risk,2026-01-06T00:29:50.125326,Vendor Master Data,System,system,13325.34,EUR,DE,V9677,low,PO328011,,completed,False,
CASE-00017,INV-000017,Check approval threshold,2026-01-06T00:35:50.125326,SAP,System,system,13325.34,EUR,DE,V9677,low,PO328011,,completed,False,
CASE-00017,INV-000017,Finance manager approval,2026-01-06T09:19:04.286622,SAP,Finance Manager,ap13,13325.34,EUR,DE,V9677,low,PO328011,,completed,False,
CASE-00017,INV-000017,Schedule payment,2026-01-06T20:30:18.219264,Payment System,System,system,13325.34,EUR,DE,V9677,low,PO328011,,completed,False,
CASE-00017,INV-000017,Send remittance notice,2026-01-06T20:36:18.219264,Payment System,System,system,13325.34,EUR,DE,V9677,low,PO328011,,completed,False,
CASE-00017,INV-000017,Invoice paid,2026-01-06T20:42:18.219264,Payment System,System,system,13325.34,EUR,DE,V9677,low,PO328011,,paid,False,
CASE-00018,INV-000018,Invoice received,2026-01-05T10:05:00,Coupa,System,system,16562.01,EUR,ES,V9950,medium,PO766648,,completed,False,
CASE-00018,INV-000018,Validate invoice data,2026-01-05T10:29:00,Coupa,AP Clerk,ap14,16562.01,EUR,ES,V9950,medium,PO766648,,completed,False,
CASE-00018,INV-000018,Check PO exists,2026-01-05T10:47:00,SAP,System,system,16562.01,EUR,ES,V9950,medium,PO766648,,completed,False,
CASE-00018,INV-000018,Run three-way match,2026-01-05T11:17:00,SAP,System,system,16562.01,EUR,ES,V9950,medium,PO766648,,completed,False,
CASE-00018,INV-000018,Classify exception,2026-01-05T11:29:00,ServiceNow,AP Clerk,ap14,16562.01,EUR,ES,V9950,medium,PO766648,missing_gr,completed,False,
CASE-00018,INV-000018,Request goods receipt confirmation,2026-01-06T18:50:49.759968,SAP,Procurement Specialist,ap14,16562.01,EUR,ES,V9950,medium,PO766648,missing_gr,completed,False,
CASE-00018,INV-000018,Run three-way match,2026-01-06T19:14:49.759968,SAP,System,system,16562.01,EUR,ES,V9950,medium,PO766648,missing_gr,completed,False,
CASE-00018,INV-000018,Run duplicate invoice check,2026-01-06T19:26:49.759968,SAP,System,system,16562.01,EUR,ES,V9950,medium,PO766648,,completed,False,
CASE-00018,INV-000018,Check vendor risk,2026-01-06T19:38:49.759968,Vendor Master Data,System,system,16562.01,EUR,ES,V9950,medium,PO766648,,completed,False,
CASE-00018,INV-000018,Check approval threshold,2026-01-06T19:44:49.759968,SAP,System,system,16562.01,EUR,ES,V9950,medium,PO766648,,completed,False,
CASE-00018,INV-000018,Finance manager approval,2026-01-07T19:44:49.184602,SAP,Finance Manager,ap14,16562.01,EUR,ES,V9950,medium,PO766648,,completed,False,
CASE-00018,INV-000018,Schedule payment,2026-01-08T02:24:04.853988,Payment System,System,system,16562.01,EUR,ES,V9950,medium,PO766648,,completed,False,
CASE-00018,INV-000018,Send remittance notice,2026-01-08T02:30:04.853988,Payment System,System,system,16562.01,EUR,ES,V9950,medium,PO766648,,completed,False,
CASE-00018,INV-000018,Invoice paid,2026-01-08T02:36:04.853988,Payment System,System,system,16562.01,EUR,ES,V9950,medium,PO766648,,paid,False,
CASE-00019,INV-000019,Invoice received,2026-01-05T10:12:00,Coupa,System,system,8510.35,EUR,NL,V9525,low,PO470321,,completed,False,
CASE-00019,INV-000019,Validate invoice data,2026-01-05T10:36:00,Coupa,AP Clerk,ap01,8510.35,EUR,NL,V9525,low,PO470321,,completed,False,
CASE-00019,INV-000019,Check PO exists,2026-01-05T10:54:00,SAP,System,system,8510.35,EUR,NL,V9525,low,PO470321,,completed,False,
CASE-00019,INV-000019,Run three-way match,2026-01-05T11:24:00,SAP,System,system,8510.35,EUR,NL,V9525,low,PO470321,,completed,False,
CASE-00019,INV-000019,Run duplicate invoice check,2026-01-05T11:36:00,SAP,System,system,8510.35,EUR,NL,V9525,low,PO470321,,completed,False,
CASE-00019,INV-000019,Check vendor risk,2026-01-05T11:48:00,Vendor Master Data,System,system,8510.35,EUR,NL,V9525,low,PO470321,,completed,False,
CASE-00019,INV-000019,Check approval threshold,2026-01-05T11:54:00,SAP,System,system,8510.35,EUR,NL,V9525,low,PO470321,,completed,False,
CASE-00019,INV-000019,Auto approve for payment scheduling,2026-01-05T12:00:00,SAP,System,system,8510.35,EUR,NL,V9525,low,PO470321,,completed,False,
CASE-00019,INV-000019,Schedule payment,2026-01-05T19:25:28.433920,Payment System,System,system,8510.35,EUR,NL,V9525,low,PO470321,,completed,False,
CASE-00019,INV-000019,Send remittance notice,2026-01-05T19:31:28.433920,Payment System,System,system,8510.35,EUR,NL,V9525,low,PO470321,,completed,False,
CASE-00019,INV-000019,Invoice paid,2026-01-05T19:37:28.433920,Payment System,System,system,8510.35,EUR,NL,V9525,low,PO470321,,paid,False,
CASE-00020,INV-000020,Invoice received,2026-01-05T10:19:00,Coupa,System,system,13294.7,EUR,ES,V8418,low,PO396336,,completed,False,
CASE-00020,INV-000020,Validate invoice data,2026-01-05T10:43:00,Coupa,AP Clerk,ap15,13294.7,EUR,ES,V8418,low,PO396336,,completed,False,
CASE-00020,INV-000020,Check PO exists,2026-01-05T11:01:00,SAP,System,system,13294.7,EUR,ES,V8418,low,PO396336,,completed,False,
CASE-00020,INV-000020,Run three-way match,2026-01-05T11:31:00,SAP,System,system,13294.7,EUR,ES,V8418,low,PO396336,,completed,False,
CASE-00020,INV-000020,Run duplicate invoice check,2026-01-05T11:43:00,SAP,System,system,13294.7,EUR,ES,V8418,low,PO396336,,completed,False,
CASE-00020,INV-000020,Check vendor risk,2026-01-05T11:55:00,Vendor Master Data,System,system,13294.7,EUR,ES,V8418,low,PO396336,,completed,False,
CASE-00020,INV-000020,Check approval threshold,2026-01-05T12:01:00,SAP,System,system,13294.7,EUR,ES,V8418,low,PO396336,,completed,False,
CASE-00020,INV-000020,Finance manager approval,2026-01-07T11:04:30.940752,SAP,Finance Manager,ap15,13294.7,EUR,ES,V8418,low,PO396336,,completed,False,
CASE-00020,INV-000020,Schedule payment,2026-01-07T21:12:13.287064,Payment System,System,system,13294.7,EUR,ES,V8418,low,PO396336,,completed,False,
CASE-00020,INV-000020,Send remittance notice,2026-01-07T21:18:13.287064,Payment System,System,system,13294.7,EUR,ES,V8418,low,PO396336,,completed,False,
CASE-00020,INV-000020,Invoice paid,2026-01-07T21:24:13.287064,Payment System,System,system,13294.7,EUR,ES,V8418,low,PO396336,,paid,False,
CASE-00021,INV-000021,Invoice received,2026-01-05T10:26:00,Coupa,System,system,11640.9,EUR,ES,V5562,medium,PO492399,,completed,False,
CASE-00021,INV-000021,Validate invoice data,2026-01-05T10:50:00,Coupa,AP Clerk,ap19,11640.9,EUR,ES,V5562,medium,PO492399,,completed,False,
CASE-00021,INV-000021,Check PO exists,2026-01-05T11:08:00,SAP,System,system,11640.9,EUR,ES,V5562,medium,PO492399,,completed,False,
CASE-00021,INV-000021,Run three-way match,2026-01-05T11:38:00,SAP,System,system,11640.9,EUR,ES,V5562,medium,PO492399,,completed,False,
CASE-00021,INV-000021,Run duplicate invoice check,2026-01-05T11:50:00,SAP,System,system,11640.9,EUR,ES,V5562,medium,PO492399,,completed,False,
CASE-00021,INV-000021,Check vendor risk,2026-01-05T12:02:00,Vendor Master Data,System,system,11640.9,EUR,ES,V5562,medium,PO492399,,completed,False,
CASE-00021,INV-000021,Check approval threshold,2026-01-05T12:08:00,SAP,System,system,11640.9,EUR,ES,V5562,medium,PO492399,,completed,False,
CASE-00021,INV-000021,Finance manager approval,2026-01-06T07:28:37.791480,SAP,Finance Manager,ap19,11640.9,EUR,ES,V5562,medium,PO492399,,completed,False,
CASE-00021,INV-000021,Schedule payment,2026-01-06T16:32:56.418602,Payment System,System,system,11640.9,EUR,ES,V5562,medium,PO492399,,completed,False,
CASE-00021,INV-000021,Send remittance notice,2026-01-06T16:38:56.418602,Payment System,System,system,11640.9,EUR,ES,V5562,medium,PO492399,,completed,False,
CASE-00021,INV-000021,Invoice paid,2026-01-06T16:44:56.418602,Payment System,System,system,11640.9,EUR,ES,V5562,medium,PO492399,,paid,False,
CASE-00022,INV-000022,Invoice received,2026-01-05T10:33:00,Coupa,System,system,16720.05,EUR,ES,V9863,low,PO603383,,completed,False,
CASE-00022,INV-000022,Validate invoice data,2026-01-05T10:57:00,Coupa,AP Clerk,ap06,16720.05,EUR,ES,V9863,low,PO603383,,completed,False,
CASE-00022,INV-000022,Check PO exists,2026-01-05T11:15:00,SAP,System,system,16720.05,EUR,ES,V9863,low,PO603383,,completed,False,
CASE-00022,INV-000022,Run three-way match,2026-01-05T11:45:00,SAP,System,system,16720.05,EUR,ES,V9863,low,PO603383,,completed,False,
CASE-00022,INV-000022,Classify exception,2026-01-05T11:57:00,ServiceNow,AP Clerk,ap06,16720.05,EUR,ES,V9863,low,PO603383,quantity_mismatch,completed,False,
CASE-00022,INV-000022,Create quantity mismatch ticket,2026-01-05T12:09:00,ServiceNow,System,system,16720.05,EUR,ES,V9863,low,PO603383,quantity_mismatch,completed,False,
CASE-00022,INV-000022,AP review quantity mismatch,2026-01-06T20:32:24.299901,ServiceNow,AP Clerk,ap06,16720.05,EUR,ES,V9863,low,PO603383,quantity_mismatch,completed,False,
CASE-00022,INV-000022,Correction for quantity mismatch,2026-01-07T07:21:38.502839,SAP,Procurement Specialist,ap06,16720.05,EUR,ES,V9863,low,PO603383,quantity_mismatch,completed,False,
CASE-00022,INV-000022,Run three-way match,2026-01-07T07:45:38.502839,SAP,System,system,16720.05,EUR,ES,V9863,low,PO603383,quantity_mismatch,completed,False,
CASE-00022,INV-000022,Run duplicate invoice check,2026-01-07T07:57:38.502839,SAP,System,system,16720.05,EUR,ES,V9863,low,PO603383,,completed,False,
CASE-00022,INV-000022,Check vendor risk,2026-01-07T08:09:38.502839,Vendor Master Data,System,system,16720.05,EUR,ES,V9863,low,PO603383,,completed,False,
CASE-00022,INV-000022,Check approval threshold,2026-01-07T08:15:38.502839,SAP,System,system,16720.05,EUR,ES,V9863,low,PO603383,,completed,False,
CASE-00022,INV-000022,Finance manager approval,2026-01-07T15:21:27.191725,SAP,Finance Manager,ap06,16720.05,EUR,ES,V9863,low,PO603383,,completed,False,
CASE-00022,INV-000022,Schedule payment,2026-01-07T22:18:21.752328,Payment System,System,system,16720.05,EUR,ES,V9863,low,PO603383,,completed,False,
CASE-00022,INV-000022,Send remittance notice,2026-01-07T22:24:21.752328,Payment System,System,system,16720.05,EUR,ES,V9863,low,PO603383,,completed,False,
CASE-00022,INV-000022,Invoice paid,2026-01-07T22:30:21.752328,Payment System,System,system,16720.05,EUR,ES,V9863,low,PO603383,,paid,False,
CASE-00023,INV-000023,Invoice received,2026-01-05T10:40:00,Coupa,System,system,9337.46,EUR,DE,V1217,low,PO559402,,completed,False,
CASE-00023,INV-000023,Validate invoice data,2026-01-05T11:04:00,Coupa,AP Clerk,ap03,9337.46,EUR,DE,V1217,low,PO559402,,completed,False,
CASE-00023,INV-000023,Check PO exists,2026-01-05T11:22:00,SAP,System,system,9337.46,EUR,DE,V1217,low,PO559402,,completed,False,
CASE-00023,INV-000023,Run three-way match,2026-01-05T11:52:00,SAP,System,system,9337.46,EUR,DE,V1217,low,PO559402,,completed,False,
CASE-00023,INV-000023,Run duplicate invoice check,2026-01-05T12:04:00,SAP,System,system,9337.46,EUR,DE,V1217,low,PO559402,,completed,False,
CASE-00023,INV-000023,Check vendor risk,2026-01-05T12:16:00,Vendor Master Data,System,system,9337.46,EUR,DE,V1217,low,PO559402,,completed,False,
CASE-00023,INV-000023,Check approval threshold,2026-01-05T12:22:00,SAP,System,system,9337.46,EUR,DE,V1217,low,PO559402,,completed,False,
CASE-00023,INV-000023,Auto approve for payment scheduling,2026-01-05T12:28:00,SAP,System,system,9337.46,EUR,DE,V1217,low,PO559402,,completed,False,
CASE-00023,INV-000023,Schedule payment,2026-01-05T21:56:31.563367,Payment System,System,system,9337.46,EUR,DE,V1217,low,PO559402,,completed,False,
CASE-00023,INV-000023,Send remittance notice,2026-01-05T22:02:31.563367,Payment System,System,system,9337.46,EUR,DE,V1217,low,PO559402,,completed,False,
CASE-00023,INV-000023,Invoice paid,2026-01-05T22:08:31.563367,Payment System,System,system,9337.46,EUR,DE,V1217,low,PO559402,,paid,False,
CASE-00024,INV-000024,Invoice received,2026-01-05T10:47:00,Coupa,System,system,4323.88,EUR,NL,V4769,medium,PO397367,,completed,False,
CASE-00024,INV-000024,Validate invoice data,2026-01-05T11:11:00,Coupa,AP Clerk,ap01,4323.88,EUR,NL,V4769,medium,PO397367,,completed,False,
CASE-00024,INV-000024,Manual Email Review,2026-01-06T01:38:10.548570,Email and Excel,AP Clerk,ap01,4323.88,EUR,NL,V4769,medium,PO397367,,completed,True,Manual Email Review
CASE-00024,INV-000024,Check PO exists,2026-01-06T01:56:10.548570,SAP,System,system,4323.88,EUR,NL,V4769,medium,PO397367,,completed,False,
CASE-00024,INV-000024,Run three-way match,2026-01-06T02:26:10.548570,SAP,System,system,4323.88,EUR,NL,V4769,medium,PO397367,,completed,False,
CASE-00024,INV-000024,Run duplicate invoice check,2026-01-06T02:38:10.548570,SAP,System,system,4323.88,EUR,NL,V4769,medium,PO397367,,completed,False,
CASE-00024,INV-000024,Check vendor risk,2026-01-06T02:50:10.548570,Vendor Master Data,System,system,4323.88,EUR,NL,V4769,medium,PO397367,,completed,False,
CASE-00024,INV-000024,Check approval threshold,2026-01-06T02:56:10.548570,SAP,System,system,4323.88,EUR,NL,V4769,medium,PO397367,,completed,False,
CASE-00024,INV-000024,Auto approve for payment scheduling,2026-01-06T03:02:10.548570,SAP,System,system,4323.88,EUR,NL,V4769,medium,PO397367,,completed,False,
CASE-00024,INV-000024,Schedule payment,2026-01-06T14:25:06.804646,Payment System,System,system,4323.88,EUR,NL,V4769,medium,PO397367,,completed,False,
CASE-00024,INV-000024,Send remittance notice,2026-01-06T14:31:06.804646,Payment System,System,system,4323.88,EUR,NL,V4769,medium,PO397367,,completed,False,
CASE-00024,INV-000024,Invoice paid,2026-01-06T14:37:06.804646,Payment System,System,system,4323.88,EUR,NL,V4769,medium,PO397367,,paid,False,
CASE-00025,INV-000025,Invoice received,2026-01-05T10:54:00,Coupa,System,system,17854.91,EUR,ES,V5267,medium,PO844013,,completed,False,
CASE-00025,INV-000025,Validate invoice data,2026-01-05T11:18:00,Coupa,AP Clerk,ap22,17854.91,EUR,ES,V5267,medium,PO844013,,completed,False,
CASE-00025,INV-000025,Check PO exists,2026-01-05T11:36:00,SAP,System,system,17854.91,EUR,ES,V5267,medium,PO844013,,completed,False,
CASE-00025,INV-000025,Run three-way match,2026-01-05T12:06:00,SAP,System,system,17854.91,EUR,ES,V5267,medium,PO844013,,completed,False,
CASE-00025,INV-000025,Run duplicate invoice check,2026-01-05T12:18:00,SAP,System,system,17854.91,EUR,ES,V5267,medium,PO844013,,completed,False,
CASE-00025,INV-000025,Check vendor risk,2026-01-05T12:30:00,Vendor Master Data,System,system,17854.91,EUR,ES,V5267,medium,PO844013,,completed,False,
CASE-00025,INV-000025,Check approval threshold,2026-01-05T12:36:00,SAP,System,system,17854.91,EUR,ES,V5267,medium,PO844013,,completed,False,
CASE-00025,INV-000025,Finance manager approval,2026-01-06T09:41:31.713027,SAP,Finance Manager,ap22,17854.91,EUR,ES,V5267,medium,PO844013,,completed,False,
CASE-00025,INV-000025,Schedule payment,2026-01-06T18:40:24.387963,Payment System,System,system,17854.91,EUR,ES,V5267,medium,PO844013,,completed,False,
CASE-00025,INV-000025,Send remittance notice,2026-01-06T18:46:24.387963,Payment System,System,system,17854.91,EUR,ES,V5267,medium,PO844013,,completed,False,
CASE-00025,INV-000025,Invoice paid,2026-01-06T18:52:24.387963,Payment System,System,system,17854.91,EUR,ES,V5267,medium,PO844013,,paid,False,
CASE-00026,INV-000026,Invoice received,2026-01-05T11:01:00,Coupa,System,system,19311.02,EUR,FR,V6758,low,PO909463,,completed,False,
CASE-00026,INV-000026,Validate invoice data,2026-01-05T11:25:00,Coupa,AP Clerk,ap22,19311.02,EUR,FR,V6758,low,PO909463,,completed,False,
CASE-00026,INV-000026,Check PO exists,2026-01-05T11:43:00,SAP,System,system,19311.02,EUR,FR,V6758,low,PO909463,,completed,False,
CASE-00026,INV-000026,Run three-way match,2026-01-05T12:13:00,SAP,System,system,19311.02,EUR,FR,V6758,low,PO909463,,completed,False,
CASE-00026,INV-000026,Classify exception,2026-01-05T12:25:00,ServiceNow,AP Clerk,ap22,19311.02,EUR,FR,V6758,low,PO909463,quantity_mismatch,completed,False,
CASE-00026,INV-000026,Create quantity mismatch ticket,2026-01-05T12:37:00,ServiceNow,System,system,19311.02,EUR,FR,V6758,low,PO909463,quantity_mismatch,completed,False,
CASE-00026,INV-000026,AP review quantity mismatch,2026-01-07T09:56:00.126184,ServiceNow,AP Clerk,ap22,19311.02,EUR,FR,V6758,low,PO909463,quantity_mismatch,completed,False,
CASE-00026,INV-000026,Correction for quantity mismatch,2026-01-08T05:29:19.985593,SAP,Procurement Specialist,ap22,19311.02,EUR,FR,V6758,low,PO909463,quantity_mismatch,completed,False,
CASE-00026,INV-000026,Run three-way match,2026-01-08T05:53:19.985593,SAP,System,system,19311.02,EUR,FR,V6758,low,PO909463,quantity_mismatch,completed,False,
CASE-00026,INV-000026,Run duplicate invoice check,2026-01-08T06:05:19.985593,SAP,System,system,19311.02,EUR,FR,V6758,low,PO909463,,completed,False,
CASE-00026,INV-000026,Check vendor risk,2026-01-08T06:17:19.985593,Vendor Master Data,System,system,19311.02,EUR,FR,V6758,low,PO909463,,completed,False,
CASE-00026,INV-000026,Check approval threshold,2026-01-08T06:23:19.985593,SAP,System,system,19311.02,EUR,FR,V6758,low,PO909463,,completed,False,
CASE-00026,INV-000026,Finance manager approval,2026-01-09T10:41:40.312497,SAP,Finance Manager,ap22,19311.02,EUR,FR,V6758,low,PO909463,,completed,False,
CASE-00026,INV-000026,Schedule payment,2026-01-09T21:19:45.994634,Payment System,System,system,19311.02,EUR,FR,V6758,low,PO909463,,completed,False,
CASE-00026,INV-000026,Send remittance notice,2026-01-09T21:25:45.994634,Payment System,System,system,19311.02,EUR,FR,V6758,low,PO909463,,completed,False,
CASE-00026,INV-000026,Invoice paid,2026-01-09T21:31:45.994634,Payment System,System,system,19311.02,EUR,FR,V6758,low,PO909463,,paid,False,
CASE-00027,INV-000027,Invoice received,2026-01-05T11:08:00,Coupa,System,system,13762.0,EUR,DE,V7503,low,PO648477,,completed,False,
CASE-00027,INV-000027,Validate invoice data,2026-01-05T11:32:00,Coupa,AP Clerk,ap13,13762.0,EUR,DE,V7503,low,PO648477,,completed,False,
CASE-00027,INV-000027,Check PO exists,2026-01-05T11:50:00,SAP,System,system,13762.0,EUR,DE,V7503,low,PO648477,,completed,False,
CASE-00027,INV-000027,Run three-way match,2026-01-05T12:20:00,SAP,System,system,13762.0,EUR,DE,V7503,low,PO648477,,completed,False,
CASE-00027,INV-000027,Run duplicate invoice check,2026-01-05T12:32:00,SAP,System,system,13762.0,EUR,DE,V7503,low,PO648477,,completed,False,
CASE-00027,INV-000027,Check vendor risk,2026-01-05T12:44:00,Vendor Master Data,System,system,13762.0,EUR,DE,V7503,low,PO648477,,completed,False,
CASE-00027,INV-000027,Check approval threshold,2026-01-05T12:50:00,SAP,System,system,13762.0,EUR,DE,V7503,low,PO648477,,completed,False,
CASE-00027,INV-000027,Finance manager approval,2026-01-05T17:14:14.240622,SAP,Finance Manager,ap13,13762.0,EUR,DE,V7503,low,PO648477,,completed,False,
CASE-00027,INV-000027,Schedule payment,2026-01-05T21:30:42.167349,Payment System,System,system,13762.0,EUR,DE,V7503,low,PO648477,,completed,False,
CASE-00027,INV-000027,Send remittance notice,2026-01-05T21:36:42.167349,Payment System,System,system,13762.0,EUR,DE,V7503,low,PO648477,,completed,False,
CASE-00027,INV-000027,Invoice paid,2026-01-05T21:42:42.167349,Payment System,System,system,13762.0,EUR,DE,V7503,low,PO648477,,paid,False,
CASE-00028,INV-000028,Invoice received,2026-01-05T11:15:00,Coupa,System,system,843.53,EUR,DE,V9829,low,PO942638,,completed,False,
CASE-00028,INV-000028,Validate invoice data,2026-01-05T11:39:00,Coupa,AP Clerk,ap15,843.53,EUR,DE,V9829,low,PO942638,,completed,False,
CASE-00028,INV-000028,Check PO exists,2026-01-05T11:57:00,SAP,System,system,843.53,EUR,DE,V9829,low,PO942638,,completed,False,
CASE-00028,INV-000028,Create missing PO exception,2026-01-05T12:09:00,ServiceNow,System,system,843.53,EUR,DE,V9829,low,PO942638,missing_po,completed,False,
CASE-00028,INV-000028,AP review missing PO,2026-01-10T01:09:20.129129,ServiceNow,AP Clerk,ap15,843.53,EUR,DE,V9829,low,PO942638,missing_po,completed,False,
CASE-00028,INV-000028,Procurement correction,2026-01-11T18:25:51.654908,SAP,Procurement Specialist,ap15,843.53,EUR,DE,V9829,low,PO942638,missing_po,completed,False,
CASE-00028,INV-000028,Check PO exists,2026-01-11T18:37:51.654908,SAP,System,system,843.53,EUR,DE,V9829,low,PO942638,missing_po,completed,False,
CASE-00028,INV-000028,Run three-way match,2026-01-11T19:07:51.654908,SAP,System,system,843.53,EUR,DE,V9829,low,PO942638,,completed,False,
CASE-00028,INV-000028,Run duplicate invoice check,2026-01-11T19:19:51.654908,SAP,System,system,843.53,EUR,DE,V9829,low,PO942638,,completed,False,
CASE-00028,INV-000028,Check vendor risk,2026-01-11T19:31:51.654908,Vendor Master Data,System,system,843.53,EUR,DE,V9829,low,PO942638,,completed,False,
CASE-00028,INV-000028,Check approval threshold,2026-01-11T19:37:51.654908,SAP,System,system,843.53,EUR,DE,V9829,low,PO942638,,completed,False,
CASE-00028,INV-000028,Auto approve for payment scheduling,2026-01-11T19:43:51.654908,SAP,System,system,843.53,EUR,DE,V9829,low,PO942638,,completed,False,
CASE-00028,INV-000028,Schedule payment,2026-01-12T02:39:35.385228,Payment System,System,system,843.53,EUR,DE,V9829,low,PO942638,,completed,False,
CASE-00028,INV-000028,Send remittance notice,2026-01-12T02:45:35.385228,Payment System,System,system,843.53,EUR,DE,V9829,low,PO942638,,completed,False,
CASE-00028,INV-000028,Invoice paid,2026-01-12T02:51:35.385228,Payment System,System,system,843.53,EUR,DE,V9829,low,PO942638,,paid,False,
CASE-00029,INV-000029,Invoice received,2026-01-05T11:22:00,Coupa,System,system,18723.18,EUR,DE,V8962,low,PO554325,,completed,False,
CASE-00029,INV-000029,Validate invoice data,2026-01-05T11:46:00,Coupa,AP Clerk,ap25,18723.18,EUR,DE,V8962,low,PO554325,,completed,False,
CASE-00029,INV-000029,Check PO exists,2026-01-05T12:04:00,SAP,System,system,18723.18,EUR,DE,V8962,low,PO554325,,completed,False,
CASE-00029,INV-000029,Run three-way match,2026-01-05T12:34:00,SAP,System,system,18723.18,EUR,DE,V8962,low,PO554325,,completed,False,
CASE-00029,INV-000029,Run duplicate invoice check,2026-01-05T12:46:00,SAP,System,system,18723.18,EUR,DE,V8962,low,PO554325,,completed,False,
CASE-00029,INV-000029,Check vendor risk,2026-01-05T12:58:00,Vendor Master Data,System,system,18723.18,EUR,DE,V8962,low,PO554325,,completed,False,
CASE-00029,INV-000029,Check approval threshold,2026-01-05T13:04:00,SAP,System,system,18723.18,EUR,DE,V8962,low,PO554325,,completed,False,
CASE-00029,INV-000029,Finance manager approval,2026-01-06T10:09:55.046149,SAP,Finance Manager,ap25,18723.18,EUR,DE,V8962,low,PO554325,,completed,False,
CASE-00029,INV-000029,Schedule payment,2026-01-06T17:18:22.919199,Payment System,System,system,18723.18,EUR,DE,V8962,low,PO554325,,completed,False,
CASE-00029,INV-000029,Send remittance notice,2026-01-06T17:24:22.919199,Payment System,System,system,18723.18,EUR,DE,V8962,low,PO554325,,completed,False,
CASE-00029,INV-000029,Invoice paid,2026-01-06T17:30:22.919199,Payment System,System,system,18723.18,EUR,DE,V8962,low,PO554325,,paid,False,
CASE-00030,INV-000030,Invoice received,2026-01-05T11:29:00,Coupa,System,system,3167.47,EUR,DE,V5650,low,PO791433,,completed,False,
CASE-00030,INV-000030,Validate invoice data,2026-01-05T11:53:00,Coupa,AP Clerk,ap14,3167.47,EUR,DE,V5650,low,PO791433,,completed,False,
CASE-00030,INV-000030,Check PO exists,2026-01-05T12:11:00,SAP,System,system,3167.47,EUR,DE,V5650,low,PO791433,,completed,False,
CASE-00030,INV-000030,Create missing PO exception,2026-01-05T12:23:00,ServiceNow,System,system,3167.47,EUR,DE,V5650,low,PO791433,missing_po,completed,False,
CASE-00030,INV-000030,AP review missing PO,2026-01-10T04:22:26.287460,ServiceNow,AP Clerk,ap14,3167.47,EUR,DE,V5650,low,PO791433,missing_po,completed,False,
CASE-00030,INV-000030,Procurement correction,2026-01-10T20:00:34.413207,SAP,Procurement Specialist,ap14,3167.47,EUR,DE,V5650,low,PO791433,missing_po,completed,False,
CASE-00030,INV-000030,Check PO exists,2026-01-10T20:12:34.413207,SAP,System,system,3167.47,EUR,DE,V5650,low,PO791433,missing_po,completed,False,
CASE-00030,INV-000030,Run three-way match,2026-01-10T20:42:34.413207,SAP,System,system,3167.47,EUR,DE,V5650,low,PO791433,,completed,False,
CASE-00030,INV-000030,Run duplicate invoice check,2026-01-10T20:54:34.413207,SAP,System,system,3167.47,EUR,DE,V5650,low,PO791433,,completed,False,
CASE-00030,INV-000030,Check vendor risk,2026-01-10T21:06:34.413207,Vendor Master Data,System,system,3167.47,EUR,DE,V5650,low,PO791433,,completed,False,
CASE-00030,INV-000030,Check approval threshold,2026-01-10T21:12:34.413207,SAP,System,system,3167.47,EUR,DE,V5650,low,PO791433,,completed,False,
CASE-00030,INV-000030,Auto approve for payment scheduling,2026-01-10T21:18:34.413207,SAP,System,system,3167.47,EUR,DE,V5650,low,PO791433,,completed,False,
CASE-00030,INV-000030,Schedule payment,2026-01-11T06:24:37.500506,Payment System,System,system,3167.47,EUR,DE,V5650,low,PO791433,,completed,False,
CASE-00030,INV-000030,Send remittance notice,2026-01-11T06:30:37.500506,Payment System,System,system,3167.47,EUR,DE,V5650,low,PO791433,,completed,False,
CASE-00030,INV-000030,Invoice paid,2026-01-11T06:36:37.500506,Payment System,System,system,3167.47,EUR,DE,V5650,low,PO791433,,paid,False,
CASE-00031,INV-000031,Invoice received,2026-01-05T11:36:00,Coupa,System,system,23354.88,EUR,FR,V1814,high,PO968487,,completed,False,
CASE-00031,INV-000031,Validate invoice data,2026-01-05T12:00:00,Coupa,AP Clerk,ap20,23354.88,EUR,FR,V1814,high,PO968487,,completed,False,
CASE-00031,INV-000031,Check PO exists,2026-01-05T12:18:00,SAP,System,system,23354.88,EUR,FR,V1814,high,PO968487,,completed,False,
CASE-00031,INV-000031,Run three-way match,2026-01-05T12:48:00,SAP,System,system,23354.88,EUR,FR,V1814,high,PO968487,,completed,False,
CASE-00031,INV-000031,Run duplicate invoice check,2026-01-05T13:00:00,SAP,System,system,23354.88,EUR,FR,V1814,high,PO968487,,completed,False,
CASE-00031,INV-000031,Check vendor risk,2026-01-05T13:12:00,Vendor Master Data,System,system,23354.88,EUR,FR,V1814,high,PO968487,,completed,False,
CASE-00031,INV-000031,Compliance review,2026-01-07T22:48:59.286283,Vendor Master Data,Compliance Officer,ap20,23354.88,EUR,FR,V1814,high,PO968487,,completed,False,
CASE-00031,INV-000031,Check approval threshold,2026-01-07T22:54:59.286283,SAP,System,system,23354.88,EUR,FR,V1814,high,PO968487,,completed,False,
CASE-00031,INV-000031,Finance manager approval,2026-01-08T21:21:45.150346,SAP,Finance Manager,ap20,23354.88,EUR,FR,V1814,high,PO968487,,completed,False,
CASE-00031,INV-000031,Schedule payment,2026-01-09T04:19:32.712196,Payment System,System,system,23354.88,EUR,FR,V1814,high,PO968487,,completed,False,
CASE-00031,INV-000031,Send remittance notice,2026-01-09T04:25:32.712196,Payment System,System,system,23354.88,EUR,FR,V1814,high,PO968487,,completed,False,
CASE-00031,INV-000031,Invoice paid,2026-01-09T04:31:32.712196,Payment System,System,system,23354.88,EUR,FR,V1814,high,PO968487,,paid,False,
CASE-00032,INV-000032,Invoice received,2026-01-05T11:43:00,Coupa,System,system,8256.83,EUR,IT,V7451,low,PO559236,,completed,False,
CASE-00032,INV-000032,Validate invoice data,2026-01-05T12:07:00,Coupa,AP Clerk,ap11,8256.83,EUR,IT,V7451,low,PO559236,,completed,False,
CASE-00032,INV-000032,Check PO exists,2026-01-05T12:25:00,SAP,System,system,8256.83,EUR,IT,V7451,low,PO559236,,completed,False,
CASE-00032,INV-000032,Run three-way match,2026-01-05T12:55:00,SAP,System,system,8256.83,EUR,IT,V7451,low,PO559236,,completed,False,
CASE-00032,INV-000032,Classify exception,2026-01-05T13:07:00,ServiceNow,AP Clerk,ap11,8256.83,EUR,IT,V7451,low,PO559236,price_mismatch,completed,False,
CASE-00032,INV-000032,Create price mismatch ticket,2026-01-05T13:19:00,ServiceNow,System,system,8256.83,EUR,IT,V7451,low,PO559236,price_mismatch,completed,False,
CASE-00032,INV-000032,AP review price mismatch,2026-01-10T10:46:52.041974,ServiceNow,AP Clerk,ap11,8256.83,EUR,IT,V7451,low,PO559236,price_mismatch,completed,False,
CASE-00032,INV-000032,Correction for price mismatch,2026-01-11T00:29:18.405472,SAP,Procurement Specialist,ap11,8256.83,EUR,IT,V7451,low,PO559236,price_mismatch,completed,False,
CASE-00032,INV-000032,Ticket Reopened,2026-01-12T04:07:05.208696,ServiceNow,AP Clerk,ap11,8256.83,EUR,IT,V7451,low,PO559236,price_mismatch,completed,True,Ticket Reopened
CASE-00032,INV-000032,AP review price mismatch,2026-01-13T01:04:39.643496,ServiceNow,AP Clerk,ap11,8256.83,EUR,IT,V7451,low,PO559236,price_mismatch,completed,False,
CASE-00032,INV-000032,Run three-way match,2026-01-13T01:28:39.643496,SAP,System,system,8256.83,EUR,IT,V7451,low,PO559236,price_mismatch,completed,False,
CASE-00032,INV-000032,Run duplicate invoice check,2026-01-13T01:40:39.643496,SAP,System,system,8256.83,EUR,IT,V7451,low,PO559236,,completed,False,
CASE-00032,INV-000032,Check vendor risk,2026-01-13T01:52:39.643496,Vendor Master Data,System,system,8256.83,EUR,IT,V7451,low,PO559236,,completed,False,
CASE-00032,INV-000032,Check approval threshold,2026-01-13T01:58:39.643496,SAP,System,system,8256.83,EUR,IT,V7451,low,PO559236,,completed,False,
CASE-00032,INV-000032,Auto approve for payment scheduling,2026-01-13T02:04:39.643496,SAP,System,system,8256.83,EUR,IT,V7451,low,PO559236,,completed,False,
CASE-00032,INV-000032,Schedule payment,2026-01-13T10:12:56.654069,Payment System,System,system,8256.83,EUR,IT,V7451,low,PO559236,,completed,False,
CASE-00032,INV-000032,Send remittance notice,2026-01-13T10:18:56.654069,Payment System,System,system,8256.83,EUR,IT,V7451,low,PO559236,,completed,False,
CASE-00032,INV-000032,Invoice paid,2026-01-13T10:24:56.654069,Payment System,System,system,8256.83,EUR,IT,V7451,low,PO559236,,paid,False,
CASE-00033,INV-000033,Invoice received,2026-01-05T11:50:00,Coupa,System,system,23978.0,EUR,FR,V2935,low,PO866559,,completed,False,
CASE-00033,INV-000033,Validate invoice data,2026-01-05T12:14:00,Coupa,AP Clerk,ap04,23978.0,EUR,FR,V2935,low,PO866559,,completed,False,
CASE-00033,INV-000033,Check PO exists,2026-01-05T12:32:00,SAP,System,system,23978.0,EUR,FR,V2935,low,PO866559,,completed,False,
CASE-00033,INV-000033,Run three-way match,2026-01-05T13:02:00,SAP,System,system,23978.0,EUR,FR,V2935,low,PO866559,,completed,False,
CASE-00033,INV-000033,Classify exception,2026-01-05T13:14:00,ServiceNow,AP Clerk,ap04,23978.0,EUR,FR,V2935,low,PO866559,missing_gr,completed,False,
CASE-00033,INV-000033,Request goods receipt confirmation,2026-01-06T15:37:42.807140,SAP,Procurement Specialist,ap04,23978.0,EUR,FR,V2935,low,PO866559,missing_gr,completed,False,
CASE-00033,INV-000033,Run three-way match,2026-01-06T16:01:42.807140,SAP,System,system,23978.0,EUR,FR,V2935,low,PO866559,missing_gr,completed,False,
CASE-00033,INV-000033,Run duplicate invoice check,2026-01-06T16:13:42.807140,SAP,System,system,23978.0,EUR,FR,V2935,low,PO866559,,completed,False,
CASE-00033,INV-000033,Check vendor risk,2026-01-06T16:25:42.807140,Vendor Master Data,System,system,23978.0,EUR,FR,V2935,low,PO866559,,completed,False,
CASE-00033,INV-000033,Check approval threshold,2026-01-06T16:31:42.807140,SAP,System,system,23978.0,EUR,FR,V2935,low,PO866559,,completed,False,
CASE-00033,INV-000033,Finance manager approval,2026-01-08T04:35:32.530271,SAP,Finance Manager,ap04,23978.0,EUR,FR,V2935,low,PO866559,,completed,False,
CASE-00033,INV-000033,Schedule payment,2026-01-08T11:01:39.588966,Payment System,System,system,23978.0,EUR,FR,V2935,low,PO866559,,completed,False,
CASE-00033,INV-000033,Send remittance notice,2026-01-08T11:07:39.588966,Payment System,System,system,23978.0,EUR,FR,V2935,low,PO866559,,completed,False,
CASE-00033,INV-000033,Invoice paid,2026-01-08T11:13:39.588966,Payment System,System,system,23978.0,EUR,FR,V2935,low,PO866559,,paid,False,
CASE-00034,INV-000034,Invoice received,2026-01-05T11:57:00,Coupa,System,system,19551.63,EUR,NL,V5422,low,PO657675,,completed,False,
CASE-00034,INV-000034,Validate invoice data,2026-01-05T12:21:00,Coupa,AP Clerk,ap12,19551.63,EUR,NL,V5422,low,PO657675,,completed,False,
CASE-00034,INV-000034,Check PO exists,2026-01-05T12:39:00,SAP,System,system,19551.63,EUR,NL,V5422,low,PO657675,,completed,False,
CASE-00034,INV-000034,Run three-way match,2026-01-05T13:09:00,SAP,System,system,19551.63,EUR,NL,V5422,low,PO657675,,completed,False,
CASE-00034,INV-000034,Run duplicate invoice check,2026-01-05T13:21:00,SAP,System,system,19551.63,EUR,NL,V5422,low,PO657675,,completed,False,
CASE-00034,INV-000034,Check vendor risk,2026-01-05T13:33:00,Vendor Master Data,System,system,19551.63,EUR,NL,V5422,low,PO657675,,completed,False,
CASE-00034,INV-000034,Check approval threshold,2026-01-05T13:39:00,SAP,System,system,19551.63,EUR,NL,V5422,low,PO657675,,completed,False,
CASE-00034,INV-000034,Finance manager approval,2026-01-07T10:17:17.536914,SAP,Finance Manager,ap12,19551.63,EUR,NL,V5422,low,PO657675,,completed,False,
CASE-00034,INV-000034,Schedule payment,2026-01-07T21:29:54.955031,Payment System,System,system,19551.63,EUR,NL,V5422,low,PO657675,,completed,False,
CASE-00034,INV-000034,Send remittance notice,2026-01-07T21:35:54.955031,Payment System,System,system,19551.63,EUR,NL,V5422,low,PO657675,,completed,False,
CASE-00034,INV-000034,Invoice paid,2026-01-07T21:41:54.955031,Payment System,System,system,19551.63,EUR,NL,V5422,low,PO657675,,paid,False,
CASE-00035,INV-000035,Invoice received,2026-01-05T12:04:00,Coupa,System,system,12256.96,EUR,NL,V8309,low,PO246314,,completed,False,
CASE-00035,INV-000035,Validate invoice data,2026-01-05T12:28:00,Coupa,AP Clerk,ap10,12256.96,EUR,NL,V8309,low,PO246314,,completed,False,
CASE-00035,INV-000035,Check PO exists,2026-01-05T12:46:00,SAP,System,system,12256.96,EUR,NL,V8309,low,PO246314,,completed,False,
CASE-00035,INV-000035,Run three-way match,2026-01-05T13:16:00,SAP,System,system,12256.96,EUR,NL,V8309,low,PO246314,,completed,False,
CASE-00035,INV-000035,Run duplicate invoice check,2026-01-05T13:28:00,SAP,System,system,12256.96,EUR,NL,V8309,low,PO246314,,completed,False,
CASE-00035,INV-000035,Check vendor risk,2026-01-05T13:40:00,Vendor Master Data,System,system,12256.96,EUR,NL,V8309,low,PO246314,,completed,False,
CASE-00035,INV-000035,Check approval threshold,2026-01-05T13:46:00,SAP,System,system,12256.96,EUR,NL,V8309,low,PO246314,,completed,False,
CASE-00035,INV-000035,Finance manager approval,2026-01-06T01:50:14.311402,SAP,Finance Manager,ap10,12256.96,EUR,NL,V8309,low,PO246314,,completed,False,
CASE-00035,INV-000035,Schedule payment,2026-01-06T09:01:29.203043,Payment System,System,system,12256.96,EUR,NL,V8309,low,PO246314,,completed,False,
CASE-00035,INV-000035,Send remittance notice,2026-01-06T09:07:29.203043,Payment System,System,system,12256.96,EUR,NL,V8309,low,PO246314,,completed,False,
CASE-00035,INV-000035,Invoice paid,2026-01-06T09:13:29.203043,Payment System,System,system,12256.96,EUR,NL,V8309,low,PO246314,,paid,False,
CASE-00036,INV-000036,Invoice received,2026-01-05T12:11:00,Coupa,System,system,14438.0,EUR,IT,V2013,low,PO705564,,completed,False,
CASE-00036,INV-000036,Validate invoice data,2026-01-05T12:35:00,Coupa,AP Clerk,ap18,14438.0,EUR,IT,V2013,low,PO705564,,completed,False,
CASE-00036,INV-000036,Check PO exists,2026-01-05T12:53:00,SAP,System,system,14438.0,EUR,IT,V2013,low,PO705564,,completed,False,
CASE-00036,INV-000036,Run three-way match,2026-01-05T13:23:00,SAP,System,system,14438.0,EUR,IT,V2013,low,PO705564,,completed,False,
CASE-00036,INV-000036,Classify exception,2026-01-05T13:35:00,ServiceNow,AP Clerk,ap18,14438.0,EUR,IT,V2013,low,PO705564,price_mismatch,completed,False,
CASE-00036,INV-000036,Create price mismatch ticket,2026-01-05T13:47:00,ServiceNow,System,system,14438.0,EUR,IT,V2013,low,PO705564,price_mismatch,completed,False,
CASE-00036,INV-000036,AP review price mismatch,2026-01-07T05:30:14.554241,ServiceNow,AP Clerk,ap18,14438.0,EUR,IT,V2013,low,PO705564,price_mismatch,completed,False,
CASE-00036,INV-000036,Correction for price mismatch,2026-01-07T21:58:03.788636,SAP,Procurement Specialist,ap18,14438.0,EUR,IT,V2013,low,PO705564,price_mismatch,completed,False,
CASE-00036,INV-000036,Run three-way match,2026-01-07T22:22:03.788636,SAP,System,system,14438.0,EUR,IT,V2013,low,PO705564,price_mismatch,completed,False,
CASE-00036,INV-000036,Run duplicate invoice check,2026-01-07T22:34:03.788636,SAP,System,system,14438.0,EUR,IT,V2013,low,PO705564,,completed,False,
CASE-00036,INV-000036,Check vendor risk,2026-01-07T22:46:03.788636,Vendor Master Data,System,system,14438.0,EUR,IT,V2013,low,PO705564,,completed,False,
CASE-00036,INV-000036,Check approval threshold,2026-01-07T22:52:03.788636,SAP,System,system,14438.0,EUR,IT,V2013,low,PO705564,,completed,False,
CASE-00036,INV-000036,Finance manager approval,2026-01-08T23:18:54.537283,SAP,Finance Manager,ap18,14438.0,EUR,IT,V2013,low,PO705564,,completed,False,
CASE-00036,INV-000036,Schedule payment,2026-01-09T11:03:52.772541,Payment System,System,system,14438.0,EUR,IT,V2013,low,PO705564,,completed,False,
CASE-00036,INV-000036,Send remittance notice,2026-01-09T11:09:52.772541,Payment System,System,system,14438.0,EUR,IT,V2013,low,PO705564,,completed,False,
CASE-00036,INV-000036,Invoice paid,2026-01-09T11:15:52.772541,Payment System,System,system,14438.0,EUR,IT,V2013,low,PO705564,,paid,False,
CASE-00037,INV-000037,Invoice received,2026-01-05T12:18:00,Coupa,System,system,24689.17,EUR,DE,V9360,medium,PO491971,,completed,False,
CASE-00037,INV-000037,Validate invoice data,2026-01-05T12:42:00,Coupa,AP Clerk,ap02,24689.17,EUR,DE,V9360,medium,PO491971,,completed,False,
CASE-00037,INV-000037,Check PO exists,2026-01-05T13:00:00,SAP,System,system,24689.17,EUR,DE,V9360,medium,PO491971,,completed,False,
CASE-00037,INV-000037,Run three-way match,2026-01-05T13:30:00,SAP,System,system,24689.17,EUR,DE,V9360,medium,PO491971,,completed,False,
CASE-00037,INV-000037,Run duplicate invoice check,2026-01-05T13:42:00,SAP,System,system,24689.17,EUR,DE,V9360,medium,PO491971,,completed,False,
CASE-00037,INV-000037,Check vendor risk,2026-01-05T13:54:00,Vendor Master Data,System,system,24689.17,EUR,DE,V9360,medium,PO491971,,completed,False,
CASE-00037,INV-000037,Check approval threshold,2026-01-05T14:00:00,SAP,System,system,24689.17,EUR,DE,V9360,medium,PO491971,,completed,False,
CASE-00037,INV-000037,Finance manager approval,2026-01-05T18:12:57.699928,SAP,Finance Manager,ap02,24689.17,EUR,DE,V9360,medium,PO491971,,completed,False,
CASE-00037,INV-000037,Schedule payment,2026-01-05T22:56:32.713370,Payment System,System,system,24689.17,EUR,DE,V9360,medium,PO491971,,completed,False,
CASE-00037,INV-000037,Send remittance notice,2026-01-05T23:02:32.713370,Payment System,System,system,24689.17,EUR,DE,V9360,medium,PO491971,,completed,False,
CASE-00037,INV-000037,Invoice paid,2026-01-05T23:08:32.713370,Payment System,System,system,24689.17,EUR,DE,V9360,medium,PO491971,,paid,False,
CASE-00038,INV-000038,Invoice received,2026-01-05T12:25:00,Coupa,System,system,9482.92,EUR,ES,V8731,low,PO470417,,completed,False,
CASE-00038,INV-000038,Validate invoice data,2026-01-05T12:49:00,Coupa,AP Clerk,ap05,9482.92,EUR,ES,V8731,low,PO470417,,completed,False,
CASE-00038,INV-000038,Check PO exists,2026-01-05T13:07:00,SAP,System,system,9482.92,EUR,ES,V8731,low,PO470417,,completed,False,
CASE-00038,INV-000038,Run three-way match,2026-01-05T13:37:00,SAP,System,system,9482.92,EUR,ES,V8731,low,PO470417,,completed,False,
CASE-00038,INV-000038,Classify exception,2026-01-05T13:49:00,ServiceNow,AP Clerk,ap05,9482.92,EUR,ES,V8731,low,PO470417,quantity_mismatch,completed,False,
CASE-00038,INV-000038,Create quantity mismatch ticket,2026-01-05T14:01:00,ServiceNow,System,system,9482.92,EUR,ES,V8731,low,PO470417,quantity_mismatch,completed,False,
CASE-00038,INV-000038,AP review quantity mismatch,2026-01-08T23:50:52.357319,ServiceNow,AP Clerk,ap05,9482.92,EUR,ES,V8731,low,PO470417,quantity_mismatch,completed,False,
CASE-00038,INV-000038,Correction for quantity mismatch,2026-01-09T14:33:28.257691,SAP,Procurement Specialist,ap05,9482.92,EUR,ES,V8731,low,PO470417,quantity_mismatch,completed,False,
CASE-00038,INV-000038,Run three-way match,2026-01-09T14:57:28.257691,SAP,System,system,9482.92,EUR,ES,V8731,low,PO470417,quantity_mismatch,completed,False,
CASE-00038,INV-000038,Run duplicate invoice check,2026-01-09T15:09:28.257691,SAP,System,system,9482.92,EUR,ES,V8731,low,PO470417,,completed,False,
CASE-00038,INV-000038,Check vendor risk,2026-01-09T15:21:28.257691,Vendor Master Data,System,system,9482.92,EUR,ES,V8731,low,PO470417,,completed,False,
CASE-00038,INV-000038,Check approval threshold,2026-01-09T15:27:28.257691,SAP,System,system,9482.92,EUR,ES,V8731,low,PO470417,,completed,False,
CASE-00038,INV-000038,Auto approve for payment scheduling,2026-01-09T15:33:28.257691,SAP,System,system,9482.92,EUR,ES,V8731,low,PO470417,,completed,False,
CASE-00038,INV-000038,Schedule payment,2026-01-09T20:33:44.231475,Payment System,System,system,9482.92,EUR,ES,V8731,low,PO470417,,completed,False,
CASE-00038,INV-000038,Send remittance notice,2026-01-09T20:39:44.231475,Payment System,System,system,9482.92,EUR,ES,V8731,low,PO470417,,completed,False,
CASE-00038,INV-000038,Invoice paid,2026-01-09T20:45:44.231475,Payment System,System,system,9482.92,EUR,ES,V8731,low,PO470417,,paid,False,
CASE-00039,INV-000039,Invoice received,2026-01-05T12:32:00,Coupa,System,system,7197.23,EUR,DE,V5491,low,PO868604,,completed,False,
CASE-00039,INV-000039,Validate invoice data,2026-01-05T12:56:00,Coupa,AP Clerk,ap09,7197.23,EUR,DE,V5491,low,PO868604,,completed,False,
CASE-00039,INV-000039,Check PO exists,2026-01-05T13:14:00,SAP,System,system,7197.23,EUR,DE,V5491,low,PO868604,,completed,False,
CASE-00039,INV-000039,Run three-way match,2026-01-05T13:44:00,SAP,System,system,7197.23,EUR,DE,V5491,low,PO868604,,completed,False,
CASE-00039,INV-000039,Run duplicate invoice check,2026-01-05T13:56:00,SAP,System,system,7197.23,EUR,DE,V5491,low,PO868604,,completed,False,
CASE-00039,INV-000039,Check vendor risk,2026-01-05T14:08:00,Vendor Master Data,System,system,7197.23,EUR,DE,V5491,low,PO868604,,completed,False,
CASE-00039,INV-000039,Check approval threshold,2026-01-05T14:14:00,SAP,System,system,7197.23,EUR,DE,V5491,low,PO868604,,completed,False,
CASE-00039,INV-000039,Auto approve for payment scheduling,2026-01-05T14:20:00,SAP,System,system,7197.23,EUR,DE,V5491,low,PO868604,,completed,False,
CASE-00039,INV-000039,Schedule payment,2026-01-06T00:05:34.575423,Payment System,System,system,7197.23,EUR,DE,V5491,low,PO868604,,completed,False,
CASE-00039,INV-000039,Send remittance notice,2026-01-06T00:11:34.575423,Payment System,System,system,7197.23,EUR,DE,V5491,low,PO868604,,completed,False,
CASE-00039,INV-000039,Invoice paid,2026-01-06T00:17:34.575423,Payment System,System,system,7197.23,EUR,DE,V5491,low,PO868604,,paid,False,
CASE-00040,INV-000040,Invoice received,2026-01-05T12:39:00,Coupa,System,system,21334.69,EUR,NL,V7902,low,PO184226,,completed,False,
CASE-00040,INV-000040,Validate invoice data,2026-01-05T13:03:00,Coupa,AP Clerk,ap17,21334.69,EUR,NL,V7902,low,PO184226,,completed,False,
CASE-00040,INV-000040,Check PO exists,2026-01-05T13:21:00,SAP,System,system,21334.69,EUR,NL,V7902,low,PO184226,,completed,False,
CASE-00040,INV-000040,Create missing PO exception,2026-01-05T13:33:00,ServiceNow,System,system,21334.69,EUR,NL,V7902,low,PO184226,missing_po,completed,False,
CASE-00040,INV-000040,AP review missing PO,2026-01-06T16:51:37.810935,ServiceNow,AP Clerk,ap17,21334.69,EUR,NL,V7902,low,PO184226,missing_po,completed,False,
CASE-00040,INV-000040,Procurement correction,2026-01-07T00:56:20.873088,SAP,Procurement Specialist,ap17,21334.69,EUR,NL,V7902,low,PO184226,missing_po,completed,False,
CASE-00040,INV-000040,Check PO exists,2026-01-07T01:08:20.873088,SAP,System,system,21334.69,EUR,NL,V7902,low,PO184226,missing_po,completed,False,
CASE-00040,INV-000040,Run three-way match,2026-01-07T01:38:20.873088,SAP,System,system,21334.69,EUR,NL,V7902,low,PO184226,,completed,False,
CASE-00040,INV-000040,Run duplicate invoice check,2026-01-07T01:50:20.873088,SAP,System,system,21334.69,EUR,NL,V7902,low,PO184226,,completed,False,
CASE-00040,INV-000040,Check vendor risk,2026-01-07T02:02:20.873088,Vendor Master Data,System,system,21334.69,EUR,NL,V7902,low,PO184226,,completed,False,
CASE-00040,INV-000040,Check approval threshold,2026-01-07T02:08:20.873088,SAP,System,system,21334.69,EUR,NL,V7902,low,PO184226,,completed,False,
CASE-00040,INV-000040,Finance manager approval,2026-01-07T09:08:16.900379,SAP,Finance Manager,ap17,21334.69,EUR,NL,V7902,low,PO184226,,completed,False,
CASE-00040,INV-000040,Schedule payment,2026-01-07T19:24:23.316639,Payment System,System,system,21334.69,EUR,NL,V7902,low,PO184226,,completed,False,
CASE-00040,INV-000040,Send remittance notice,2026-01-07T19:30:23.316639,Payment System,System,system,21334.69,EUR,NL,V7902,low,PO184226,,completed,False,
CASE-00040,INV-000040,Invoice paid,2026-01-07T19:36:23.316639,Payment System,System,system,21334.69,EUR,NL,V7902,low,PO184226,,paid,False,
CASE-00041,INV-000041,Invoice received,2026-01-05T12:46:00,Coupa,System,system,4620.17,EUR,FR,V1612,high,PO922425,,completed,False,
CASE-00041,INV-000041,Validate invoice data,2026-01-05T13:10:00,Coupa,AP Clerk,ap14,4620.17,EUR,FR,V1612,high,PO922425,,completed,False,
CASE-00041,INV-000041,Check PO exists,2026-01-05T13:28:00,SAP,System,system,4620.17,EUR,FR,V1612,high,PO922425,,completed,False,
CASE-00041,INV-000041,Run three-way match,2026-01-05T13:58:00,SAP,System,system,4620.17,EUR,FR,V1612,high,PO922425,,completed,False,
CASE-00041,INV-000041,Classify exception,2026-01-05T14:10:00,ServiceNow,AP Clerk,ap14,4620.17,EUR,FR,V1612,high,PO922425,quantity_mismatch,completed,False,
CASE-00041,INV-000041,Create quantity mismatch ticket,2026-01-05T14:22:00,ServiceNow,System,system,4620.17,EUR,FR,V1612,high,PO922425,quantity_mismatch,completed,False,
CASE-00041,INV-000041,AP review quantity mismatch,2026-01-08T22:12:35.485389,ServiceNow,AP Clerk,ap14,4620.17,EUR,FR,V1612,high,PO922425,quantity_mismatch,completed,False,
CASE-00041,INV-000041,Correction for quantity mismatch,2026-01-09T10:46:13.966032,SAP,Procurement Specialist,ap14,4620.17,EUR,FR,V1612,high,PO922425,quantity_mismatch,completed,False,
CASE-00041,INV-000041,Run three-way match,2026-01-09T11:10:13.966032,SAP,System,system,4620.17,EUR,FR,V1612,high,PO922425,quantity_mismatch,completed,False,
CASE-00041,INV-000041,Run duplicate invoice check,2026-01-09T11:22:13.966032,SAP,System,system,4620.17,EUR,FR,V1612,high,PO922425,,completed,False,
CASE-00041,INV-000041,Check vendor risk,2026-01-09T11:34:13.966032,Vendor Master Data,System,system,4620.17,EUR,FR,V1612,high,PO922425,,completed,False,
CASE-00041,INV-000041,Compliance review,2026-01-10T19:52:36.899868,Vendor Master Data,Compliance Officer,ap14,4620.17,EUR,FR,V1612,high,PO922425,,completed,False,
CASE-00041,INV-000041,Check approval threshold,2026-01-10T19:58:36.899868,SAP,System,system,4620.17,EUR,FR,V1612,high,PO922425,,completed,False,
CASE-00041,INV-000041,Auto approve for payment scheduling,2026-01-10T20:04:36.899868,SAP,System,system,4620.17,EUR,FR,V1612,high,PO922425,,completed,False,
CASE-00041,INV-000041,Schedule payment,2026-01-11T07:14:48.942401,Payment System,System,system,4620.17,EUR,FR,V1612,high,PO922425,,completed,False,
CASE-00041,INV-000041,Send remittance notice,2026-01-11T07:20:48.942401,Payment System,System,system,4620.17,EUR,FR,V1612,high,PO922425,,completed,False,
CASE-00041,INV-000041,Invoice paid,2026-01-11T07:26:48.942401,Payment System,System,system,4620.17,EUR,FR,V1612,high,PO922425,,paid,False,
CASE-00042,INV-000042,Invoice received,2026-01-05T12:53:00,Coupa,System,system,5418.99,EUR,IT,V9422,low,PO241234,,completed,False,
CASE-00042,INV-000042,Validate invoice data,2026-01-05T13:17:00,Coupa,AP Clerk,ap16,5418.99,EUR,IT,V9422,low,PO241234,,completed,False,
CASE-00042,INV-000042,Check PO exists,2026-01-05T13:35:00,SAP,System,system,5418.99,EUR,IT,V9422,low,PO241234,,completed,False,
CASE-00042,INV-000042,Run three-way match,2026-01-05T14:05:00,SAP,System,system,5418.99,EUR,IT,V9422,low,PO241234,,completed,False,
CASE-00042,INV-000042,Run duplicate invoice check,2026-01-05T14:17:00,SAP,System,system,5418.99,EUR,IT,V9422,low,PO241234,,completed,False,
CASE-00042,INV-000042,Check vendor risk,2026-01-05T14:29:00,Vendor Master Data,System,system,5418.99,EUR,IT,V9422,low,PO241234,,completed,False,
CASE-00042,INV-000042,Check approval threshold,2026-01-05T14:35:00,SAP,System,system,5418.99,EUR,IT,V9422,low,PO241234,,completed,False,
CASE-00042,INV-000042,Auto approve for payment scheduling,2026-01-05T14:41:00,SAP,System,system,5418.99,EUR,IT,V9422,low,PO241234,,completed,False,
CASE-00042,INV-000042,Schedule payment,2026-01-05T21:42:11.528879,Payment System,System,system,5418.99,EUR,IT,V9422,low,PO241234,,completed,False,
CASE-00042,INV-000042,Send remittance notice,2026-01-05T21:48:11.528879,Payment System,System,system,5418.99,EUR,IT,V9422,low,PO241234,,completed,False,
CASE-00042,INV-000042,Invoice paid,2026-01-05T21:54:11.528879,Payment System,System,system,5418.99,EUR,IT,V9422,low,PO241234,,paid,False,
CASE-00043,INV-000043,Invoice received,2026-01-05T13:00:00,Coupa,System,system,9590.2,EUR,IT,V1635,medium,PO315931,,completed,False,
CASE-00043,INV-000043,Validate invoice data,2026-01-05T13:24:00,Coupa,AP Clerk,ap20,9590.2,EUR,IT,V1635,medium,PO315931,,completed,False,
CASE-00043,INV-000043,Manual Email Review,2026-01-06T06:10:19.071777,Email and Excel,AP Clerk,ap20,9590.2,EUR,IT,V1635,medium,PO315931,,completed,True,Manual Email Review
CASE-00043,INV-000043,Check PO exists,2026-01-06T06:28:19.071777,SAP,System,system,9590.2,EUR,IT,V1635,medium,PO315931,,completed,False,
CASE-00043,INV-000043,Run three-way match,2026-01-06T06:58:19.071777,SAP,System,system,9590.2,EUR,IT,V1635,medium,PO315931,,completed,False,
CASE-00043,INV-000043,Run duplicate invoice check,2026-01-06T07:10:19.071777,SAP,System,system,9590.2,EUR,IT,V1635,medium,PO315931,,completed,False,
CASE-00043,INV-000043,Check vendor risk,2026-01-06T07:22:19.071777,Vendor Master Data,System,system,9590.2,EUR,IT,V1635,medium,PO315931,,completed,False,
CASE-00043,INV-000043,Check approval threshold,2026-01-06T07:28:19.071777,SAP,System,system,9590.2,EUR,IT,V1635,medium,PO315931,,completed,False,
CASE-00043,INV-000043,Auto approve for payment scheduling,2026-01-06T07:34:19.071777,SAP,System,system,9590.2,EUR,IT,V1635,medium,PO315931,,completed,False,
CASE-00043,INV-000043,Schedule payment,2026-01-06T18:13:02.630138,Payment System,System,system,9590.2,EUR,IT,V1635,medium,PO315931,,completed,False,
CASE-00043,INV-000043,Send remittance notice,2026-01-06T18:19:02.630138,Payment System,System,system,9590.2,EUR,IT,V1635,medium,PO315931,,completed,False,
CASE-00043,INV-000043,Invoice paid,2026-01-06T18:25:02.630138,Payment System,System,system,9590.2,EUR,IT,V1635,medium,PO315931,,paid,False,
CASE-00044,INV-000044,Invoice received,2026-01-05T13:07:00,Coupa,System,system,8750.09,EUR,IT,V7702,low,PO551608,,completed,False,
CASE-00044,INV-000044,Validate invoice data,2026-01-05T13:31:00,Coupa,AP Clerk,ap19,8750.09,EUR,IT,V7702,low,PO551608,,completed,False,
CASE-00044,INV-000044,Check PO exists,2026-01-05T13:49:00,SAP,System,system,8750.09,EUR,IT,V7702,low,PO551608,,completed,False,
CASE-00044,INV-000044,Run three-way match,2026-01-05T14:19:00,SAP,System,system,8750.09,EUR,IT,V7702,low,PO551608,,completed,False,
CASE-00044,INV-000044,Classify exception,2026-01-05T14:31:00,ServiceNow,AP Clerk,ap19,8750.09,EUR,IT,V7702,low,PO551608,quantity_mismatch,completed,False,
CASE-00044,INV-000044,Create quantity mismatch ticket,2026-01-05T14:43:00,ServiceNow,System,system,8750.09,EUR,IT,V7702,low,PO551608,quantity_mismatch,completed,False,
CASE-00044,INV-000044,AP review quantity mismatch,2026-01-07T07:43:10.445192,ServiceNow,AP Clerk,ap19,8750.09,EUR,IT,V7702,low,PO551608,quantity_mismatch,completed,False,
CASE-00044,INV-000044,Correction for quantity mismatch,2026-01-07T13:15:48.978532,SAP,Procurement Specialist,ap19,8750.09,EUR,IT,V7702,low,PO551608,quantity_mismatch,completed,False,
CASE-00044,INV-000044,Run three-way match,2026-01-07T13:39:48.978532,SAP,System,system,8750.09,EUR,IT,V7702,low,PO551608,quantity_mismatch,completed,False,
CASE-00044,INV-000044,Run duplicate invoice check,2026-01-07T13:51:48.978532,SAP,System,system,8750.09,EUR,IT,V7702,low,PO551608,,completed,False,
CASE-00044,INV-000044,Check vendor risk,2026-01-07T14:03:48.978532,Vendor Master Data,System,system,8750.09,EUR,IT,V7702,low,PO551608,,completed,False,
CASE-00044,INV-000044,Check approval threshold,2026-01-07T14:09:48.978532,SAP,System,system,8750.09,EUR,IT,V7702,low,PO551608,,completed,False,
CASE-00044,INV-000044,Auto approve for payment scheduling,2026-01-07T14:15:48.978532,SAP,System,system,8750.09,EUR,IT,V7702,low,PO551608,,completed,False,
CASE-00044,INV-000044,Schedule payment,2026-01-07T21:41:45.011090,Payment System,System,system,8750.09,EUR,IT,V7702,low,PO551608,,completed,False,
CASE-00044,INV-000044,Send remittance notice,2026-01-07T21:47:45.011090,Payment System,System,system,8750.09,EUR,IT,V7702,low,PO551608,,completed,False,
CASE-00044,INV-000044,Invoice paid,2026-01-07T21:53:45.011090,Payment System,System,system,8750.09,EUR,IT,V7702,low,PO551608,,paid,False,
CASE-00045,INV-000045,Invoice received,2026-01-05T13:14:00,Coupa,System,system,19886.96,EUR,FR,V5460,high,PO559111,,completed,False,
CASE-00045,INV-000045,Validate invoice data,2026-01-05T13:38:00,Coupa,AP Clerk,ap13,19886.96,EUR,FR,V5460,high,PO559111,,completed,False,
CASE-00045,INV-000045,Check PO exists,2026-01-05T13:56:00,SAP,System,system,19886.96,EUR,FR,V5460,high,PO559111,,completed,False,
CASE-00045,INV-000045,Run three-way match,2026-01-05T14:26:00,SAP,System,system,19886.96,EUR,FR,V5460,high,PO559111,,completed,False,
CASE-00045,INV-000045,Run duplicate invoice check,2026-01-05T14:38:00,SAP,System,system,19886.96,EUR,FR,V5460,high,PO559111,,completed,False,
CASE-00045,INV-000045,Check vendor risk,2026-01-05T14:50:00,Vendor Master Data,System,system,19886.96,EUR,FR,V5460,high,PO559111,,completed,False,
CASE-00045,INV-000045,Compliance review,2026-01-08T06:53:58.480712,Vendor Master Data,Compliance Officer,ap13,19886.96,EUR,FR,V5460,high,PO559111,,completed,False,
CASE-00045,INV-000045,Check approval threshold,2026-01-08T06:59:58.480712,SAP,System,system,19886.96,EUR,FR,V5460,high,PO559111,,completed,False,
CASE-00045,INV-000045,Finance manager approval,2026-01-09T23:41:19.439840,SAP,Finance Manager,ap13,19886.96,EUR,FR,V5460,high,PO559111,,completed,False,
CASE-00045,INV-000045,Schedule payment,2026-01-10T08:02:35.196151,Payment System,System,system,19886.96,EUR,FR,V5460,high,PO559111,,completed,False,
CASE-00045,INV-000045,Send remittance notice,2026-01-10T08:08:35.196151,Payment System,System,system,19886.96,EUR,FR,V5460,high,PO559111,,completed,False,
CASE-00045,INV-000045,Invoice paid,2026-01-10T08:14:35.196151,Payment System,System,system,19886.96,EUR,FR,V5460,high,PO559111,,paid,False,
CASE-00046,INV-000046,Invoice received,2026-01-05T13:21:00,Coupa,System,system,22323.29,EUR,FR,V8998,low,PO212111,,completed,False,
CASE-00046,INV-000046,Validate invoice data,2026-01-05T13:45:00,Coupa,AP Clerk,ap19,22323.29,EUR,FR,V8998,low,PO212111,,completed,False,
CASE-00046,INV-000046,Check PO exists,2026-01-05T14:03:00,SAP,System,system,22323.29,EUR,FR,V8998,low,PO212111,,completed,False,
CASE-00046,INV-000046,Run three-way match,2026-01-05T14:33:00,SAP,System,system,22323.29,EUR,FR,V8998,low,PO212111,,completed,False,
CASE-00046,INV-000046,Run duplicate invoice check,2026-01-05T14:45:00,SAP,System,system,22323.29,EUR,FR,V8998,low,PO212111,,completed,False,
CASE-00046,INV-000046,Block invoice,2026-01-05T14:51:00,SAP,System,system,22323.29,EUR,FR,V8998,low,PO212111,duplicate,completed,False,
CASE-00046,INV-000046,Finance controller review,2026-01-07T06:05:44.686717,SAP,Finance Controller,ap19,22323.29,EUR,FR,V8998,low,PO212111,duplicate,completed,False,
CASE-00046,INV-000046,Invoice rejected,2026-01-07T06:11:44.686717,SAP,System,system,22323.29,EUR,FR,V8998,low,PO212111,duplicate,rejected,False,
CASE-00047,INV-000047,Invoice received,2026-01-05T13:28:00,Coupa,System,system,10694.42,EUR,IT,V6519,low,PO238462,,completed,False,
CASE-00047,INV-000047,Validate invoice data,2026-01-05T13:52:00,Coupa,AP Clerk,ap05,10694.42,EUR,IT,V6519,low,PO238462,,completed,False,
CASE-00047,INV-000047,Check PO exists,2026-01-05T14:10:00,SAP,System,system,10694.42,EUR,IT,V6519,low,PO238462,,completed,False,
CASE-00047,INV-000047,Run three-way match,2026-01-05T14:40:00,SAP,System,system,10694.42,EUR,IT,V6519,low,PO238462,,completed,False,
CASE-00047,INV-000047,Classify exception,2026-01-05T14:52:00,ServiceNow,AP Clerk,ap05,10694.42,EUR,IT,V6519,low,PO238462,missing_gr,completed,False,
CASE-00047,INV-000047,Request goods receipt confirmation,2026-01-06T10:54:23.884825,SAP,Procurement Specialist,ap05,10694.42,EUR,IT,V6519,low,PO238462,missing_gr,completed,False,
CASE-00047,INV-000047,Run three-way match,2026-01-06T11:18:23.884825,SAP,System,system,10694.42,EUR,IT,V6519,low,PO238462,missing_gr,completed,False,
CASE-00047,INV-000047,Run duplicate invoice check,2026-01-06T11:30:23.884825,SAP,System,system,10694.42,EUR,IT,V6519,low,PO238462,,completed,False,
CASE-00047,INV-000047,Check vendor risk,2026-01-06T11:42:23.884825,Vendor Master Data,System,system,10694.42,EUR,IT,V6519,low,PO238462,,completed,False,
CASE-00047,INV-000047,Check approval threshold,2026-01-06T11:48:23.884825,SAP,System,system,10694.42,EUR,IT,V6519,low,PO238462,,completed,False,
CASE-00047,INV-000047,Finance manager approval,2026-01-07T12:03:12.382731,SAP,Finance Manager,ap05,10694.42,EUR,IT,V6519,low,PO238462,,completed,False,
CASE-00047,INV-000047,Schedule payment,2026-01-07T16:10:48.979753,Payment System,System,system,10694.42,EUR,IT,V6519,low,PO238462,,completed,False,
CASE-00047,INV-000047,Send remittance notice,2026-01-07T16:16:48.979753,Payment System,System,system,10694.42,EUR,IT,V6519,low,PO238462,,completed,False,
CASE-00047,INV-000047,Invoice paid,2026-01-07T16:22:48.979753,Payment System,System,system,10694.42,EUR,IT,V6519,low,PO238462,,paid,False,
CASE-00048,INV-000048,Invoice received,2026-01-05T13:35:00,Coupa,System,system,5824.69,EUR,FR,V5491,low,PO653892,,completed,False,
CASE-00048,INV-000048,Validate invoice data,2026-01-05T13:59:00,Coupa,AP Clerk,ap07,5824.69,EUR,FR,V5491,low,PO653892,,completed,False,
CASE-00048,INV-000048,Check PO exists,2026-01-05T14:17:00,SAP,System,system,5824.69,EUR,FR,V5491,low,PO653892,,completed,False,
CASE-00048,INV-000048,Run three-way match,2026-01-05T14:47:00,SAP,System,system,5824.69,EUR,FR,V5491,low,PO653892,,completed,False,
CASE-00048,INV-000048,Classify exception,2026-01-05T14:59:00,ServiceNow,AP Clerk,ap07,5824.69,EUR,FR,V5491,low,PO653892,quantity_mismatch,completed,False,
CASE-00048,INV-000048,Create quantity mismatch ticket,2026-01-05T15:11:00,ServiceNow,System,system,5824.69,EUR,FR,V5491,low,PO653892,quantity_mismatch,completed,False,
CASE-00048,INV-000048,AP review quantity mismatch,2026-01-08T12:27:09.395384,ServiceNow,AP Clerk,ap07,5824.69,EUR,FR,V5491,low,PO653892,quantity_mismatch,completed,False,
CASE-00048,INV-000048,Correction for quantity mismatch,2026-01-09T01:31:57.938186,SAP,Procurement Specialist,ap07,5824.69,EUR,FR,V5491,low,PO653892,quantity_mismatch,completed,False,
CASE-00048,INV-000048,Run three-way match,2026-01-09T01:55:57.938186,SAP,System,system,5824.69,EUR,FR,V5491,low,PO653892,quantity_mismatch,completed,False,
CASE-00048,INV-000048,Run duplicate invoice check,2026-01-09T02:07:57.938186,SAP,System,system,5824.69,EUR,FR,V5491,low,PO653892,,completed,False,
CASE-00048,INV-000048,Check vendor risk,2026-01-09T02:19:57.938186,Vendor Master Data,System,system,5824.69,EUR,FR,V5491,low,PO653892,,completed,False,
CASE-00048,INV-000048,Check approval threshold,2026-01-09T02:25:57.938186,SAP,System,system,5824.69,EUR,FR,V5491,low,PO653892,,completed,False,
CASE-00048,INV-000048,Auto approve for payment scheduling,2026-01-09T02:31:57.938186,SAP,System,system,5824.69,EUR,FR,V5491,low,PO653892,,completed,False,
CASE-00048,INV-000048,Schedule payment,2026-01-09T14:16:34.289823,Payment System,System,system,5824.69,EUR,FR,V5491,low,PO653892,,completed,False,
CASE-00048,INV-000048,Send remittance notice,2026-01-09T14:22:34.289823,Payment System,System,system,5824.69,EUR,FR,V5491,low,PO653892,,completed,False,
CASE-00048,INV-000048,Invoice paid,2026-01-09T14:28:34.289823,Payment System,System,system,5824.69,EUR,FR,V5491,low,PO653892,,paid,False,
CASE-00049,INV-000049,Invoice received,2026-01-05T13:42:00,Coupa,System,system,19512.54,EUR,NL,V5611,low,PO812466,,completed,False,
CASE-00049,INV-000049,Validate invoice data,2026-01-05T14:06:00,Coupa,AP Clerk,ap05,19512.54,EUR,NL,V5611,low,PO812466,,completed,False,
CASE-00049,INV-000049,Check PO exists,2026-01-05T14:24:00,SAP,System,system,19512.54,EUR,NL,V5611,low,PO812466,,completed,False,
CASE-00049,INV-000049,Run three-way match,2026-01-05T14:54:00,SAP,System,system,19512.54,EUR,NL,V5611,low,PO812466,,completed,False,
CASE-00049,INV-000049,Run duplicate invoice check,2026-01-05T15:06:00,SAP,System,system,19512.54,EUR,NL,V5611,low,PO812466,,completed,False,
CASE-00049,INV-000049,Check vendor risk,2026-01-05T15:18:00,Vendor Master Data,System,system,19512.54,EUR,NL,V5611,low,PO812466,,completed,False,
CASE-00049,INV-000049,Check approval threshold,2026-01-05T15:24:00,SAP,System,system,19512.54,EUR,NL,V5611,low,PO812466,,completed,False,
CASE-00049,INV-000049,Finance manager approval,2026-01-07T11:13:34.214902,SAP,Finance Manager,ap05,19512.54,EUR,NL,V5611,low,PO812466,,completed,False,
CASE-00049,INV-000049,Schedule payment,2026-01-07T17:58:50.637085,Payment System,System,system,19512.54,EUR,NL,V5611,low,PO812466,,completed,False,
CASE-00049,INV-000049,Send remittance notice,2026-01-07T18:04:50.637085,Payment System,System,system,19512.54,EUR,NL,V5611,low,PO812466,,completed,False,
CASE-00049,INV-000049,Invoice paid,2026-01-07T18:10:50.637085,Payment System,System,system,19512.54,EUR,NL,V5611,low,PO812466,,paid,False,
CASE-00050,INV-000050,Invoice received,2026-01-05T13:49:00,Coupa,System,system,20982.28,EUR,NL,V1341,medium,PO257620,,completed,False,
CASE-00050,INV-000050,Validate invoice data,2026-01-05T14:13:00,Coupa,AP Clerk,ap23,20982.28,EUR,NL,V1341,medium,PO257620,,completed,False,
CASE-00050,INV-000050,Check PO exists,2026-01-05T14:31:00,SAP,System,system,20982.28,EUR,NL,V1341,medium,PO257620,,completed,False,
CASE-00050,INV-000050,Create missing PO exception,2026-01-05T14:43:00,ServiceNow,System,system,20982.28,EUR,NL,V1341,medium,PO257620,missing_po,completed,False,
CASE-00050,INV-000050,AP review missing PO,2026-01-12T23:38:20.963451,ServiceNow,AP Clerk,ap23,20982.28,EUR,NL,V1341,medium,PO257620,missing_po,completed,False,
CASE-00050,INV-000050,Procurement correction,2026-01-14T16:50:33.975679,SAP,Procurement Specialist,ap23,20982.28,EUR,NL,V1341,medium,PO257620,missing_po,completed,False,
CASE-00050,INV-000050,Check PO exists,2026-01-14T17:02:33.975679,SAP,System,system,20982.28,EUR,NL,V1341,medium,PO257620,missing_po,completed,False,
CASE-00050,INV-000050,Run three-way match,2026-01-14T17:32:33.975679,SAP,System,system,20982.28,EUR,NL,V1341,medium,PO257620,,completed,False,
CASE-00050,INV-000050,Run duplicate invoice check,2026-01-14T17:44:33.975679,SAP,System,system,20982.28,EUR,NL,V1341,medium,PO257620,,completed,False,
CASE-00050,INV-000050,Check vendor risk,2026-01-14T17:56:33.975679,Vendor Master Data,System,system,20982.28,EUR,NL,V1341,medium,PO257620,,completed,False,
CASE-00050,INV-000050,Check approval threshold,2026-01-14T18:02:33.975679,SAP,System,system,20982.28,EUR,NL,V1341,medium,PO257620,,completed,False,
CASE-00050,INV-000050,Finance manager approval,2026-01-16T10:19:16.817994,SAP,Finance Manager,ap23,20982.28,EUR,NL,V1341,medium,PO257620,,completed,False,
CASE-00050,INV-000050,Schedule payment,2026-01-16T21:32:30.899719,Payment System,System,system,20982.28,EUR,NL,V1341,medium,PO257620,,completed,False,
CASE-00050,INV-000050,Send remittance notice,2026-01-16T21:38:30.899719,Payment System,System,system,20982.28,EUR,NL,V1341,medium,PO257620,,completed,False,
CASE-00050,INV-000050,Invoice paid,2026-01-16T21:44:30.899719,Payment System,System,system,20982.28,EUR,NL,V1341,medium,PO257620,,paid,False,
CASE-00051,INV-000051,Invoice received,2026-01-05T13:56:00,Coupa,System,system,3274.78,EUR,IT,V3523,medium,PO208500,,completed,False,
CASE-00051,INV-000051,Validate invoice data,2026-01-05T14:20:00,Coupa,AP Clerk,ap19,3274.78,EUR,IT,V3523,medium,PO208500,,completed,False,
CASE-00051,INV-000051,Manual Email Review,2026-01-06T04:30:40.023201,Email and Excel,AP Clerk,ap19,3274.78,EUR,IT,V3523,medium,PO208500,,completed,True,Manual Email Review
CASE-00051,INV-000051,Check PO exists,2026-01-06T04:48:40.023201,SAP,System,system,3274.78,EUR,IT,V3523,medium,PO208500,,completed,False,
CASE-00051,INV-000051,Run three-way match,2026-01-06T05:18:40.023201,SAP,System,system,3274.78,EUR,IT,V3523,medium,PO208500,,completed,False,
CASE-00051,INV-000051,Run duplicate invoice check,2026-01-06T05:30:40.023201,SAP,System,system,3274.78,EUR,IT,V3523,medium,PO208500,,completed,False,
CASE-00051,INV-000051,Check vendor risk,2026-01-06T05:42:40.023201,Vendor Master Data,System,system,3274.78,EUR,IT,V3523,medium,PO208500,,completed,False,
CASE-00051,INV-000051,Check approval threshold,2026-01-06T05:48:40.023201,SAP,System,system,3274.78,EUR,IT,V3523,medium,PO208500,,completed,False,
CASE-00051,INV-000051,Auto approve for payment scheduling,2026-01-06T05:54:40.023201,SAP,System,system,3274.78,EUR,IT,V3523,medium,PO208500,,completed,False,
CASE-00051,INV-000051,Schedule payment,2026-01-06T11:15:41.727574,Payment System,System,system,3274.78,EUR,IT,V3523,medium,PO208500,,completed,False,
CASE-00051,INV-000051,Send remittance notice,2026-01-06T11:21:41.727574,Payment System,System,system,3274.78,EUR,IT,V3523,medium,PO208500,,completed,False,
CASE-00051,INV-000051,Invoice paid,2026-01-06T11:27:41.727574,Payment System,System,system,3274.78,EUR,IT,V3523,medium,PO208500,,paid,False,
CASE-00052,INV-000052,Invoice received,2026-01-05T14:03:00,Coupa,System,system,5640.65,EUR,IT,V5169,low,PO517740,,completed,False,
CASE-00052,INV-000052,Validate invoice data,2026-01-05T14:27:00,Coupa,AP Clerk,ap04,5640.65,EUR,IT,V5169,low,PO517740,,completed,False,
CASE-00052,INV-000052,Check PO exists,2026-01-05T14:45:00,SAP,System,system,5640.65,EUR,IT,V5169,low,PO517740,,completed,False,
CASE-00052,INV-000052,Run three-way match,2026-01-05T15:15:00,SAP,System,system,5640.65,EUR,IT,V5169,low,PO517740,,completed,False,
CASE-00052,INV-000052,Run duplicate invoice check,2026-01-05T15:27:00,SAP,System,system,5640.65,EUR,IT,V5169,low,PO517740,,completed,False,
CASE-00052,INV-000052,Check vendor risk,2026-01-05T15:39:00,Vendor Master Data,System,system,5640.65,EUR,IT,V5169,low,PO517740,,completed,False,
CASE-00052,INV-000052,Check approval threshold,2026-01-05T15:45:00,SAP,System,system,5640.65,EUR,IT,V5169,low,PO517740,,completed,False,
CASE-00052,INV-000052,Auto approve for payment scheduling,2026-01-05T15:51:00,SAP,System,system,5640.65,EUR,IT,V5169,low,PO517740,,completed,False,
CASE-00052,INV-000052,Schedule payment,2026-01-05T20:07:16.145459,Payment System,System,system,5640.65,EUR,IT,V5169,low,PO517740,,completed,False,
CASE-00052,INV-000052,Send remittance notice,2026-01-05T20:13:16.145459,Payment System,System,system,5640.65,EUR,IT,V5169,low,PO517740,,completed,False,
CASE-00052,INV-000052,Invoice paid,2026-01-05T20:19:16.145459,Payment System,System,system,5640.65,EUR,IT,V5169,low,PO517740,,paid,False,
CASE-00053,INV-000053,Invoice received,2026-01-05T14:10:00,Coupa,System,system,22412.97,EUR,DE,V9161,low,PO677912,,completed,False,
CASE-00053,INV-000053,Validate invoice data,2026-01-05T14:34:00,Coupa,AP Clerk,ap24,22412.97,EUR,DE,V9161,low,PO677912,,completed,False,
CASE-00053,INV-000053,Check PO exists,2026-01-05T14:52:00,SAP,System,system,22412.97,EUR,DE,V9161,low,PO677912,,completed,False,
CASE-00053,INV-000053,Create missing PO exception,2026-01-05T15:04:00,ServiceNow,System,system,22412.97,EUR,DE,V9161,low,PO677912,missing_po,completed,False,
CASE-00053,INV-000053,AP review missing PO,2026-01-11T02:04:12.260683,ServiceNow,AP Clerk,ap24,22412.97,EUR,DE,V9161,low,PO677912,missing_po,completed,False,
CASE-00053,INV-000053,Procurement correction,2026-01-11T21:58:46.082040,SAP,Procurement Specialist,ap24,22412.97,EUR,DE,V9161,low,PO677912,missing_po,completed,False,
CASE-00053,INV-000053,Check PO exists,2026-01-11T22:10:46.082040,SAP,System,system,22412.97,EUR,DE,V9161,low,PO677912,missing_po,completed,False,
CASE-00053,INV-000053,Run three-way match,2026-01-11T22:40:46.082040,SAP,System,system,22412.97,EUR,DE,V9161,low,PO677912,,completed,False,
CASE-00053,INV-000053,Run duplicate invoice check,2026-01-11T22:52:46.082040,SAP,System,system,22412.97,EUR,DE,V9161,low,PO677912,,completed,False,
CASE-00053,INV-000053,Check vendor risk,2026-01-11T23:04:46.082040,Vendor Master Data,System,system,22412.97,EUR,DE,V9161,low,PO677912,,completed,False,
CASE-00053,INV-000053,Check approval threshold,2026-01-11T23:10:46.082040,SAP,System,system,22412.97,EUR,DE,V9161,low,PO677912,,completed,False,
CASE-00053,INV-000053,Finance manager approval,2026-01-13T19:40:17.343798,SAP,Finance Manager,ap24,22412.97,EUR,DE,V9161,low,PO677912,,completed,False,
CASE-00053,INV-000053,Schedule payment,2026-01-14T02:01:50.399834,Payment System,System,system,22412.97,EUR,DE,V9161,low,PO677912,,completed,False,
CASE-00053,INV-000053,Send remittance notice,2026-01-14T02:07:50.399834,Payment System,System,system,22412.97,EUR,DE,V9161,low,PO677912,,completed,False,
CASE-00053,INV-000053,Invoice paid,2026-01-14T02:13:50.399834,Payment System,System,system,22412.97,EUR,DE,V9161,low,PO677912,,paid,False,
CASE-00054,INV-000054,Invoice received,2026-01-05T14:17:00,Coupa,System,system,9294.66,EUR,IT,V7163,low,PO486972,,completed,False,
CASE-00054,INV-000054,Validate invoice data,2026-01-05T14:41:00,Coupa,AP Clerk,ap09,9294.66,EUR,IT,V7163,low,PO486972,,completed,False,
CASE-00054,INV-000054,Check PO exists,2026-01-05T14:59:00,SAP,System,system,9294.66,EUR,IT,V7163,low,PO486972,,completed,False,
CASE-00054,INV-000054,Run three-way match,2026-01-05T15:29:00,SAP,System,system,9294.66,EUR,IT,V7163,low,PO486972,,completed,False,
CASE-00054,INV-000054,Run duplicate invoice check,2026-01-05T15:41:00,SAP,System,system,9294.66,EUR,IT,V7163,low,PO486972,,completed,False,
CASE-00054,INV-000054,Check vendor risk,2026-01-05T15:53:00,Vendor Master Data,System,system,9294.66,EUR,IT,V7163,low,PO486972,,completed,False,
CASE-00054,INV-000054,Check approval threshold,2026-01-05T15:59:00,SAP,System,system,9294.66,EUR,IT,V7163,low,PO486972,,completed,False,
CASE-00054,INV-000054,Auto approve for payment scheduling,2026-01-05T16:05:00,SAP,System,system,9294.66,EUR,IT,V7163,low,PO486972,,completed,False,
CASE-00054,INV-000054,Schedule payment,2026-01-05T23:54:50.160227,Payment System,System,system,9294.66,EUR,IT,V7163,low,PO486972,,completed,False,
CASE-00054,INV-000054,Send remittance notice,2026-01-06T00:00:50.160227,Payment System,System,system,9294.66,EUR,IT,V7163,low,PO486972,,completed,False,
CASE-00054,INV-000054,Invoice paid,2026-01-06T00:06:50.160227,Payment System,System,system,9294.66,EUR,IT,V7163,low,PO486972,,paid,False,
CASE-00055,INV-000055,Invoice received,2026-01-05T14:24:00,Coupa,System,system,3702.52,EUR,DE,V2225,low,PO153172,,completed,False,
CASE-00055,INV-000055,Validate invoice data,2026-01-05T14:48:00,Coupa,AP Clerk,ap25,3702.52,EUR,DE,V2225,low,PO153172,,completed,False,
CASE-00055,INV-000055,Check PO exists,2026-01-05T15:06:00,SAP,System,system,3702.52,EUR,DE,V2225,low,PO153172,,completed,False,
CASE-00055,INV-000055,Run three-way match,2026-01-05T15:36:00,SAP,System,system,3702.52,EUR,DE,V2225,low,PO153172,,completed,False,
CASE-00055,INV-000055,Run duplicate invoice check,2026-01-05T15:48:00,SAP,System,system,3702.52,EUR,DE,V2225,low,PO153172,,completed,False,
CASE-00055,INV-000055,Check vendor risk,2026-01-05T16:00:00,Vendor Master Data,System,system,3702.52,EUR,DE,V2225,low,PO153172,,completed,False,
CASE-00055,INV-000055,Check approval threshold,2026-01-05T16:06:00,SAP,System,system,3702.52,EUR,DE,V2225,low,PO153172,,completed,False,
CASE-00055,INV-000055,Auto approve for payment scheduling,2026-01-05T16:12:00,SAP,System,system,3702.52,EUR,DE,V2225,low,PO153172,,completed,False,
CASE-00055,INV-000055,Schedule payment,2026-01-06T02:30:32.358355,Payment System,System,system,3702.52,EUR,DE,V2225,low,PO153172,,completed,False,
CASE-00055,INV-000055,Send remittance notice,2026-01-06T02:36:32.358355,Payment System,System,system,3702.52,EUR,DE,V2225,low,PO153172,,completed,False,
CASE-00055,INV-000055,Invoice paid,2026-01-06T02:42:32.358355,Payment System,System,system,3702.52,EUR,DE,V2225,low,PO153172,,paid,False,
CASE-00056,INV-000056,Invoice received,2026-01-05T14:31:00,Coupa,System,system,8150.65,EUR,NL,V8710,low,PO623745,,completed,False,
CASE-00056,INV-000056,Validate invoice data,2026-01-05T14:55:00,Coupa,AP Clerk,ap13,8150.65,EUR,NL,V8710,low,PO623745,,completed,False,
CASE-00056,INV-000056,Manual Email Review,2026-01-06T07:35:11.129067,Email and Excel,AP Clerk,ap13,8150.65,EUR,NL,V8710,low,PO623745,,completed,True,Manual Email Review
CASE-00056,INV-000056,Check PO exists,2026-01-06T07:53:11.129067,SAP,System,system,8150.65,EUR,NL,V8710,low,PO623745,,completed,False,
CASE-00056,INV-000056,Run three-way match,2026-01-06T08:23:11.129067,SAP,System,system,8150.65,EUR,NL,V8710,low,PO623745,,completed,False,
CASE-00056,INV-000056,Run duplicate invoice check,2026-01-06T08:35:11.129067,SAP,System,system,8150.65,EUR,NL,V8710,low,PO623745,,completed,False,
CASE-00056,INV-000056,Check vendor risk,2026-01-06T08:47:11.129067,Vendor Master Data,System,system,8150.65,EUR,NL,V8710,low,PO623745,,completed,False,
CASE-00056,INV-000056,Check approval threshold,2026-01-06T08:53:11.129067,SAP,System,system,8150.65,EUR,NL,V8710,low,PO623745,,completed,False,
CASE-00056,INV-000056,Auto approve for payment scheduling,2026-01-06T08:59:11.129067,SAP,System,system,8150.65,EUR,NL,V8710,low,PO623745,,completed,False,
CASE-00056,INV-000056,Schedule payment,2026-01-06T14:14:38.710681,Payment System,System,system,8150.65,EUR,NL,V8710,low,PO623745,,completed,False,
CASE-00056,INV-000056,Send remittance notice,2026-01-06T14:20:38.710681,Payment System,System,system,8150.65,EUR,NL,V8710,low,PO623745,,completed,False,
CASE-00056,INV-000056,Invoice paid,2026-01-06T14:26:38.710681,Payment System,System,system,8150.65,EUR,NL,V8710,low,PO623745,,paid,False,
CASE-00057,INV-000057,Invoice received,2026-01-05T14:38:00,Coupa,System,system,18151.11,EUR,ES,V3483,high,PO345829,,completed,False,
CASE-00057,INV-000057,Validate invoice data,2026-01-05T15:02:00,Coupa,AP Clerk,ap03,18151.11,EUR,ES,V3483,high,PO345829,,completed,False,
CASE-00057,INV-000057,Check PO exists,2026-01-05T15:20:00,SAP,System,system,18151.11,EUR,ES,V3483,high,PO345829,,completed,False,
CASE-00057,INV-000057,Run three-way match,2026-01-05T15:50:00,SAP,System,system,18151.11,EUR,ES,V3483,high,PO345829,,completed,False,
CASE-00057,INV-000057,Classify exception,2026-01-05T16:02:00,ServiceNow,AP Clerk,ap03,18151.11,EUR,ES,V3483,high,PO345829,price_mismatch,completed,False,
CASE-00057,INV-000057,Create price mismatch ticket,2026-01-05T16:14:00,ServiceNow,System,system,18151.11,EUR,ES,V3483,high,PO345829,price_mismatch,completed,False,
CASE-00057,INV-000057,AP review price mismatch,2026-01-10T08:21:32.264318,ServiceNow,AP Clerk,ap03,18151.11,EUR,ES,V3483,high,PO345829,price_mismatch,completed,False,
CASE-00057,INV-000057,Correction for price mismatch,2026-01-11T03:05:19.205123,SAP,Procurement Specialist,ap03,18151.11,EUR,ES,V3483,high,PO345829,price_mismatch,completed,False,
CASE-00057,INV-000057,Run three-way match,2026-01-11T03:29:19.205123,SAP,System,system,18151.11,EUR,ES,V3483,high,PO345829,price_mismatch,completed,False,
CASE-00057,INV-000057,Run duplicate invoice check,2026-01-11T03:41:19.205123,SAP,System,system,18151.11,EUR,ES,V3483,high,PO345829,,completed,False,
CASE-00057,INV-000057,Check vendor risk,2026-01-11T03:53:19.205123,Vendor Master Data,System,system,18151.11,EUR,ES,V3483,high,PO345829,,completed,False,
CASE-00057,INV-000057,Compliance review,2026-01-12T12:54:58.769725,Vendor Master Data,Compliance Officer,ap03,18151.11,EUR,ES,V3483,high,PO345829,,completed,False,
CASE-00057,INV-000057,Check approval threshold,2026-01-12T13:00:58.769725,SAP,System,system,18151.11,EUR,ES,V3483,high,PO345829,,completed,False,
CASE-00057,INV-000057,Finance manager approval,2026-01-12T21:35:06.199165,SAP,Finance Manager,ap03,18151.11,EUR,ES,V3483,high,PO345829,,completed,False,
CASE-00057,INV-000057,Schedule payment,2026-01-13T02:45:39.317547,Payment System,System,system,18151.11,EUR,ES,V3483,high,PO345829,,completed,False,
CASE-00057,INV-000057,Send remittance notice,2026-01-13T02:51:39.317547,Payment System,System,system,18151.11,EUR,ES,V3483,high,PO345829,,completed,False,
CASE-00057,INV-000057,Invoice paid,2026-01-13T02:57:39.317547,Payment System,System,system,18151.11,EUR,ES,V3483,high,PO345829,,paid,False,
CASE-00058,INV-000058,Invoice received,2026-01-05T14:45:00,Coupa,System,system,24862.78,EUR,IT,V6839,medium,PO158661,,completed,False,
CASE-00058,INV-000058,Validate invoice data,2026-01-05T15:09:00,Coupa,AP Clerk,ap13,24862.78,EUR,IT,V6839,medium,PO158661,,completed,False,
CASE-00058,INV-000058,Check PO exists,2026-01-05T15:27:00,SAP,System,system,24862.78,EUR,IT,V6839,medium,PO158661,,completed,False,
CASE-00058,INV-000058,Run three-way match,2026-01-05T15:57:00,SAP,System,system,24862.78,EUR,IT,V6839,medium,PO158661,,completed,False,
CASE-00058,INV-000058,Run duplicate invoice check,2026-01-05T16:09:00,SAP,System,system,24862.78,EUR,IT,V6839,medium,PO158661,,completed,False,
CASE-00058,INV-000058,Check vendor risk,2026-01-05T16:21:00,Vendor Master Data,System,system,24862.78,EUR,IT,V6839,medium,PO158661,,completed,False,
CASE-00058,INV-000058,Check approval threshold,2026-01-05T16:27:00,SAP,System,system,24862.78,EUR,IT,V6839,medium,PO158661,,completed,False,
CASE-00058,INV-000058,Finance manager approval,2026-01-07T00:27:40.616641,SAP,Finance Manager,ap13,24862.78,EUR,IT,V6839,medium,PO158661,,completed,False,
CASE-00058,INV-000058,Schedule payment,2026-01-07T11:58:31.846231,Payment System,System,system,24862.78,EUR,IT,V6839,medium,PO158661,,completed,False,
CASE-00058,INV-000058,Send remittance notice,2026-01-07T12:04:31.846231,Payment System,System,system,24862.78,EUR,IT,V6839,medium,PO158661,,completed,False,
CASE-00058,INV-000058,Invoice paid,2026-01-07T12:10:31.846231,Payment System,System,system,24862.78,EUR,IT,V6839,medium,PO158661,,paid,False,
CASE-00059,INV-000059,Invoice received,2026-01-05T14:52:00,Coupa,System,system,3844.18,EUR,ES,V8045,low,PO150213,,completed,False,
CASE-00059,INV-000059,Validate invoice data,2026-01-05T15:16:00,Coupa,AP Clerk,ap05,3844.18,EUR,ES,V8045,low,PO150213,,completed,False,
CASE-00059,INV-000059,Check PO exists,2026-01-05T15:34:00,SAP,System,system,3844.18,EUR,ES,V8045,low,PO150213,,completed,False,
CASE-00059,INV-000059,Run three-way match,2026-01-05T16:04:00,SAP,System,system,3844.18,EUR,ES,V8045,low,PO150213,,completed,False,
CASE-00059,INV-000059,Run duplicate invoice check,2026-01-05T16:16:00,SAP,System,system,3844.18,EUR,ES,V8045,low,PO150213,,completed,False,
CASE-00059,INV-000059,Check vendor risk,2026-01-05T16:28:00,Vendor Master Data,System,system,3844.18,EUR,ES,V8045,low,PO150213,,completed,False,
CASE-00059,INV-000059,Check approval threshold,2026-01-05T16:34:00,SAP,System,system,3844.18,EUR,ES,V8045,low,PO150213,,completed,False,
CASE-00059,INV-000059,Auto approve for payment scheduling,2026-01-05T16:40:00,SAP,System,system,3844.18,EUR,ES,V8045,low,PO150213,,completed,False,
CASE-00059,INV-000059,Schedule payment,2026-01-06T03:15:12.498625,Payment System,System,system,3844.18,EUR,ES,V8045,low,PO150213,,completed,False,
CASE-00059,INV-000059,Send remittance notice,2026-01-06T03:21:12.498625,Payment System,System,system,3844.18,EUR,ES,V8045,low,PO150213,,completed,False,
CASE-00059,INV-000059,Invoice paid,2026-01-06T03:27:12.498625,Payment System,System,system,3844.18,EUR,ES,V8045,low,PO150213,,paid,False,
CASE-00060,INV-000060,Invoice received,2026-01-05T14:59:00,Coupa,System,system,24302.57,EUR,ES,V1276,low,PO406093,,completed,False,
CASE-00060,INV-000060,Validate invoice data,2026-01-05T15:23:00,Coupa,AP Clerk,ap10,24302.57,EUR,ES,V1276,low,PO406093,,completed,False,
CASE-00060,INV-000060,Check PO exists,2026-01-05T15:41:00,SAP,System,system,24302.57,EUR,ES,V1276,low,PO406093,,completed,False,
CASE-00060,INV-000060,Run three-way match,2026-01-05T16:11:00,SAP,System,system,24302.57,EUR,ES,V1276,low,PO406093,,completed,False,
CASE-00060,INV-000060,Run duplicate invoice check,2026-01-05T16:23:00,SAP,System,system,24302.57,EUR,ES,V1276,low,PO406093,,completed,False,
CASE-00060,INV-000060,Check vendor risk,2026-01-05T16:35:00,Vendor Master Data,System,system,24302.57,EUR,ES,V1276,low,PO406093,,completed,False,
CASE-00060,INV-000060,Check approval threshold,2026-01-05T16:41:00,SAP,System,system,24302.57,EUR,ES,V1276,low,PO406093,,completed,False,
CASE-00060,INV-000060,Finance manager approval,2026-01-07T09:57:51.138464,SAP,Finance Manager,ap10,24302.57,EUR,ES,V1276,low,PO406093,,completed,False,
CASE-00060,INV-000060,Schedule payment,2026-01-07T14:35:07.567703,Payment System,System,system,24302.57,EUR,ES,V1276,low,PO406093,,completed,False,
CASE-00060,INV-000060,Send remittance notice,2026-01-07T14:41:07.567703,Payment System,System,system,24302.57,EUR,ES,V1276,low,PO406093,,completed,False,
CASE-00060,INV-000060,Invoice paid,2026-01-07T14:47:07.567703,Payment System,System,system,24302.57,EUR,ES,V1276,low,PO406093,,paid,False,
CASE-00061,INV-000061,Invoice received,2026-01-05T15:06:00,Coupa,System,system,14618.99,EUR,DE,V9848,medium,PO593090,,completed,False,
CASE-00061,INV-000061,Validate invoice data,2026-01-05T15:30:00,Coupa,AP Clerk,ap23,14618.99,EUR,DE,V9848,medium,PO593090,,completed,False,
CASE-00061,INV-000061,Check PO exists,2026-01-05T15:48:00,SAP,System,system,14618.99,EUR,DE,V9848,medium,PO593090,,completed,False,
CASE-00061,INV-000061,Run three-way match,2026-01-05T16:18:00,SAP,System,system,14618.99,EUR,DE,V9848,medium,PO593090,,completed,False,
CASE-00061,INV-000061,Run duplicate invoice check,2026-01-05T16:30:00,SAP,System,system,14618.99,EUR,DE,V9848,medium,PO593090,,completed,False,
CASE-00061,INV-000061,Check vendor risk,2026-01-05T16:42:00,Vendor Master Data,System,system,14618.99,EUR,DE,V9848,medium,PO593090,,completed,False,
CASE-00061,INV-000061,Check approval threshold,2026-01-05T16:48:00,SAP,System,system,14618.99,EUR,DE,V9848,medium,PO593090,,completed,False,
CASE-00061,INV-000061,Finance manager approval,2026-01-05T23:00:35.820983,SAP,Finance Manager,ap23,14618.99,EUR,DE,V9848,medium,PO593090,,completed,False,
CASE-00061,INV-000061,Schedule payment,2026-01-06T04:37:28.884364,Payment System,System,system,14618.99,EUR,DE,V9848,medium,PO593090,,completed,False,
CASE-00061,INV-000061,Send remittance notice,2026-01-06T04:43:28.884364,Payment System,System,system,14618.99,EUR,DE,V9848,medium,PO593090,,completed,False,
CASE-00061,INV-000061,Invoice paid,2026-01-06T04:49:28.884364,Payment System,System,system,14618.99,EUR,DE,V9848,medium,PO593090,,paid,False,
CASE-00062,INV-000062,Invoice received,2026-01-05T15:13:00,Coupa,System,system,20113.04,EUR,IT,V7696,low,PO312675,,completed,False,
CASE-00062,INV-000062,Validate invoice data,2026-01-05T15:37:00,Coupa,AP Clerk,ap05,20113.04,EUR,IT,V7696,low,PO312675,,completed,False,
CASE-00062,INV-000062,Check PO exists,2026-01-05T15:55:00,SAP,System,system,20113.04,EUR,IT,V7696,low,PO312675,,completed,False,
CASE-00062,INV-000062,Create missing PO exception,2026-01-05T16:07:00,ServiceNow,System,system,20113.04,EUR,IT,V7696,low,PO312675,missing_po,completed,False,
CASE-00062,INV-000062,AP review missing PO,2026-01-06T22:38:17.469986,ServiceNow,AP Clerk,ap05,20113.04,EUR,IT,V7696,low,PO312675,missing_po,completed,False,
CASE-00062,INV-000062,Procurement correction,2026-01-07T06:58:53.723011,SAP,Procurement Specialist,ap05,20113.04,EUR,IT,V7696,low,PO312675,missing_po,completed,False,
CASE-00062,INV-000062,Check PO exists,2026-01-07T07:10:53.723011,SAP,System,system,20113.04,EUR,IT,V7696,low,PO312675,missing_po,completed,False,
CASE-00062,INV-000062,Run three-way match,2026-01-07T07:40:53.723011,SAP,System,system,20113.04,EUR,IT,V7696,low,PO312675,,completed,False,
CASE-00062,INV-000062,Run duplicate invoice check,2026-01-07T07:52:53.723011,SAP,System,system,20113.04,EUR,IT,V7696,low,PO312675,,completed,False,
CASE-00062,INV-000062,Check vendor risk,2026-01-07T08:04:53.723011,Vendor Master Data,System,system,20113.04,EUR,IT,V7696,low,PO312675,,completed,False,
CASE-00062,INV-000062,Check approval threshold,2026-01-07T08:10:53.723011,SAP,System,system,20113.04,EUR,IT,V7696,low,PO312675,,completed,False,
CASE-00062,INV-000062,Finance manager approval,2026-01-09T01:34:07.880205,SAP,Finance Manager,ap05,20113.04,EUR,IT,V7696,low,PO312675,,completed,False,
CASE-00062,INV-000062,Schedule payment,2026-01-09T08:41:02.049900,Payment System,System,system,20113.04,EUR,IT,V7696,low,PO312675,,completed,False,
CASE-00062,INV-000062,Send remittance notice,2026-01-09T08:47:02.049900,Payment System,System,system,20113.04,EUR,IT,V7696,low,PO312675,,completed,False,
CASE-00062,INV-000062,Invoice paid,2026-01-09T08:53:02.049900,Payment System,System,system,20113.04,EUR,IT,V7696,low,PO312675,,paid,False,
CASE-00063,INV-000063,Invoice received,2026-01-05T15:20:00,Coupa,System,system,13021.87,EUR,IT,V8930,low,PO317011,,completed,False,
CASE-00063,INV-000063,Validate invoice data,2026-01-05T15:44:00,Coupa,AP Clerk,ap17,13021.87,EUR,IT,V8930,low,PO317011,,completed,False,
CASE-00063,INV-000063,Check PO exists,2026-01-05T16:02:00,SAP,System,system,13021.87,EUR,IT,V8930,low,PO317011,,completed,False,
CASE-00063,INV-000063,Run three-way match,2026-01-05T16:32:00,SAP,System,system,13021.87,EUR,IT,V8930,low,PO317011,,completed,False,
CASE-00063,INV-000063,Run duplicate invoice check,2026-01-05T16:44:00,SAP,System,system,13021.87,EUR,IT,V8930,low,PO317011,,completed,False,
CASE-00063,INV-000063,Check vendor risk,2026-01-05T16:56:00,Vendor Master Data,System,system,13021.87,EUR,IT,V8930,low,PO317011,,completed,False,
CASE-00063,INV-000063,Check approval threshold,2026-01-05T17:02:00,SAP,System,system,13021.87,EUR,IT,V8930,low,PO317011,,completed,False,
CASE-00063,INV-000063,Finance manager approval,2026-01-06T01:44:20.760349,SAP,Finance Manager,ap17,13021.87,EUR,IT,V8930,low,PO317011,,completed,False,
CASE-00063,INV-000063,Schedule payment,2026-01-06T09:00:41.278928,Payment System,System,system,13021.87,EUR,IT,V8930,low,PO317011,,completed,False,
CASE-00063,INV-000063,Send remittance notice,2026-01-06T09:06:41.278928,Payment System,System,system,13021.87,EUR,IT,V8930,low,PO317011,,completed,False,
CASE-00063,INV-000063,Invoice paid,2026-01-06T09:12:41.278928,Payment System,System,system,13021.87,EUR,IT,V8930,low,PO317011,,paid,False,
CASE-00064,INV-000064,Invoice received,2026-01-05T15:27:00,Coupa,System,system,19276.82,EUR,DE,V6651,medium,PO478421,,completed,False,
CASE-00064,INV-000064,Validate invoice data,2026-01-05T15:51:00,Coupa,AP Clerk,ap08,19276.82,EUR,DE,V6651,medium,PO478421,,completed,False,
CASE-00064,INV-000064,Check PO exists,2026-01-05T16:09:00,SAP,System,system,19276.82,EUR,DE,V6651,medium,PO478421,,completed,False,
CASE-00064,INV-000064,Run three-way match,2026-01-05T16:39:00,SAP,System,system,19276.82,EUR,DE,V6651,medium,PO478421,,completed,False,
CASE-00064,INV-000064,Run duplicate invoice check,2026-01-05T16:51:00,SAP,System,system,19276.82,EUR,DE,V6651,medium,PO478421,,completed,False,
CASE-00064,INV-000064,Check vendor risk,2026-01-05T17:03:00,Vendor Master Data,System,system,19276.82,EUR,DE,V6651,medium,PO478421,,completed,False,
CASE-00064,INV-000064,Check approval threshold,2026-01-05T17:09:00,SAP,System,system,19276.82,EUR,DE,V6651,medium,PO478421,,completed,False,
CASE-00064,INV-000064,Finance manager approval,2026-01-07T04:16:01.520482,SAP,Finance Manager,ap08,19276.82,EUR,DE,V6651,medium,PO478421,,completed,False,
CASE-00064,INV-000064,Schedule payment,2026-01-07T09:56:28.941304,Payment System,System,system,19276.82,EUR,DE,V6651,medium,PO478421,,completed,False,
CASE-00064,INV-000064,Send remittance notice,2026-01-07T10:02:28.941304,Payment System,System,system,19276.82,EUR,DE,V6651,medium,PO478421,,completed,False,
CASE-00064,INV-000064,Invoice paid,2026-01-07T10:08:28.941304,Payment System,System,system,19276.82,EUR,DE,V6651,medium,PO478421,,paid,False,
CASE-00065,INV-000065,Invoice received,2026-01-05T15:34:00,Coupa,System,system,13232.66,EUR,DE,V1236,low,PO990306,,completed,False,
CASE-00065,INV-000065,Validate invoice data,2026-01-05T15:58:00,Coupa,AP Clerk,ap23,13232.66,EUR,DE,V1236,low,PO990306,,completed,False,
CASE-00065,INV-000065,Check PO exists,2026-01-05T16:16:00,SAP,System,system,13232.66,EUR,DE,V1236,low,PO990306,,completed,False,
CASE-00065,INV-000065,Run three-way match,2026-01-05T16:46:00,SAP,System,system,13232.66,EUR,DE,V1236,low,PO990306,,completed,False,
CASE-00065,INV-000065,Classify exception,2026-01-05T16:58:00,ServiceNow,AP Clerk,ap23,13232.66,EUR,DE,V1236,low,PO990306,price_mismatch,completed,False,
CASE-00065,INV-000065,Create price mismatch ticket,2026-01-05T17:10:00,ServiceNow,System,system,13232.66,EUR,DE,V1236,low,PO990306,price_mismatch,completed,False,
CASE-00065,INV-000065,AP review price mismatch,2026-01-09T07:44:01.282967,ServiceNow,AP Clerk,ap23,13232.66,EUR,DE,V1236,low,PO990306,price_mismatch,completed,False,
CASE-00065,INV-000065,Correction for price mismatch,2026-01-10T04:23:02.853326,SAP,Procurement Specialist,ap23,13232.66,EUR,DE,V1236,low,PO990306,price_mismatch,completed,False,
CASE-00065,INV-000065,Run three-way match,2026-01-10T04:47:02.853326,SAP,System,system,13232.66,EUR,DE,V1236,low,PO990306,price_mismatch,completed,False,
CASE-00065,INV-000065,Run duplicate invoice check,2026-01-10T04:59:02.853326,SAP,System,system,13232.66,EUR,DE,V1236,low,PO990306,,completed,False,
CASE-00065,INV-000065,Check vendor risk,2026-01-10T05:11:02.853326,Vendor Master Data,System,system,13232.66,EUR,DE,V1236,low,PO990306,,completed,False,
CASE-00065,INV-000065,Check approval threshold,2026-01-10T05:17:02.853326,SAP,System,system,13232.66,EUR,DE,V1236,low,PO990306,,completed,False,
CASE-00065,INV-000065,Finance manager approval,2026-01-10T18:31:57.219924,SAP,Finance Manager,ap23,13232.66,EUR,DE,V1236,low,PO990306,,completed,False,
CASE-00065,INV-000065,Schedule payment,2026-01-10T23:22:38.883134,Payment System,System,system,13232.66,EUR,DE,V1236,low,PO990306,,completed,False,
CASE-00065,INV-000065,Send remittance notice,2026-01-10T23:28:38.883134,Payment System,System,system,13232.66,EUR,DE,V1236,low,PO990306,,completed,False,
CASE-00065,INV-000065,Invoice paid,2026-01-10T23:34:38.883134,Payment System,System,system,13232.66,EUR,DE,V1236,low,PO990306,,paid,False,
CASE-00066,INV-000066,Invoice received,2026-01-05T15:41:00,Coupa,System,system,23754.32,EUR,FR,V2806,low,PO399201,,completed,False,
CASE-00066,INV-000066,Validate invoice data,2026-01-05T16:05:00,Coupa,AP Clerk,ap01,23754.32,EUR,FR,V2806,low,PO399201,,completed,False,
CASE-00066,INV-000066,Check PO exists,2026-01-05T16:23:00,SAP,System,system,23754.32,EUR,FR,V2806,low,PO399201,,completed,False,
CASE-00066,INV-000066,Create missing PO exception,2026-01-05T16:35:00,ServiceNow,System,system,23754.32,EUR,FR,V2806,low,PO399201,missing_po,completed,False,
CASE-00066,INV-000066,AP review missing PO,2026-01-09T19:07:08.507247,ServiceNow,AP Clerk,ap01,23754.32,EUR,FR,V2806,low,PO399201,missing_po,completed,False,
CASE-00066,INV-000066,Procurement correction,2026-01-10T11:14:45.144413,SAP,Procurement Specialist,ap01,23754.32,EUR,FR,V2806,low,PO399201,missing_po,completed,False,
CASE-00066,INV-000066,Check PO exists,2026-01-10T11:26:45.144413,SAP,System,system,23754.32,EUR,FR,V2806,low,PO399201,missing_po,completed,False,
CASE-00066,INV-000066,Run three-way match,2026-01-10T11:56:45.144413,SAP,System,system,23754.32,EUR,FR,V2806,low,PO399201,,completed,False,
CASE-00066,INV-000066,Run duplicate invoice check,2026-01-10T12:08:45.144413,SAP,System,system,23754.32,EUR,FR,V2806,low,PO399201,,completed,False,
CASE-00066,INV-000066,Check vendor risk,2026-01-10T12:20:45.144413,Vendor Master Data,System,system,23754.32,EUR,FR,V2806,low,PO399201,,completed,False,
CASE-00066,INV-000066,Check approval threshold,2026-01-10T12:26:45.144413,SAP,System,system,23754.32,EUR,FR,V2806,low,PO399201,,completed,False,
CASE-00066,INV-000066,Finance manager approval,2026-01-11T20:38:45.409707,SAP,Finance Manager,ap01,23754.32,EUR,FR,V2806,low,PO399201,,completed,False,
CASE-00066,INV-000066,Schedule payment,2026-01-12T03:01:51.085231,Payment System,System,system,23754.32,EUR,FR,V2806,low,PO399201,,completed,False,
CASE-00066,INV-000066,Send remittance notice,2026-01-12T03:07:51.085231,Payment System,System,system,23754.32,EUR,FR,V2806,low,PO399201,,completed,False,
CASE-00066,INV-000066,Invoice paid,2026-01-12T03:13:51.085231,Payment System,System,system,23754.32,EUR,FR,V2806,low,PO399201,,paid,False,
CASE-00067,INV-000067,Invoice received,2026-01-05T15:48:00,Coupa,System,system,10711.47,EUR,ES,V7508,medium,PO591105,,completed,False,
CASE-00067,INV-000067,Validate invoice data,2026-01-05T16:12:00,Coupa,AP Clerk,ap11,10711.47,EUR,ES,V7508,medium,PO591105,,completed,False,
CASE-00067,INV-000067,Manual Email Review,2026-01-06T13:04:27.192870,Email and Excel,AP Clerk,ap11,10711.47,EUR,ES,V7508,medium,PO591105,,completed,True,Manual Email Review
CASE-00067,INV-000067,Check PO exists,2026-01-06T13:22:27.192870,SAP,System,system,10711.47,EUR,ES,V7508,medium,PO591105,,completed,False,
CASE-00067,INV-000067,Run three-way match,2026-01-06T13:52:27.192870,SAP,System,system,10711.47,EUR,ES,V7508,medium,PO591105,,completed,False,
CASE-00067,INV-000067,Classify exception,2026-01-06T14:04:27.192870,ServiceNow,AP Clerk,ap11,10711.47,EUR,ES,V7508,medium,PO591105,price_mismatch,completed,False,
CASE-00067,INV-000067,Create price mismatch ticket,2026-01-06T14:16:27.192870,ServiceNow,System,system,10711.47,EUR,ES,V7508,medium,PO591105,price_mismatch,completed,False,
CASE-00067,INV-000067,AP review price mismatch,2026-01-08T02:04:46.380648,ServiceNow,AP Clerk,ap11,10711.47,EUR,ES,V7508,medium,PO591105,price_mismatch,completed,False,
CASE-00067,INV-000067,Correction for price mismatch,2026-01-08T13:41:29.295566,SAP,Procurement Specialist,ap11,10711.47,EUR,ES,V7508,medium,PO591105,price_mismatch,completed,False,
CASE-00067,INV-000067,Run three-way match,2026-01-08T14:05:29.295566,SAP,System,system,10711.47,EUR,ES,V7508,medium,PO591105,price_mismatch,completed,False,
CASE-00067,INV-000067,Run duplicate invoice check,2026-01-08T14:17:29.295566,SAP,System,system,10711.47,EUR,ES,V7508,medium,PO591105,,completed,False,
CASE-00067,INV-000067,Check vendor risk,2026-01-08T14:29:29.295566,Vendor Master Data,System,system,10711.47,EUR,ES,V7508,medium,PO591105,,completed,False,
CASE-00067,INV-000067,Check approval threshold,2026-01-08T14:35:29.295566,SAP,System,system,10711.47,EUR,ES,V7508,medium,PO591105,,completed,False,
CASE-00067,INV-000067,Finance manager approval,2026-01-10T00:59:26.891155,SAP,Finance Manager,ap11,10711.47,EUR,ES,V7508,medium,PO591105,,completed,False,
CASE-00067,INV-000067,Schedule payment,2026-01-10T11:01:26.830200,Payment System,System,system,10711.47,EUR,ES,V7508,medium,PO591105,,completed,False,
CASE-00067,INV-000067,Send remittance notice,2026-01-10T11:07:26.830200,Payment System,System,system,10711.47,EUR,ES,V7508,medium,PO591105,,completed,False,
CASE-00067,INV-000067,Invoice paid,2026-01-10T11:13:26.830200,Payment System,System,system,10711.47,EUR,ES,V7508,medium,PO591105,,paid,False,
CASE-00068,INV-000068,Invoice received,2026-01-05T15:55:00,Coupa,System,system,13737.38,EUR,ES,V3125,low,PO173461,,completed,False,
CASE-00068,INV-000068,Validate invoice data,2026-01-05T16:19:00,Coupa,AP Clerk,ap08,13737.38,EUR,ES,V3125,low,PO173461,,completed,False,
CASE-00068,INV-000068,Check PO exists,2026-01-05T16:37:00,SAP,System,system,13737.38,EUR,ES,V3125,low,PO173461,,completed,False,
CASE-00068,INV-000068,Run three-way match,2026-01-05T17:07:00,SAP,System,system,13737.38,EUR,ES,V3125,low,PO173461,,completed,False,
CASE-00068,INV-000068,Run duplicate invoice check,2026-01-05T17:19:00,SAP,System,system,13737.38,EUR,ES,V3125,low,PO173461,,completed,False,
CASE-00068,INV-000068,Check vendor risk,2026-01-05T17:31:00,Vendor Master Data,System,system,13737.38,EUR,ES,V3125,low,PO173461,,completed,False,
CASE-00068,INV-000068,Check approval threshold,2026-01-05T17:37:00,SAP,System,system,13737.38,EUR,ES,V3125,low,PO173461,,completed,False,
CASE-00068,INV-000068,Finance manager approval,2026-01-06T01:13:38.024223,SAP,Finance Manager,ap08,13737.38,EUR,ES,V3125,low,PO173461,,completed,False,
CASE-00068,INV-000068,Schedule payment,2026-01-06T06:45:47.891052,Payment System,System,system,13737.38,EUR,ES,V3125,low,PO173461,,completed,False,
CASE-00068,INV-000068,Send remittance notice,2026-01-06T06:51:47.891052,Payment System,System,system,13737.38,EUR,ES,V3125,low,PO173461,,completed,False,
CASE-00068,INV-000068,Invoice paid,2026-01-06T06:57:47.891052,Payment System,System,system,13737.38,EUR,ES,V3125,low,PO173461,,paid,False,
CASE-00069,INV-000069,Invoice received,2026-01-05T16:02:00,Coupa,System,system,22402.2,EUR,FR,V8051,low,PO373543,,completed,False,
CASE-00069,INV-000069,Validate invoice data,2026-01-05T16:26:00,Coupa,AP Clerk,ap24,22402.2,EUR,FR,V8051,low,PO373543,,completed,False,
CASE-00069,INV-000069,Check PO exists,2026-01-05T16:44:00,SAP,System,system,22402.2,EUR,FR,V8051,low,PO373543,,completed,False,
CASE-00069,INV-000069,Run three-way match,2026-01-05T17:14:00,SAP,System,system,22402.2,EUR,FR,V8051,low,PO373543,,completed,False,
CASE-00069,INV-000069,Run duplicate invoice check,2026-01-05T17:26:00,SAP,System,system,22402.2,EUR,FR,V8051,low,PO373543,,completed,False,
CASE-00069,INV-000069,Check vendor risk,2026-01-05T17:38:00,Vendor Master Data,System,system,22402.2,EUR,FR,V8051,low,PO373543,,completed,False,
CASE-00069,INV-000069,Check approval threshold,2026-01-05T17:44:00,SAP,System,system,22402.2,EUR,FR,V8051,low,PO373543,,completed,False,
CASE-00069,INV-000069,Finance manager approval,2026-01-07T09:07:27.847852,SAP,Finance Manager,ap24,22402.2,EUR,FR,V8051,low,PO373543,,completed,False,
CASE-00069,INV-000069,Schedule payment,2026-01-07T16:18:12.358424,Payment System,System,system,22402.2,EUR,FR,V8051,low,PO373543,,completed,False,
CASE-00069,INV-000069,Send remittance notice,2026-01-07T16:24:12.358424,Payment System,System,system,22402.2,EUR,FR,V8051,low,PO373543,,completed,False,
CASE-00069,INV-000069,Invoice paid,2026-01-07T16:30:12.358424,Payment System,System,system,22402.2,EUR,FR,V8051,low,PO373543,,paid,False,
CASE-00070,INV-000070,Invoice received,2026-01-05T16:09:00,Coupa,System,system,8220.15,EUR,IT,V3426,medium,PO226044,,completed,False,
CASE-00070,INV-000070,Validate invoice data,2026-01-05T16:33:00,Coupa,AP Clerk,ap22,8220.15,EUR,IT,V3426,medium,PO226044,,completed,False,
CASE-00070,INV-000070,Manual Email Review,2026-01-06T18:27:35.907240,Email and Excel,AP Clerk,ap22,8220.15,EUR,IT,V3426,medium,PO226044,,completed,True,Manual Email Review
CASE-00070,INV-000070,Check PO exists,2026-01-06T18:45:35.907240,SAP,System,system,8220.15,EUR,IT,V3426,medium,PO226044,,completed,False,
CASE-00070,INV-000070,Run three-way match,2026-01-06T19:15:35.907240,SAP,System,system,8220.15,EUR,IT,V3426,medium,PO226044,,completed,False,
CASE-00070,INV-000070,Classify exception,2026-01-06T19:27:35.907240,ServiceNow,AP Clerk,ap22,8220.15,EUR,IT,V3426,medium,PO226044,price_mismatch,completed,False,
CASE-00070,INV-000070,Create price mismatch ticket,2026-01-06T19:39:35.907240,ServiceNow,System,system,8220.15,EUR,IT,V3426,medium,PO226044,price_mismatch,completed,False,
CASE-00070,INV-000070,AP review price mismatch,2026-01-11T14:39:45.886211,ServiceNow,AP Clerk,ap22,8220.15,EUR,IT,V3426,medium,PO226044,price_mismatch,completed,False,
CASE-00070,INV-000070,Excel Price Correction,2026-01-12T08:55:39.796964,Email and Excel,AP Clerk,ap22,8220.15,EUR,IT,V3426,medium,PO226044,price_mismatch,completed,True,Excel Price Correction
CASE-00070,INV-000070,Correction for price mismatch,2026-01-13T01:38:29.582824,SAP,Procurement Specialist,ap22,8220.15,EUR,IT,V3426,medium,PO226044,price_mismatch,completed,False,
CASE-00070,INV-000070,Run three-way match,2026-01-13T02:02:29.582824,SAP,System,system,8220.15,EUR,IT,V3426,medium,PO226044,price_mismatch,completed,False,
CASE-00070,INV-000070,Run duplicate invoice check,2026-01-13T02:14:29.582824,SAP,System,system,8220.15,EUR,IT,V3426,medium,PO226044,,completed,False,
CASE-00070,INV-000070,Check vendor risk,2026-01-13T02:26:29.582824,Vendor Master Data,System,system,8220.15,EUR,IT,V3426,medium,PO226044,,completed,False,
CASE-00070,INV-000070,Check approval threshold,2026-01-13T02:32:29.582824,SAP,System,system,8220.15,EUR,IT,V3426,medium,PO226044,,completed,False,
CASE-00070,INV-000070,Auto approve for payment scheduling,2026-01-13T02:38:29.582824,SAP,System,system,8220.15,EUR,IT,V3426,medium,PO226044,,completed,False,
CASE-00070,INV-000070,Schedule payment,2026-01-13T08:57:15.935025,Payment System,System,system,8220.15,EUR,IT,V3426,medium,PO226044,,completed,False,
CASE-00070,INV-000070,Send remittance notice,2026-01-13T09:03:15.935025,Payment System,System,system,8220.15,EUR,IT,V3426,medium,PO226044,,completed,False,
CASE-00070,INV-000070,Invoice paid,2026-01-13T09:09:15.935025,Payment System,System,system,8220.15,EUR,IT,V3426,medium,PO226044,,paid,False,
CASE-00071,INV-000071,Invoice received,2026-01-05T16:16:00,Coupa,System,system,22969.86,EUR,IT,V6127,low,PO565060,,completed,False,
CASE-00071,INV-000071,Validate invoice data,2026-01-05T16:40:00,Coupa,AP Clerk,ap16,22969.86,EUR,IT,V6127,low,PO565060,,completed,False,
CASE-00071,INV-000071,Check PO exists,2026-01-05T16:58:00,SAP,System,system,22969.86,EUR,IT,V6127,low,PO565060,,completed,False,
CASE-00071,INV-000071,Create missing PO exception,2026-01-05T17:10:00,ServiceNow,System,system,22969.86,EUR,IT,V6127,low,PO565060,missing_po,completed,False,
CASE-00071,INV-000071,AP review missing PO,2026-01-08T17:20:27.845325,ServiceNow,AP Clerk,ap16,22969.86,EUR,IT,V6127,low,PO565060,missing_po,completed,False,
CASE-00071,INV-000071,Procurement correction,2026-01-09T16:55:58.258722,SAP,Procurement Specialist,ap16,22969.86,EUR,IT,V6127,low,PO565060,missing_po,completed,False,
CASE-00071,INV-000071,Check PO exists,2026-01-09T17:07:58.258722,SAP,System,system,22969.86,EUR,IT,V6127,low,PO565060,missing_po,completed,False,
CASE-00071,INV-000071,Run three-way match,2026-01-09T17:37:58.258722,SAP,System,system,22969.86,EUR,IT,V6127,low,PO565060,,completed,False,
CASE-00071,INV-000071,Run duplicate invoice check,2026-01-09T17:49:58.258722,SAP,System,system,22969.86,EUR,IT,V6127,low,PO565060,,completed,False,
CASE-00071,INV-000071,Check vendor risk,2026-01-09T18:01:58.258722,Vendor Master Data,System,system,22969.86,EUR,IT,V6127,low,PO565060,,completed,False,
CASE-00071,INV-000071,Check approval threshold,2026-01-09T18:07:58.258722,SAP,System,system,22969.86,EUR,IT,V6127,low,PO565060,,completed,False,
CASE-00071,INV-000071,Finance manager approval,2026-01-10T12:25:10.588869,SAP,Finance Manager,ap16,22969.86,EUR,IT,V6127,low,PO565060,,completed,False,
CASE-00071,INV-000071,Schedule payment,2026-01-11T00:03:22.872919,Payment System,System,system,22969.86,EUR,IT,V6127,low,PO565060,,completed,False,
CASE-00071,INV-000071,Send remittance notice,2026-01-11T00:09:22.872919,Payment System,System,system,22969.86,EUR,IT,V6127,low,PO565060,,completed,False,
CASE-00071,INV-000071,Invoice paid,2026-01-11T00:15:22.872919,Payment System,System,system,22969.86,EUR,IT,V6127,low,PO565060,,paid,False,
CASE-00072,INV-000072,Invoice received,2026-01-05T16:23:00,Coupa,System,system,8225.42,EUR,FR,V9036,low,PO492768,,completed,False,
CASE-00072,INV-000072,Validate invoice data,2026-01-05T16:47:00,Coupa,AP Clerk,ap10,8225.42,EUR,FR,V9036,low,PO492768,,completed,False,
CASE-00072,INV-000072,Manual Email Review,2026-01-06T03:51:09.399669,Email and Excel,AP Clerk,ap10,8225.42,EUR,FR,V9036,low,PO492768,,completed,True,Manual Email Review
CASE-00072,INV-000072,Check PO exists,2026-01-06T04:09:09.399669,SAP,System,system,8225.42,EUR,FR,V9036,low,PO492768,,completed,False,
CASE-00072,INV-000072,Run three-way match,2026-01-06T04:39:09.399669,SAP,System,system,8225.42,EUR,FR,V9036,low,PO492768,,completed,False,
CASE-00072,INV-000072,Run duplicate invoice check,2026-01-06T04:51:09.399669,SAP,System,system,8225.42,EUR,FR,V9036,low,PO492768,,completed,False,
CASE-00072,INV-000072,Check vendor risk,2026-01-06T05:03:09.399669,Vendor Master Data,System,system,8225.42,EUR,FR,V9036,low,PO492768,,completed,False,
CASE-00072,INV-000072,Check approval threshold,2026-01-06T05:09:09.399669,SAP,System,system,8225.42,EUR,FR,V9036,low,PO492768,,completed,False,
CASE-00072,INV-000072,Auto approve for payment scheduling,2026-01-06T05:15:09.399669,SAP,System,system,8225.42,EUR,FR,V9036,low,PO492768,,completed,False,
CASE-00072,INV-000072,Schedule payment,2026-01-06T15:30:57.365699,Payment System,System,system,8225.42,EUR,FR,V9036,low,PO492768,,completed,False,
CASE-00072,INV-000072,Send remittance notice,2026-01-06T15:36:57.365699,Payment System,System,system,8225.42,EUR,FR,V9036,low,PO492768,,completed,False,
CASE-00072,INV-000072,Invoice paid,2026-01-06T15:42:57.365699,Payment System,System,system,8225.42,EUR,FR,V9036,low,PO492768,,paid,False,
CASE-00073,INV-000073,Invoice received,2026-01-05T16:30:00,Coupa,System,system,21392.71,EUR,IT,V3871,low,PO679459,,completed,False,
CASE-00073,INV-000073,Validate invoice data,2026-01-05T16:54:00,Coupa,AP Clerk,ap24,21392.71,EUR,IT,V3871,low,PO679459,,completed,False,
CASE-00073,INV-000073,Check PO exists,2026-01-05T17:12:00,SAP,System,system,21392.71,EUR,IT,V3871,low,PO679459,,completed,False,
CASE-00073,INV-000073,Run three-way match,2026-01-05T17:42:00,SAP,System,system,21392.71,EUR,IT,V3871,low,PO679459,,completed,False,
CASE-00073,INV-000073,Run duplicate invoice check,2026-01-05T17:54:00,SAP,System,system,21392.71,EUR,IT,V3871,low,PO679459,,completed,False,
CASE-00073,INV-000073,Check vendor risk,2026-01-05T18:06:00,Vendor Master Data,System,system,21392.71,EUR,IT,V3871,low,PO679459,,completed,False,
CASE-00073,INV-000073,Check approval threshold,2026-01-05T18:12:00,SAP,System,system,21392.71,EUR,IT,V3871,low,PO679459,,completed,False,
CASE-00073,INV-000073,Finance manager approval,2026-01-06T03:25:07.739775,SAP,Finance Manager,ap24,21392.71,EUR,IT,V3871,low,PO679459,,completed,False,
CASE-00073,INV-000073,Schedule payment,2026-01-06T11:56:50.606764,Payment System,System,system,21392.71,EUR,IT,V3871,low,PO679459,,completed,False,
CASE-00073,INV-000073,Send remittance notice,2026-01-06T12:02:50.606764,Payment System,System,system,21392.71,EUR,IT,V3871,low,PO679459,,completed,False,
CASE-00073,INV-000073,Invoice paid,2026-01-06T12:08:50.606764,Payment System,System,system,21392.71,EUR,IT,V3871,low,PO679459,,paid,False,
CASE-00074,INV-000074,Invoice received,2026-01-05T16:37:00,Coupa,System,system,3827.24,EUR,FR,V3999,medium,PO315176,,completed,False,
CASE-00074,INV-000074,Validate invoice data,2026-01-05T17:01:00,Coupa,AP Clerk,ap17,3827.24,EUR,FR,V3999,medium,PO315176,,completed,False,
CASE-00074,INV-000074,Check PO exists,2026-01-05T17:19:00,SAP,System,system,3827.24,EUR,FR,V3999,medium,PO315176,,completed,False,
CASE-00074,INV-000074,Run three-way match,2026-01-05T17:49:00,SAP,System,system,3827.24,EUR,FR,V3999,medium,PO315176,,completed,False,
CASE-00074,INV-000074,Run duplicate invoice check,2026-01-05T18:01:00,SAP,System,system,3827.24,EUR,FR,V3999,medium,PO315176,,completed,False,
CASE-00074,INV-000074,Check vendor risk,2026-01-05T18:13:00,Vendor Master Data,System,system,3827.24,EUR,FR,V3999,medium,PO315176,,completed,False,
CASE-00074,INV-000074,Check approval threshold,2026-01-05T18:19:00,SAP,System,system,3827.24,EUR,FR,V3999,medium,PO315176,,completed,False,
CASE-00074,INV-000074,Auto approve for payment scheduling,2026-01-05T18:25:00,SAP,System,system,3827.24,EUR,FR,V3999,medium,PO315176,,completed,False,
CASE-00074,INV-000074,Schedule payment,2026-01-05T22:32:46.723342,Payment System,System,system,3827.24,EUR,FR,V3999,medium,PO315176,,completed,False,
CASE-00074,INV-000074,Send remittance notice,2026-01-05T22:38:46.723342,Payment System,System,system,3827.24,EUR,FR,V3999,medium,PO315176,,completed,False,
CASE-00074,INV-000074,Invoice paid,2026-01-05T22:44:46.723342,Payment System,System,system,3827.24,EUR,FR,V3999,medium,PO315176,,paid,False,
CASE-00075,INV-000075,Invoice received,2026-01-05T16:44:00,Coupa,System,system,13320.22,EUR,NL,V9763,low,PO448440,,completed,False,
CASE-00075,INV-000075,Validate invoice data,2026-01-05T17:08:00,Coupa,AP Clerk,ap01,13320.22,EUR,NL,V9763,low,PO448440,,completed,False,
CASE-00075,INV-000075,Check PO exists,2026-01-05T17:26:00,SAP,System,system,13320.22,EUR,NL,V9763,low,PO448440,,completed,False,
CASE-00075,INV-000075,Run three-way match,2026-01-05T17:56:00,SAP,System,system,13320.22,EUR,NL,V9763,low,PO448440,,completed,False,
CASE-00075,INV-000075,Run duplicate invoice check,2026-01-05T18:08:00,SAP,System,system,13320.22,EUR,NL,V9763,low,PO448440,,completed,False,
CASE-00075,INV-000075,Check vendor risk,2026-01-05T18:20:00,Vendor Master Data,System,system,13320.22,EUR,NL,V9763,low,PO448440,,completed,False,
CASE-00075,INV-000075,Check approval threshold,2026-01-05T18:26:00,SAP,System,system,13320.22,EUR,NL,V9763,low,PO448440,,completed,False,
CASE-00075,INV-000075,Finance manager approval,2026-01-07T14:39:13.419060,SAP,Finance Manager,ap01,13320.22,EUR,NL,V9763,low,PO448440,,completed,False,
CASE-00075,INV-000075,Schedule payment,2026-01-07T22:19:03.124315,Payment System,System,system,13320.22,EUR,NL,V9763,low,PO448440,,completed,False,
CASE-00075,INV-000075,Send remittance notice,2026-01-07T22:25:03.124315,Payment System,System,system,13320.22,EUR,NL,V9763,low,PO448440,,completed,False,
CASE-00075,INV-000075,Invoice paid,2026-01-07T22:31:03.124315,Payment System,System,system,13320.22,EUR,NL,V9763,low,PO448440,,paid,False,
CASE-00076,INV-000076,Invoice received,2026-01-05T16:51:00,Coupa,System,system,7200.26,EUR,DE,V2761,low,PO602991,,completed,False,
CASE-00076,INV-000076,Validate invoice data,2026-01-05T17:15:00,Coupa,AP Clerk,ap12,7200.26,EUR,DE,V2761,low,PO602991,,completed,False,
CASE-00076,INV-000076,Check PO exists,2026-01-05T17:33:00,SAP,System,system,7200.26,EUR,DE,V2761,low,PO602991,,completed,False,
CASE-00076,INV-000076,Run three-way match,2026-01-05T18:03:00,SAP,System,system,7200.26,EUR,DE,V2761,low,PO602991,,completed,False,
CASE-00076,INV-000076,Run duplicate invoice check,2026-01-05T18:15:00,SAP,System,system,7200.26,EUR,DE,V2761,low,PO602991,,completed,False,
CASE-00076,INV-000076,Check vendor risk,2026-01-05T18:27:00,Vendor Master Data,System,system,7200.26,EUR,DE,V2761,low,PO602991,,completed,False,
CASE-00076,INV-000076,Check approval threshold,2026-01-05T18:33:00,SAP,System,system,7200.26,EUR,DE,V2761,low,PO602991,,completed,False,
CASE-00076,INV-000076,Auto approve for payment scheduling,2026-01-05T18:39:00,SAP,System,system,7200.26,EUR,DE,V2761,low,PO602991,,completed,False,
CASE-00076,INV-000076,Schedule payment,2026-01-06T04:54:17.141153,Payment System,System,system,7200.26,EUR,DE,V2761,low,PO602991,,completed,False,
CASE-00076,INV-000076,Send remittance notice,2026-01-06T05:00:17.141153,Payment System,System,system,7200.26,EUR,DE,V2761,low,PO602991,,completed,False,
CASE-00076,INV-000076,Invoice paid,2026-01-06T05:06:17.141153,Payment System,System,system,7200.26,EUR,DE,V2761,low,PO602991,,paid,False,
CASE-00077,INV-000077,Invoice received,2026-01-05T16:58:00,Coupa,System,system,24532.81,EUR,NL,V1375,low,PO178887,,completed,False,
CASE-00077,INV-000077,Validate invoice data,2026-01-05T17:22:00,Coupa,AP Clerk,ap16,24532.81,EUR,NL,V1375,low,PO178887,,completed,False,
CASE-00077,INV-000077,Check PO exists,2026-01-05T17:40:00,SAP,System,system,24532.81,EUR,NL,V1375,low,PO178887,,completed,False,
CASE-00077,INV-000077,Run three-way match,2026-01-05T18:10:00,SAP,System,system,24532.81,EUR,NL,V1375,low,PO178887,,completed,False,
CASE-00077,INV-000077,Classify exception,2026-01-05T18:22:00,ServiceNow,AP Clerk,ap16,24532.81,EUR,NL,V1375,low,PO178887,quantity_mismatch,completed,False,
CASE-00077,INV-000077,Create quantity mismatch ticket,2026-01-05T18:34:00,ServiceNow,System,system,24532.81,EUR,NL,V1375,low,PO178887,quantity_mismatch,completed,False,
CASE-00077,INV-000077,AP review quantity mismatch,2026-01-09T22:44:43.129521,ServiceNow,AP Clerk,ap16,24532.81,EUR,NL,V1375,low,PO178887,quantity_mismatch,completed,False,
CASE-00077,INV-000077,Correction for quantity mismatch,2026-01-10T03:14:06.608042,SAP,Procurement Specialist,ap16,24532.81,EUR,NL,V1375,low,PO178887,quantity_mismatch,completed,False,
CASE-00077,INV-000077,Run three-way match,2026-01-10T03:38:06.608042,SAP,System,system,24532.81,EUR,NL,V1375,low,PO178887,quantity_mismatch,completed,False,
CASE-00077,INV-000077,Run duplicate invoice check,2026-01-10T03:50:06.608042,SAP,System,system,24532.81,EUR,NL,V1375,low,PO178887,,completed,False,
CASE-00077,INV-000077,Check vendor risk,2026-01-10T04:02:06.608042,Vendor Master Data,System,system,24532.81,EUR,NL,V1375,low,PO178887,,completed,False,
CASE-00077,INV-000077,Check approval threshold,2026-01-10T04:08:06.608042,SAP,System,system,24532.81,EUR,NL,V1375,low,PO178887,,completed,False,
CASE-00077,INV-000077,Finance manager approval,2026-01-12T00:10:49.581811,SAP,Finance Manager,ap16,24532.81,EUR,NL,V1375,low,PO178887,,completed,False,
CASE-00077,INV-000077,Schedule payment,2026-01-12T08:43:21.768008,Payment System,System,system,24532.81,EUR,NL,V1375,low,PO178887,,completed,False,
CASE-00077,INV-000077,Send remittance notice,2026-01-12T08:49:21.768008,Payment System,System,system,24532.81,EUR,NL,V1375,low,PO178887,,completed,False,
CASE-00077,INV-000077,Invoice paid,2026-01-12T08:55:21.768008,Payment System,System,system,24532.81,EUR,NL,V1375,low,PO178887,,paid,False,
CASE-00078,INV-000078,Invoice received,2026-01-05T17:05:00,Coupa,System,system,2009.44,EUR,DE,V9040,low,PO375566,,completed,False,
CASE-00078,INV-000078,Validate invoice data,2026-01-05T17:29:00,Coupa,AP Clerk,ap04,2009.44,EUR,DE,V9040,low,PO375566,,completed,False,
CASE-00078,INV-000078,Check PO exists,2026-01-05T17:47:00,SAP,System,system,2009.44,EUR,DE,V9040,low,PO375566,,completed,False,
CASE-00078,INV-000078,Run three-way match,2026-01-05T18:17:00,SAP,System,system,2009.44,EUR,DE,V9040,low,PO375566,,completed,False,
CASE-00078,INV-000078,Run duplicate invoice check,2026-01-05T18:29:00,SAP,System,system,2009.44,EUR,DE,V9040,low,PO375566,,completed,False,
CASE-00078,INV-000078,Check vendor risk,2026-01-05T18:41:00,Vendor Master Data,System,system,2009.44,EUR,DE,V9040,low,PO375566,,completed,False,
CASE-00078,INV-000078,Check approval threshold,2026-01-05T18:47:00,SAP,System,system,2009.44,EUR,DE,V9040,low,PO375566,,completed,False,
CASE-00078,INV-000078,Auto approve for payment scheduling,2026-01-05T18:53:00,SAP,System,system,2009.44,EUR,DE,V9040,low,PO375566,,completed,False,
CASE-00078,INV-000078,Schedule payment,2026-01-06T06:50:40.080654,Payment System,System,system,2009.44,EUR,DE,V9040,low,PO375566,,completed,False,
CASE-00078,INV-000078,Send remittance notice,2026-01-06T06:56:40.080654,Payment System,System,system,2009.44,EUR,DE,V9040,low,PO375566,,completed,False,
CASE-00078,INV-000078,Invoice paid,2026-01-06T07:02:40.080654,Payment System,System,system,2009.44,EUR,DE,V9040,low,PO375566,,paid,False,
CASE-00079,INV-000079,Invoice received,2026-01-05T17:12:00,Coupa,System,system,4875.9,EUR,IT,V1102,low,PO299877,,completed,False,
CASE-00079,INV-000079,Validate invoice data,2026-01-05T17:36:00,Coupa,AP Clerk,ap21,4875.9,EUR,IT,V1102,low,PO299877,,completed,False,
CASE-00079,INV-000079,Check PO exists,2026-01-05T17:54:00,SAP,System,system,4875.9,EUR,IT,V1102,low,PO299877,,completed,False,
CASE-00079,INV-000079,Run three-way match,2026-01-05T18:24:00,SAP,System,system,4875.9,EUR,IT,V1102,low,PO299877,,completed,False,
CASE-00079,INV-000079,Run duplicate invoice check,2026-01-05T18:36:00,SAP,System,system,4875.9,EUR,IT,V1102,low,PO299877,,completed,False,
CASE-00079,INV-000079,Check vendor risk,2026-01-05T18:48:00,Vendor Master Data,System,system,4875.9,EUR,IT,V1102,low,PO299877,,completed,False,
CASE-00079,INV-000079,Check approval threshold,2026-01-05T18:54:00,SAP,System,system,4875.9,EUR,IT,V1102,low,PO299877,,completed,False,
CASE-00079,INV-000079,Auto approve for payment scheduling,2026-01-05T19:00:00,SAP,System,system,4875.9,EUR,IT,V1102,low,PO299877,,completed,False,
CASE-00079,INV-000079,Schedule payment,2026-01-06T02:08:13.889567,Payment System,System,system,4875.9,EUR,IT,V1102,low,PO299877,,completed,False,
CASE-00079,INV-000079,Send remittance notice,2026-01-06T02:14:13.889567,Payment System,System,system,4875.9,EUR,IT,V1102,low,PO299877,,completed,False,
CASE-00079,INV-000079,Invoice paid,2026-01-06T02:20:13.889567,Payment System,System,system,4875.9,EUR,IT,V1102,low,PO299877,,paid,False,
CASE-00080,INV-000080,Invoice received,2026-01-05T17:19:00,Coupa,System,system,17264.24,EUR,IT,V6736,low,PO385261,,completed,False,
CASE-00080,INV-000080,Validate invoice data,2026-01-05T17:43:00,Coupa,AP Clerk,ap05,17264.24,EUR,IT,V6736,low,PO385261,,completed,False,
CASE-00080,INV-000080,Check PO exists,2026-01-05T18:01:00,SAP,System,system,17264.24,EUR,IT,V6736,low,PO385261,,completed,False,
CASE-00080,INV-000080,Run three-way match,2026-01-05T18:31:00,SAP,System,system,17264.24,EUR,IT,V6736,low,PO385261,,completed,False,
CASE-00080,INV-000080,Run duplicate invoice check,2026-01-05T18:43:00,SAP,System,system,17264.24,EUR,IT,V6736,low,PO385261,,completed,False,
CASE-00080,INV-000080,Check vendor risk,2026-01-05T18:55:00,Vendor Master Data,System,system,17264.24,EUR,IT,V6736,low,PO385261,,completed,False,
CASE-00080,INV-000080,Check approval threshold,2026-01-05T19:01:00,SAP,System,system,17264.24,EUR,IT,V6736,low,PO385261,,completed,False,
CASE-00080,INV-000080,Finance manager approval,2026-01-06T10:48:54.093896,SAP,Finance Manager,ap05,17264.24,EUR,IT,V6736,low,PO385261,,completed,False,
CASE-00080,INV-000080,Schedule payment,2026-01-06T19:31:13.872028,Payment System,System,system,17264.24,EUR,IT,V6736,low,PO385261,,completed,False,
CASE-00080,INV-000080,Send remittance notice,2026-01-06T19:37:13.872028,Payment System,System,system,17264.24,EUR,IT,V6736,low,PO385261,,completed,False,
CASE-00080,INV-000080,Invoice paid,2026-01-06T19:43:13.872028,Payment System,System,system,17264.24,EUR,IT,V6736,low,PO385261,,paid,False,
CASE-00081,INV-000081,Invoice received,2026-01-05T17:26:00,Coupa,System,system,10740.51,EUR,DE,V7386,low,PO824944,,completed,False,
CASE-00081,INV-000081,Validate invoice data,2026-01-05T17:50:00,Coupa,AP Clerk,ap15,10740.51,EUR,DE,V7386,low,PO824944,,completed,False,
CASE-00081,INV-000081,Check PO exists,2026-01-05T18:08:00,SAP,System,system,10740.51,EUR,DE,V7386,low,PO824944,,completed,False,
CASE-00081,INV-000081,Run three-way match,2026-01-05T18:38:00,SAP,System,system,10740.51,EUR,DE,V7386,low,PO824944,,completed,False,
CASE-00081,INV-000081,Run duplicate invoice check,2026-01-05T18:50:00,SAP,System,system,10740.51,EUR,DE,V7386,low,PO824944,,completed,False,
CASE-00081,INV-000081,Check vendor risk,2026-01-05T19:02:00,Vendor Master Data,System,system,10740.51,EUR,DE,V7386,low,PO824944,,completed,False,
CASE-00081,INV-000081,Check approval threshold,2026-01-05T19:08:00,SAP,System,system,10740.51,EUR,DE,V7386,low,PO824944,,completed,False,
CASE-00081,INV-000081,Finance manager approval,2026-01-07T12:18:38.549901,SAP,Finance Manager,ap15,10740.51,EUR,DE,V7386,low,PO824944,,completed,False,
CASE-00081,INV-000081,Schedule payment,2026-01-07T18:14:55.146423,Payment System,System,system,10740.51,EUR,DE,V7386,low,PO824944,,completed,False,
CASE-00081,INV-000081,Send remittance notice,2026-01-07T18:20:55.146423,Payment System,System,system,10740.51,EUR,DE,V7386,low,PO824944,,completed,False,
CASE-00081,INV-000081,Invoice paid,2026-01-07T18:26:55.146423,Payment System,System,system,10740.51,EUR,DE,V7386,low,PO824944,,paid,False,
CASE-00082,INV-000082,Invoice received,2026-01-05T17:33:00,Coupa,System,system,23171.78,EUR,ES,V3806,low,PO880531,,completed,False,
CASE-00082,INV-000082,Validate invoice data,2026-01-05T17:57:00,Coupa,AP Clerk,ap24,23171.78,EUR,ES,V3806,low,PO880531,,completed,False,
CASE-00082,INV-000082,Check PO exists,2026-01-05T18:15:00,SAP,System,system,23171.78,EUR,ES,V3806,low,PO880531,,completed,False,
CASE-00082,INV-000082,Run three-way match,2026-01-05T18:45:00,SAP,System,system,23171.78,EUR,ES,V3806,low,PO880531,,completed,False,
CASE-00082,INV-000082,Classify exception,2026-01-05T18:57:00,ServiceNow,AP Clerk,ap24,23171.78,EUR,ES,V3806,low,PO880531,quantity_mismatch,completed,False,
CASE-00082,INV-000082,Create quantity mismatch ticket,2026-01-05T19:09:00,ServiceNow,System,system,23171.78,EUR,ES,V3806,low,PO880531,quantity_mismatch,completed,False,
CASE-00082,INV-000082,AP review quantity mismatch,2026-01-08T16:20:11.762102,ServiceNow,AP Clerk,ap24,23171.78,EUR,ES,V3806,low,PO880531,quantity_mismatch,completed,False,
CASE-00082,INV-000082,Correction for quantity mismatch,2026-01-08T22:53:23.943603,SAP,Procurement Specialist,ap24,23171.78,EUR,ES,V3806,low,PO880531,quantity_mismatch,completed,False,
CASE-00082,INV-000082,Ticket Reopened,2026-01-10T18:46:42.416155,ServiceNow,AP Clerk,ap24,23171.78,EUR,ES,V3806,low,PO880531,quantity_mismatch,completed,True,Ticket Reopened
CASE-00082,INV-000082,AP review quantity mismatch,2026-01-11T17:25:24.900087,ServiceNow,AP Clerk,ap24,23171.78,EUR,ES,V3806,low,PO880531,quantity_mismatch,completed,False,
CASE-00082,INV-000082,Run three-way match,2026-01-11T17:49:24.900087,SAP,System,system,23171.78,EUR,ES,V3806,low,PO880531,quantity_mismatch,completed,False,
CASE-00082,INV-000082,Run duplicate invoice check,2026-01-11T18:01:24.900087,SAP,System,system,23171.78,EUR,ES,V3806,low,PO880531,,completed,False,
CASE-00082,INV-000082,Check vendor risk,2026-01-11T18:13:24.900087,Vendor Master Data,System,system,23171.78,EUR,ES,V3806,low,PO880531,,completed,False,
CASE-00082,INV-000082,Check approval threshold,2026-01-11T18:19:24.900087,SAP,System,system,23171.78,EUR,ES,V3806,low,PO880531,,completed,False,
CASE-00082,INV-000082,Finance manager approval,2026-01-13T07:19:31.519454,SAP,Finance Manager,ap24,23171.78,EUR,ES,V3806,low,PO880531,,completed,False,
CASE-00082,INV-000082,Schedule payment,2026-01-13T14:10:31.487375,Payment System,System,system,23171.78,EUR,ES,V3806,low,PO880531,,completed,False,
CASE-00082,INV-000082,Send remittance notice,2026-01-13T14:16:31.487375,Payment System,System,system,23171.78,EUR,ES,V3806,low,PO880531,,completed,False,
CASE-00082,INV-000082,Invoice paid,2026-01-13T14:22:31.487375,Payment System,System,system,23171.78,EUR,ES,V3806,low,PO880531,,paid,False,
CASE-00083,INV-000083,Invoice received,2026-01-05T17:40:00,Coupa,System,system,5122.63,EUR,IT,V5028,medium,PO164761,,completed,False,
CASE-00083,INV-000083,Validate invoice data,2026-01-05T18:04:00,Coupa,AP Clerk,ap24,5122.63,EUR,IT,V5028,medium,PO164761,,completed,False,
CASE-00083,INV-000083,Check PO exists,2026-01-05T18:22:00,SAP,System,system,5122.63,EUR,IT,V5028,medium,PO164761,,completed,False,
CASE-00083,INV-000083,Run three-way match,2026-01-05T18:52:00,SAP,System,system,5122.63,EUR,IT,V5028,medium,PO164761,,completed,False,
CASE-00083,INV-000083,Run duplicate invoice check,2026-01-05T19:04:00,SAP,System,system,5122.63,EUR,IT,V5028,medium,PO164761,,completed,False,
CASE-00083,INV-000083,Check vendor risk,2026-01-05T19:16:00,Vendor Master Data,System,system,5122.63,EUR,IT,V5028,medium,PO164761,,completed,False,
CASE-00083,INV-000083,Check approval threshold,2026-01-05T19:22:00,SAP,System,system,5122.63,EUR,IT,V5028,medium,PO164761,,completed,False,
CASE-00083,INV-000083,Auto approve for payment scheduling,2026-01-05T19:28:00,SAP,System,system,5122.63,EUR,IT,V5028,medium,PO164761,,completed,False,
CASE-00083,INV-000083,Schedule payment,2026-01-06T05:42:28.192406,Payment System,System,system,5122.63,EUR,IT,V5028,medium,PO164761,,completed,False,
CASE-00083,INV-000083,Send remittance notice,2026-01-06T05:48:28.192406,Payment System,System,system,5122.63,EUR,IT,V5028,medium,PO164761,,completed,False,
CASE-00083,INV-000083,Invoice paid,2026-01-06T05:54:28.192406,Payment System,System,system,5122.63,EUR,IT,V5028,medium,PO164761,,paid,False,
CASE-00084,INV-000084,Invoice received,2026-01-05T17:47:00,Coupa,System,system,3466.39,EUR,ES,V7259,medium,PO620762,,completed,False,
CASE-00084,INV-000084,Validate invoice data,2026-01-05T18:11:00,Coupa,AP Clerk,ap03,3466.39,EUR,ES,V7259,medium,PO620762,,completed,False,
CASE-00084,INV-000084,Check PO exists,2026-01-05T18:29:00,SAP,System,system,3466.39,EUR,ES,V7259,medium,PO620762,,completed,False,
CASE-00084,INV-000084,Run three-way match,2026-01-05T18:59:00,SAP,System,system,3466.39,EUR,ES,V7259,medium,PO620762,,completed,False,
CASE-00084,INV-000084,Run duplicate invoice check,2026-01-05T19:11:00,SAP,System,system,3466.39,EUR,ES,V7259,medium,PO620762,,completed,False,
CASE-00084,INV-000084,Block invoice,2026-01-05T19:17:00,SAP,System,system,3466.39,EUR,ES,V7259,medium,PO620762,duplicate,completed,False,
CASE-00084,INV-000084,Finance controller review,2026-01-07T00:46:27.776309,SAP,Finance Controller,ap03,3466.39,EUR,ES,V7259,medium,PO620762,duplicate,completed,False,
CASE-00084,INV-000084,Invoice rejected,2026-01-07T00:52:27.776309,SAP,System,system,3466.39,EUR,ES,V7259,medium,PO620762,duplicate,rejected,False,
CASE-00085,INV-000085,Invoice received,2026-01-05T17:54:00,Coupa,System,system,9873.86,EUR,NL,V2506,high,PO565665,,completed,False,
CASE-00085,INV-000085,Validate invoice data,2026-01-05T18:18:00,Coupa,AP Clerk,ap09,9873.86,EUR,NL,V2506,high,PO565665,,completed,False,
CASE-00085,INV-000085,Check PO exists,2026-01-05T18:36:00,SAP,System,system,9873.86,EUR,NL,V2506,high,PO565665,,completed,False,
CASE-00085,INV-000085,Run three-way match,2026-01-05T19:06:00,SAP,System,system,9873.86,EUR,NL,V2506,high,PO565665,,completed,False,
CASE-00085,INV-000085,Classify exception,2026-01-05T19:18:00,ServiceNow,AP Clerk,ap09,9873.86,EUR,NL,V2506,high,PO565665,quantity_mismatch,completed,False,
CASE-00085,INV-000085,Create quantity mismatch ticket,2026-01-05T19:30:00,ServiceNow,System,system,9873.86,EUR,NL,V2506,high,PO565665,quantity_mismatch,completed,False,
CASE-00085,INV-000085,AP review quantity mismatch,2026-01-06T19:40:13.894021,ServiceNow,AP Clerk,ap09,9873.86,EUR,NL,V2506,high,PO565665,quantity_mismatch,completed,False,
CASE-00085,INV-000085,Correction for quantity mismatch,2026-01-07T07:54:06.130847,SAP,Procurement Specialist,ap09,9873.86,EUR,NL,V2506,high,PO565665,quantity_mismatch,completed,False,
CASE-00085,INV-000085,Run three-way match,2026-01-07T08:18:06.130847,SAP,System,system,9873.86,EUR,NL,V2506,high,PO565665,quantity_mismatch,completed,False,
CASE-00085,INV-000085,Run duplicate invoice check,2026-01-07T08:30:06.130847,SAP,System,system,9873.86,EUR,NL,V2506,high,PO565665,,completed,False,
CASE-00085,INV-000085,Check vendor risk,2026-01-07T08:42:06.130847,Vendor Master Data,System,system,9873.86,EUR,NL,V2506,high,PO565665,,completed,False,
CASE-00085,INV-000085,Compliance review,2026-01-08T01:37:25.916335,Vendor Master Data,Compliance Officer,ap09,9873.86,EUR,NL,V2506,high,PO565665,,completed,False,
CASE-00085,INV-000085,Check approval threshold,2026-01-08T01:43:25.916335,SAP,System,system,9873.86,EUR,NL,V2506,high,PO565665,,completed,False,
CASE-00085,INV-000085,Auto approve for payment scheduling,2026-01-08T01:49:25.916335,SAP,System,system,9873.86,EUR,NL,V2506,high,PO565665,,completed,False,
CASE-00085,INV-000085,Schedule payment,2026-01-08T05:58:22.106045,Payment System,System,system,9873.86,EUR,NL,V2506,high,PO565665,,completed,False,
CASE-00085,INV-000085,Send remittance notice,2026-01-08T06:04:22.106045,Payment System,System,system,9873.86,EUR,NL,V2506,high,PO565665,,completed,False,
CASE-00085,INV-000085,Invoice paid,2026-01-08T06:10:22.106045,Payment System,System,system,9873.86,EUR,NL,V2506,high,PO565665,,paid,False,
CASE-00086,INV-000086,Invoice received,2026-01-05T18:01:00,Coupa,System,system,3735.66,EUR,NL,V6132,high,PO423907,,completed,False,
CASE-00086,INV-000086,Validate invoice data,2026-01-05T18:25:00,Coupa,AP Clerk,ap13,3735.66,EUR,NL,V6132,high,PO423907,,completed,False,
CASE-00086,INV-000086,Check PO exists,2026-01-05T18:43:00,SAP,System,system,3735.66,EUR,NL,V6132,high,PO423907,,completed,False,
CASE-00086,INV-000086,Run three-way match,2026-01-05T19:13:00,SAP,System,system,3735.66,EUR,NL,V6132,high,PO423907,,completed,False,
CASE-00086,INV-000086,Classify exception,2026-01-05T19:25:00,ServiceNow,AP Clerk,ap13,3735.66,EUR,NL,V6132,high,PO423907,price_mismatch,completed,False,
CASE-00086,INV-000086,Create price mismatch ticket,2026-01-05T19:37:00,ServiceNow,System,system,3735.66,EUR,NL,V6132,high,PO423907,price_mismatch,completed,False,
CASE-00086,INV-000086,AP review price mismatch,2026-01-09T04:00:08.476339,ServiceNow,AP Clerk,ap13,3735.66,EUR,NL,V6132,high,PO423907,price_mismatch,completed,False,
CASE-00086,INV-000086,Correction for price mismatch,2026-01-09T15:59:49.106223,SAP,Procurement Specialist,ap13,3735.66,EUR,NL,V6132,high,PO423907,price_mismatch,completed,False,
CASE-00086,INV-000086,Run three-way match,2026-01-09T16:23:49.106223,SAP,System,system,3735.66,EUR,NL,V6132,high,PO423907,price_mismatch,completed,False,
CASE-00086,INV-000086,Run duplicate invoice check,2026-01-09T16:35:49.106223,SAP,System,system,3735.66,EUR,NL,V6132,high,PO423907,,completed,False,
CASE-00086,INV-000086,Check vendor risk,2026-01-09T16:47:49.106223,Vendor Master Data,System,system,3735.66,EUR,NL,V6132,high,PO423907,,completed,False,
CASE-00086,INV-000086,Compliance review,2026-01-12T10:03:10.292687,Vendor Master Data,Compliance Officer,ap13,3735.66,EUR,NL,V6132,high,PO423907,,completed,False,
CASE-00086,INV-000086,Check approval threshold,2026-01-12T10:09:10.292687,SAP,System,system,3735.66,EUR,NL,V6132,high,PO423907,,completed,False,
CASE-00086,INV-000086,Auto approve for payment scheduling,2026-01-12T10:15:10.292687,SAP,System,system,3735.66,EUR,NL,V6132,high,PO423907,,completed,False,
CASE-00086,INV-000086,Schedule payment,2026-01-12T20:24:39.491070,Payment System,System,system,3735.66,EUR,NL,V6132,high,PO423907,,completed,False,
CASE-00086,INV-000086,Send remittance notice,2026-01-12T20:30:39.491070,Payment System,System,system,3735.66,EUR,NL,V6132,high,PO423907,,completed,False,
CASE-00086,INV-000086,Invoice paid,2026-01-12T20:36:39.491070,Payment System,System,system,3735.66,EUR,NL,V6132,high,PO423907,,paid,False,
CASE-00087,INV-000087,Invoice received,2026-01-05T18:08:00,Coupa,System,system,20991.74,EUR,DE,V3964,low,PO291755,,completed,False,
CASE-00087,INV-000087,Validate invoice data,2026-01-05T18:32:00,Coupa,AP Clerk,ap25,20991.74,EUR,DE,V3964,low,PO291755,,completed,False,
CASE-00087,INV-000087,Check PO exists,2026-01-05T18:50:00,SAP,System,system,20991.74,EUR,DE,V3964,low,PO291755,,completed,False,
CASE-00087,INV-000087,Run three-way match,2026-01-05T19:20:00,SAP,System,system,20991.74,EUR,DE,V3964,low,PO291755,,completed,False,
CASE-00087,INV-000087,Run duplicate invoice check,2026-01-05T19:32:00,SAP,System,system,20991.74,EUR,DE,V3964,low,PO291755,,completed,False,
CASE-00087,INV-000087,Check vendor risk,2026-01-05T19:44:00,Vendor Master Data,System,system,20991.74,EUR,DE,V3964,low,PO291755,,completed,False,
CASE-00087,INV-000087,Check approval threshold,2026-01-05T19:50:00,SAP,System,system,20991.74,EUR,DE,V3964,low,PO291755,,completed,False,
CASE-00087,INV-000087,Finance manager approval,2026-01-07T18:38:28.754847,SAP,Finance Manager,ap25,20991.74,EUR,DE,V3964,low,PO291755,,completed,False,
CASE-00087,INV-000087,Schedule payment,2026-01-08T03:17:15.503178,Payment System,System,system,20991.74,EUR,DE,V3964,low,PO291755,,completed,False,
CASE-00087,INV-000087,Send remittance notice,2026-01-08T03:23:15.503178,Payment System,System,system,20991.74,EUR,DE,V3964,low,PO291755,,completed,False,
CASE-00087,INV-000087,Invoice paid,2026-01-08T03:29:15.503178,Payment System,System,system,20991.74,EUR,DE,V3964,low,PO291755,,paid,False,
CASE-00088,INV-000088,Invoice received,2026-01-05T18:15:00,Coupa,System,system,11318.57,EUR,DE,V7469,low,PO838283,,completed,False,
CASE-00088,INV-000088,Validate invoice data,2026-01-05T18:39:00,Coupa,AP Clerk,ap21,11318.57,EUR,DE,V7469,low,PO838283,,completed,False,
CASE-00088,INV-000088,Check PO exists,2026-01-05T18:57:00,SAP,System,system,11318.57,EUR,DE,V7469,low,PO838283,,completed,False,
CASE-00088,INV-000088,Run three-way match,2026-01-05T19:27:00,SAP,System,system,11318.57,EUR,DE,V7469,low,PO838283,,completed,False,
CASE-00088,INV-000088,Run duplicate invoice check,2026-01-05T19:39:00,SAP,System,system,11318.57,EUR,DE,V7469,low,PO838283,,completed,False,
CASE-00088,INV-000088,Check vendor risk,2026-01-05T19:51:00,Vendor Master Data,System,system,11318.57,EUR,DE,V7469,low,PO838283,,completed,False,
CASE-00088,INV-000088,Check approval threshold,2026-01-05T19:57:00,SAP,System,system,11318.57,EUR,DE,V7469,low,PO838283,,completed,False,
CASE-00088,INV-000088,Finance manager approval,2026-01-07T17:01:48.723992,SAP,Finance Manager,ap21,11318.57,EUR,DE,V7469,low,PO838283,,completed,False,
CASE-00088,INV-000088,Schedule payment,2026-01-08T02:18:09.273047,Payment System,System,system,11318.57,EUR,DE,V7469,low,PO838283,,completed,False,
CASE-00088,INV-000088,Send remittance notice,2026-01-08T02:24:09.273047,Payment System,System,system,11318.57,EUR,DE,V7469,low,PO838283,,completed,False,
CASE-00088,INV-000088,Invoice paid,2026-01-08T02:30:09.273047,Payment System,System,system,11318.57,EUR,DE,V7469,low,PO838283,,paid,False,
CASE-00089,INV-000089,Invoice received,2026-01-05T18:22:00,Coupa,System,system,11485.16,EUR,NL,V8800,high,PO860919,,completed,False,
CASE-00089,INV-000089,Validate invoice data,2026-01-05T18:46:00,Coupa,AP Clerk,ap13,11485.16,EUR,NL,V8800,high,PO860919,,completed,False,
CASE-00089,INV-000089,Check PO exists,2026-01-05T19:04:00,SAP,System,system,11485.16,EUR,NL,V8800,high,PO860919,,completed,False,
CASE-00089,INV-000089,Run three-way match,2026-01-05T19:34:00,SAP,System,system,11485.16,EUR,NL,V8800,high,PO860919,,completed,False,
CASE-00089,INV-000089,Run duplicate invoice check,2026-01-05T19:46:00,SAP,System,system,11485.16,EUR,NL,V8800,high,PO860919,,completed,False,
CASE-00089,INV-000089,Check vendor risk,2026-01-05T19:58:00,Vendor Master Data,System,system,11485.16,EUR,NL,V8800,high,PO860919,,completed,False,
CASE-00089,INV-000089,Compliance review,2026-01-07T19:11:09.746147,Vendor Master Data,Compliance Officer,ap13,11485.16,EUR,NL,V8800,high,PO860919,,completed,False,
CASE-00089,INV-000089,Check approval threshold,2026-01-07T19:17:09.746147,SAP,System,system,11485.16,EUR,NL,V8800,high,PO860919,,completed,False,
CASE-00089,INV-000089,Finance manager approval,2026-01-08T07:43:41.149225,SAP,Finance Manager,ap13,11485.16,EUR,NL,V8800,high,PO860919,,completed,False,
CASE-00089,INV-000089,Schedule payment,2026-01-08T13:58:50.215909,Payment System,System,system,11485.16,EUR,NL,V8800,high,PO860919,,completed,False,
CASE-00089,INV-000089,Send remittance notice,2026-01-08T14:04:50.215909,Payment System,System,system,11485.16,EUR,NL,V8800,high,PO860919,,completed,False,
CASE-00089,INV-000089,Invoice paid,2026-01-08T14:10:50.215909,Payment System,System,system,11485.16,EUR,NL,V8800,high,PO860919,,paid,False,
CASE-00090,INV-000090,Invoice received,2026-01-05T18:29:00,Coupa,System,system,18417.87,EUR,NL,V9900,low,PO407224,,completed,False,
CASE-00090,INV-000090,Validate invoice data,2026-01-05T18:53:00,Coupa,AP Clerk,ap23,18417.87,EUR,NL,V9900,low,PO407224,,completed,False,
CASE-00090,INV-000090,Check PO exists,2026-01-05T19:11:00,SAP,System,system,18417.87,EUR,NL,V9900,low,PO407224,,completed,False,
CASE-00090,INV-000090,Create missing PO exception,2026-01-05T19:23:00,ServiceNow,System,system,18417.87,EUR,NL,V9900,low,PO407224,missing_po,completed,False,
CASE-00090,INV-000090,AP review missing PO,2026-01-07T09:56:42.111576,ServiceNow,AP Clerk,ap23,18417.87,EUR,NL,V9900,low,PO407224,missing_po,completed,False,
CASE-00090,INV-000090,Procurement correction,2026-01-09T01:39:28.325559,SAP,Procurement Specialist,ap23,18417.87,EUR,NL,V9900,low,PO407224,missing_po,completed,False,
CASE-00090,INV-000090,Check PO exists,2026-01-09T01:51:28.325559,SAP,System,system,18417.87,EUR,NL,V9900,low,PO407224,missing_po,completed,False,
CASE-00090,INV-000090,Run three-way match,2026-01-09T02:21:28.325559,SAP,System,system,18417.87,EUR,NL,V9900,low,PO407224,,completed,False,
CASE-00090,INV-000090,Run duplicate invoice check,2026-01-09T02:33:28.325559,SAP,System,system,18417.87,EUR,NL,V9900,low,PO407224,,completed,False,
CASE-00090,INV-000090,Check vendor risk,2026-01-09T02:45:28.325559,Vendor Master Data,System,system,18417.87,EUR,NL,V9900,low,PO407224,,completed,False,
CASE-00090,INV-000090,Check approval threshold,2026-01-09T02:51:28.325559,SAP,System,system,18417.87,EUR,NL,V9900,low,PO407224,,completed,False,
CASE-00090,INV-000090,Finance manager approval,2026-01-10T05:00:37.741824,SAP,Finance Manager,ap23,18417.87,EUR,NL,V9900,low,PO407224,,completed,False,
CASE-00090,INV-000090,Schedule payment,2026-01-10T11:27:22.531817,Payment System,System,system,18417.87,EUR,NL,V9900,low,PO407224,,completed,False,
CASE-00090,INV-000090,Send remittance notice,2026-01-10T11:33:22.531817,Payment System,System,system,18417.87,EUR,NL,V9900,low,PO407224,,completed,False,
CASE-00090,INV-000090,Invoice paid,2026-01-10T11:39:22.531817,Payment System,System,system,18417.87,EUR,NL,V9900,low,PO407224,,paid,False,
CASE-00091,INV-000091,Invoice received,2026-01-05T18:36:00,Coupa,System,system,5996.09,EUR,NL,V5780,low,PO655360,,completed,False,
CASE-00091,INV-000091,Validate invoice data,2026-01-05T19:00:00,Coupa,AP Clerk,ap10,5996.09,EUR,NL,V5780,low,PO655360,,completed,False,
CASE-00091,INV-000091,Check PO exists,2026-01-05T19:18:00,SAP,System,system,5996.09,EUR,NL,V5780,low,PO655360,,completed,False,
CASE-00091,INV-000091,Run three-way match,2026-01-05T19:48:00,SAP,System,system,5996.09,EUR,NL,V5780,low,PO655360,,completed,False,
CASE-00091,INV-000091,Run duplicate invoice check,2026-01-05T20:00:00,SAP,System,system,5996.09,EUR,NL,V5780,low,PO655360,,completed,False,
CASE-00091,INV-000091,Check vendor risk,2026-01-05T20:12:00,Vendor Master Data,System,system,5996.09,EUR,NL,V5780,low,PO655360,,completed,False,
CASE-00091,INV-000091,Check approval threshold,2026-01-05T20:18:00,SAP,System,system,5996.09,EUR,NL,V5780,low,PO655360,,completed,False,
CASE-00091,INV-000091,Auto approve for payment scheduling,2026-01-05T20:24:00,SAP,System,system,5996.09,EUR,NL,V5780,low,PO655360,,completed,False,
CASE-00091,INV-000091,Schedule payment,2026-01-06T02:15:06.722864,Payment System,System,system,5996.09,EUR,NL,V5780,low,PO655360,,completed,False,
CASE-00091,INV-000091,Send remittance notice,2026-01-06T02:21:06.722864,Payment System,System,system,5996.09,EUR,NL,V5780,low,PO655360,,completed,False,
CASE-00091,INV-000091,Invoice paid,2026-01-06T02:27:06.722864,Payment System,System,system,5996.09,EUR,NL,V5780,low,PO655360,,paid,False,
CASE-00092,INV-000092,Invoice received,2026-01-05T18:43:00,Coupa,System,system,3291.91,EUR,IT,V6482,low,PO310282,,completed,False,
CASE-00092,INV-000092,Validate invoice data,2026-01-05T19:07:00,Coupa,AP Clerk,ap15,3291.91,EUR,IT,V6482,low,PO310282,,completed,False,
CASE-00092,INV-000092,Check PO exists,2026-01-05T19:25:00,SAP,System,system,3291.91,EUR,IT,V6482,low,PO310282,,completed,False,
CASE-00092,INV-000092,Run three-way match,2026-01-05T19:55:00,SAP,System,system,3291.91,EUR,IT,V6482,low,PO310282,,completed,False,
CASE-00092,INV-000092,Run duplicate invoice check,2026-01-05T20:07:00,SAP,System,system,3291.91,EUR,IT,V6482,low,PO310282,,completed,False,
CASE-00092,INV-000092,Check vendor risk,2026-01-05T20:19:00,Vendor Master Data,System,system,3291.91,EUR,IT,V6482,low,PO310282,,completed,False,
CASE-00092,INV-000092,Check approval threshold,2026-01-05T20:25:00,SAP,System,system,3291.91,EUR,IT,V6482,low,PO310282,,completed,False,
CASE-00092,INV-000092,Auto approve for payment scheduling,2026-01-05T20:31:00,SAP,System,system,3291.91,EUR,IT,V6482,low,PO310282,,completed,False,
CASE-00092,INV-000092,Schedule payment,2026-01-06T03:18:23.006315,Payment System,System,system,3291.91,EUR,IT,V6482,low,PO310282,,completed,False,
CASE-00092,INV-000092,Send remittance notice,2026-01-06T03:24:23.006315,Payment System,System,system,3291.91,EUR,IT,V6482,low,PO310282,,completed,False,
CASE-00092,INV-000092,Invoice paid,2026-01-06T03:30:23.006315,Payment System,System,system,3291.91,EUR,IT,V6482,low,PO310282,,paid,False,
CASE-00093,INV-000093,Invoice received,2026-01-05T18:50:00,Coupa,System,system,23426.88,EUR,ES,V2917,high,PO158605,,completed,False,
CASE-00093,INV-000093,Validate invoice data,2026-01-05T19:14:00,Coupa,AP Clerk,ap25,23426.88,EUR,ES,V2917,high,PO158605,,completed,False,
CASE-00093,INV-000093,Check PO exists,2026-01-05T19:32:00,SAP,System,system,23426.88,EUR,ES,V2917,high,PO158605,,completed,False,
CASE-00093,INV-000093,Run three-way match,2026-01-05T20:02:00,SAP,System,system,23426.88,EUR,ES,V2917,high,PO158605,,completed,False,
CASE-00093,INV-000093,Run duplicate invoice check,2026-01-05T20:14:00,SAP,System,system,23426.88,EUR,ES,V2917,high,PO158605,,completed,False,
CASE-00093,INV-000093,Check vendor risk,2026-01-05T20:26:00,Vendor Master Data,System,system,23426.88,EUR,ES,V2917,high,PO158605,,completed,False,
CASE-00093,INV-000093,Compliance review,2026-01-08T15:45:45.542108,Vendor Master Data,Compliance Officer,ap25,23426.88,EUR,ES,V2917,high,PO158605,,completed,False,
CASE-00093,INV-000093,Check approval threshold,2026-01-08T15:51:45.542108,SAP,System,system,23426.88,EUR,ES,V2917,high,PO158605,,completed,False,
CASE-00093,INV-000093,Finance manager approval,2026-01-09T06:53:27.853799,SAP,Finance Manager,ap25,23426.88,EUR,ES,V2917,high,PO158605,,completed,False,
CASE-00093,INV-000093,Schedule payment,2026-01-09T11:53:22.111079,Payment System,System,system,23426.88,EUR,ES,V2917,high,PO158605,,completed,False,
CASE-00093,INV-000093,Send remittance notice,2026-01-09T11:59:22.111079,Payment System,System,system,23426.88,EUR,ES,V2917,high,PO158605,,completed,False,
CASE-00093,INV-000093,Invoice paid,2026-01-09T12:05:22.111079,Payment System,System,system,23426.88,EUR,ES,V2917,high,PO158605,,paid,False,
CASE-00094,INV-000094,Invoice received,2026-01-05T18:57:00,Coupa,System,system,2259.43,EUR,IT,V4405,low,PO181754,,completed,False,
CASE-00094,INV-000094,Validate invoice data,2026-01-05T19:21:00,Coupa,AP Clerk,ap20,2259.43,EUR,IT,V4405,low,PO181754,,completed,False,
CASE-00094,INV-000094,Manual Email Review,2026-01-07T00:55:48.751816,Email and Excel,AP Clerk,ap20,2259.43,EUR,IT,V4405,low,PO181754,,completed,True,Manual Email Review
CASE-00094,INV-000094,Check PO exists,2026-01-07T01:13:48.751816,SAP,System,system,2259.43,EUR,IT,V4405,low,PO181754,,completed,False,
CASE-00094,INV-000094,Run three-way match,2026-01-07T01:43:48.751816,SAP,System,system,2259.43,EUR,IT,V4405,low,PO181754,,completed,False,
CASE-00094,INV-000094,Run duplicate invoice check,2026-01-07T01:55:48.751816,SAP,System,system,2259.43,EUR,IT,V4405,low,PO181754,,completed,False,
CASE-00094,INV-000094,Check vendor risk,2026-01-07T02:07:48.751816,Vendor Master Data,System,system,2259.43,EUR,IT,V4405,low,PO181754,,completed,False,
CASE-00094,INV-000094,Check approval threshold,2026-01-07T02:13:48.751816,SAP,System,system,2259.43,EUR,IT,V4405,low,PO181754,,completed,False,
CASE-00094,INV-000094,Auto approve for payment scheduling,2026-01-07T02:19:48.751816,SAP,System,system,2259.43,EUR,IT,V4405,low,PO181754,,completed,False,
CASE-00094,INV-000094,Schedule payment,2026-01-07T12:24:03.581605,Payment System,System,system,2259.43,EUR,IT,V4405,low,PO181754,,completed,False,
CASE-00094,INV-000094,Send remittance notice,2026-01-07T12:30:03.581605,Payment System,System,system,2259.43,EUR,IT,V4405,low,PO181754,,completed,False,
CASE-00094,INV-000094,Invoice paid,2026-01-07T12:36:03.581605,Payment System,System,system,2259.43,EUR,IT,V4405,low,PO181754,,paid,False,
CASE-00095,INV-000095,Invoice received,2026-01-05T19:04:00,Coupa,System,system,2151.57,EUR,FR,V6818,medium,PO742080,,completed,False,
CASE-00095,INV-000095,Validate invoice data,2026-01-05T19:28:00,Coupa,AP Clerk,ap17,2151.57,EUR,FR,V6818,medium,PO742080,,completed,False,
CASE-00095,INV-000095,Check PO exists,2026-01-05T19:46:00,SAP,System,system,2151.57,EUR,FR,V6818,medium,PO742080,,completed,False,
CASE-00095,INV-000095,Run three-way match,2026-01-05T20:16:00,SAP,System,system,2151.57,EUR,FR,V6818,medium,PO742080,,completed,False,
CASE-00095,INV-000095,Classify exception,2026-01-05T20:28:00,ServiceNow,AP Clerk,ap17,2151.57,EUR,FR,V6818,medium,PO742080,missing_gr,completed,False,
CASE-00095,INV-000095,Request goods receipt confirmation,2026-01-07T06:33:07.348362,SAP,Procurement Specialist,ap17,2151.57,EUR,FR,V6818,medium,PO742080,missing_gr,completed,False,
CASE-00095,INV-000095,Run three-way match,2026-01-07T06:57:07.348362,SAP,System,system,2151.57,EUR,FR,V6818,medium,PO742080,missing_gr,completed,False,
CASE-00095,INV-000095,Run duplicate invoice check,2026-01-07T07:09:07.348362,SAP,System,system,2151.57,EUR,FR,V6818,medium,PO742080,,completed,False,
CASE-00095,INV-000095,Check vendor risk,2026-01-07T07:21:07.348362,Vendor Master Data,System,system,2151.57,EUR,FR,V6818,medium,PO742080,,completed,False,
CASE-00095,INV-000095,Check approval threshold,2026-01-07T07:27:07.348362,SAP,System,system,2151.57,EUR,FR,V6818,medium,PO742080,,completed,False,
CASE-00095,INV-000095,Auto approve for payment scheduling,2026-01-07T07:33:07.348362,SAP,System,system,2151.57,EUR,FR,V6818,medium,PO742080,,completed,False,
CASE-00095,INV-000095,Schedule payment,2026-01-07T12:48:56.748541,Payment System,System,system,2151.57,EUR,FR,V6818,medium,PO742080,,completed,False,
CASE-00095,INV-000095,Send remittance notice,2026-01-07T12:54:56.748541,Payment System,System,system,2151.57,EUR,FR,V6818,medium,PO742080,,completed,False,
CASE-00095,INV-000095,Invoice paid,2026-01-07T13:00:56.748541,Payment System,System,system,2151.57,EUR,FR,V6818,medium,PO742080,,paid,False,
CASE-00096,INV-000096,Invoice received,2026-01-05T19:11:00,Coupa,System,system,13241.4,EUR,FR,V9659,low,PO782533,,completed,False,
CASE-00096,INV-000096,Validate invoice data,2026-01-05T19:35:00,Coupa,AP Clerk,ap09,13241.4,EUR,FR,V9659,low,PO782533,,completed,False,
CASE-00096,INV-000096,Check PO exists,2026-01-05T19:53:00,SAP,System,system,13241.4,EUR,FR,V9659,low,PO782533,,completed,False,
CASE-00096,INV-000096,Run three-way match,2026-01-05T20:23:00,SAP,System,system,13241.4,EUR,FR,V9659,low,PO782533,,completed,False,
CASE-00096,INV-000096,Classify exception,2026-01-05T20:35:00,ServiceNow,AP Clerk,ap09,13241.4,EUR,FR,V9659,low,PO782533,quantity_mismatch,completed,False,
CASE-00096,INV-000096,Create quantity mismatch ticket,2026-01-05T20:47:00,ServiceNow,System,system,13241.4,EUR,FR,V9659,low,PO782533,quantity_mismatch,completed,False,
CASE-00096,INV-000096,AP review quantity mismatch,2026-01-09T07:02:59.482096,ServiceNow,AP Clerk,ap09,13241.4,EUR,FR,V9659,low,PO782533,quantity_mismatch,completed,False,
CASE-00096,INV-000096,Correction for quantity mismatch,2026-01-09T19:56:40.297623,SAP,Procurement Specialist,ap09,13241.4,EUR,FR,V9659,low,PO782533,quantity_mismatch,completed,False,
CASE-00096,INV-000096,Run three-way match,2026-01-09T20:20:40.297623,SAP,System,system,13241.4,EUR,FR,V9659,low,PO782533,quantity_mismatch,completed,False,
CASE-00096,INV-000096,Run duplicate invoice check,2026-01-09T20:32:40.297623,SAP,System,system,13241.4,EUR,FR,V9659,low,PO782533,,completed,False,
CASE-00096,INV-000096,Check vendor risk,2026-01-09T20:44:40.297623,Vendor Master Data,System,system,13241.4,EUR,FR,V9659,low,PO782533,,completed,False,
CASE-00096,INV-000096,Check approval threshold,2026-01-09T20:50:40.297623,SAP,System,system,13241.4,EUR,FR,V9659,low,PO782533,,completed,False,
CASE-00096,INV-000096,Finance manager approval,2026-01-10T23:35:40.280414,SAP,Finance Manager,ap09,13241.4,EUR,FR,V9659,low,PO782533,,completed,False,
CASE-00096,INV-000096,Schedule payment,2026-01-11T05:39:09.633717,Payment System,System,system,13241.4,EUR,FR,V9659,low,PO782533,,completed,False,
CASE-00096,INV-000096,Send remittance notice,2026-01-11T05:45:09.633717,Payment System,System,system,13241.4,EUR,FR,V9659,low,PO782533,,completed,False,
CASE-00096,INV-000096,Invoice paid,2026-01-11T05:51:09.633717,Payment System,System,system,13241.4,EUR,FR,V9659,low,PO782533,,paid,False,
CASE-00097,INV-000097,Invoice received,2026-01-05T19:18:00,Coupa,System,system,5012.8,EUR,IT,V3610,high,PO598916,,completed,False,
CASE-00097,INV-000097,Validate invoice data,2026-01-05T19:42:00,Coupa,AP Clerk,ap14,5012.8,EUR,IT,V3610,high,PO598916,,completed,False,
CASE-00097,INV-000097,Check PO exists,2026-01-05T20:00:00,SAP,System,system,5012.8,EUR,IT,V3610,high,PO598916,,completed,False,
CASE-00097,INV-000097,Run three-way match,2026-01-05T20:30:00,SAP,System,system,5012.8,EUR,IT,V3610,high,PO598916,,completed,False,
CASE-00097,INV-000097,Classify exception,2026-01-05T20:42:00,ServiceNow,AP Clerk,ap14,5012.8,EUR,IT,V3610,high,PO598916,price_mismatch,completed,False,
CASE-00097,INV-000097,Create price mismatch ticket,2026-01-05T20:54:00,ServiceNow,System,system,5012.8,EUR,IT,V3610,high,PO598916,price_mismatch,completed,False,
CASE-00097,INV-000097,AP review price mismatch,2026-01-10T01:51:17.819228,ServiceNow,AP Clerk,ap14,5012.8,EUR,IT,V3610,high,PO598916,price_mismatch,completed,False,
CASE-00097,INV-000097,Correction for price mismatch,2026-01-10T07:48:12.544882,SAP,Procurement Specialist,ap14,5012.8,EUR,IT,V3610,high,PO598916,price_mismatch,completed,False,
CASE-00097,INV-000097,Run three-way match,2026-01-10T08:12:12.544882,SAP,System,system,5012.8,EUR,IT,V3610,high,PO598916,price_mismatch,completed,False,
CASE-00097,INV-000097,Run duplicate invoice check,2026-01-10T08:24:12.544882,SAP,System,system,5012.8,EUR,IT,V3610,high,PO598916,,completed,False,
CASE-00097,INV-000097,Check vendor risk,2026-01-10T08:36:12.544882,Vendor Master Data,System,system,5012.8,EUR,IT,V3610,high,PO598916,,completed,False,
CASE-00097,INV-000097,Compliance review,2026-01-11T20:54:08.681625,Vendor Master Data,Compliance Officer,ap14,5012.8,EUR,IT,V3610,high,PO598916,,completed,False,
CASE-00097,INV-000097,Check approval threshold,2026-01-11T21:00:08.681625,SAP,System,system,5012.8,EUR,IT,V3610,high,PO598916,,completed,False,
CASE-00097,INV-000097,Auto approve for payment scheduling,2026-01-11T21:06:08.681625,SAP,System,system,5012.8,EUR,IT,V3610,high,PO598916,,completed,False,
CASE-00097,INV-000097,Schedule payment,2026-01-12T04:44:12.205780,Payment System,System,system,5012.8,EUR,IT,V3610,high,PO598916,,completed,False,
CASE-00097,INV-000097,Send remittance notice,2026-01-12T04:50:12.205780,Payment System,System,system,5012.8,EUR,IT,V3610,high,PO598916,,completed,False,
CASE-00097,INV-000097,Invoice paid,2026-01-12T04:56:12.205780,Payment System,System,system,5012.8,EUR,IT,V3610,high,PO598916,,paid,False,
CASE-00098,INV-000098,Invoice received,2026-01-05T19:25:00,Coupa,System,system,5442.96,EUR,ES,V7246,low,PO511153,,completed,False,
CASE-00098,INV-000098,Validate invoice data,2026-01-05T19:49:00,Coupa,AP Clerk,ap24,5442.96,EUR,ES,V7246,low,PO511153,,completed,False,
CASE-00098,INV-000098,Check PO exists,2026-01-05T20:07:00,SAP,System,system,5442.96,EUR,ES,V7246,low,PO511153,,completed,False,
CASE-00098,INV-000098,Run three-way match,2026-01-05T20:37:00,SAP,System,system,5442.96,EUR,ES,V7246,low,PO511153,,completed,False,
CASE-00098,INV-000098,Classify exception,2026-01-05T20:49:00,ServiceNow,AP Clerk,ap24,5442.96,EUR,ES,V7246,low,PO511153,price_mismatch,completed,False,
CASE-00098,INV-000098,Create price mismatch ticket,2026-01-05T21:01:00,ServiceNow,System,system,5442.96,EUR,ES,V7246,low,PO511153,price_mismatch,completed,False,
CASE-00098,INV-000098,AP review price mismatch,2026-01-11T12:45:43.209681,ServiceNow,AP Clerk,ap24,5442.96,EUR,ES,V7246,low,PO511153,price_mismatch,completed,False,
CASE-00098,INV-000098,Excel Price Correction,2026-01-12T07:39:50.724233,Email and Excel,AP Clerk,ap24,5442.96,EUR,ES,V7246,low,PO511153,price_mismatch,completed,True,Excel Price Correction
CASE-00098,INV-000098,Correction for price mismatch,2026-01-13T03:04:10.971279,SAP,Procurement Specialist,ap24,5442.96,EUR,ES,V7246,low,PO511153,price_mismatch,completed,False,
CASE-00098,INV-000098,Run three-way match,2026-01-13T03:28:10.971279,SAP,System,system,5442.96,EUR,ES,V7246,low,PO511153,price_mismatch,completed,False,
CASE-00098,INV-000098,Run duplicate invoice check,2026-01-13T03:40:10.971279,SAP,System,system,5442.96,EUR,ES,V7246,low,PO511153,,completed,False,
CASE-00098,INV-000098,Check vendor risk,2026-01-13T03:52:10.971279,Vendor Master Data,System,system,5442.96,EUR,ES,V7246,low,PO511153,,completed,False,
CASE-00098,INV-000098,Check approval threshold,2026-01-13T03:58:10.971279,SAP,System,system,5442.96,EUR,ES,V7246,low,PO511153,,completed,False,
CASE-00098,INV-000098,Auto approve for payment scheduling,2026-01-13T04:04:10.971279,SAP,System,system,5442.96,EUR,ES,V7246,low,PO511153,,completed,False,
CASE-00098,INV-000098,Schedule payment,2026-01-13T14:00:31.899725,Payment System,System,system,5442.96,EUR,ES,V7246,low,PO511153,,completed,False,
CASE-00098,INV-000098,Send remittance notice,2026-01-13T14:06:31.899725,Payment System,System,system,5442.96,EUR,ES,V7246,low,PO511153,,completed,False,
CASE-00098,INV-000098,Invoice paid,2026-01-13T14:12:31.899725,Payment System,System,system,5442.96,EUR,ES,V7246,low,PO511153,,paid,False,
CASE-00099,INV-000099,Invoice received,2026-01-05T19:32:00,Coupa,System,system,21726.33,EUR,IT,V6500,low,PO585266,,completed,False,
CASE-00099,INV-000099,Validate invoice data,2026-01-05T19:56:00,Coupa,AP Clerk,ap17,21726.33,EUR,IT,V6500,low,PO585266,,completed,False,
CASE-00099,INV-000099,Manual Email Review,2026-01-06T20:29:46.672959,Email and Excel,AP Clerk,ap17,21726.33,EUR,IT,V6500,low,PO585266,,completed,True,Manual Email Review
CASE-00099,INV-000099,Check PO exists,2026-01-06T20:47:46.672959,SAP,System,system,21726.33,EUR,IT,V6500,low,PO585266,,completed,False,
CASE-00099,INV-000099,Run three-way match,2026-01-06T21:17:46.672959,SAP,System,system,21726.33,EUR,IT,V6500,low,PO585266,,completed,False,
CASE-00099,INV-000099,Run duplicate invoice check,2026-01-06T21:29:46.672959,SAP,System,system,21726.33,EUR,IT,V6500,low,PO585266,,completed,False,
CASE-00099,INV-000099,Check vendor risk,2026-01-06T21:41:46.672959,Vendor Master Data,System,system,21726.33,EUR,IT,V6500,low,PO585266,,completed,False,
CASE-00099,INV-000099,Check approval threshold,2026-01-06T21:47:46.672959,SAP,System,system,21726.33,EUR,IT,V6500,low,PO585266,,completed,False,
CASE-00099,INV-000099,Finance manager approval,2026-01-08T21:33:45.452591,SAP,Finance Manager,ap17,21726.33,EUR,IT,V6500,low,PO585266,,completed,False,
CASE-00099,INV-000099,Schedule payment,2026-01-09T06:45:18.985553,Payment System,System,system,21726.33,EUR,IT,V6500,low,PO585266,,completed,False,
CASE-00099,INV-000099,Send remittance notice,2026-01-09T06:51:18.985553,Payment System,System,system,21726.33,EUR,IT,V6500,low,PO585266,,completed,False,
CASE-00099,INV-000099,Invoice paid,2026-01-09T06:57:18.985553,Payment System,System,system,21726.33,EUR,IT,V6500,low,PO585266,,paid,False,
CASE-00100,INV-000100,Invoice received,2026-01-05T19:39:00,Coupa,System,system,11192.21,EUR,ES,V1362,medium,PO843668,,completed,False,
CASE-00100,INV-000100,Validate invoice data,2026-01-05T20:03:00,Coupa,AP Clerk,ap10,11192.21,EUR,ES,V1362,medium,PO843668,,completed,False,
CASE-00100,INV-000100,Manual Email Review,2026-01-06T12:33:42.716629,Email and Excel,AP Clerk,ap10,11192.21,EUR,ES,V1362,medium,PO843668,,completed,True,Manual Email Review
CASE-00100,INV-000100,Check PO exists,2026-01-06T12:51:42.716629,SAP,System,system,11192.21,EUR,ES,V1362,medium,PO843668,,completed,False,
CASE-00100,INV-000100,Run three-way match,2026-01-06T13:21:42.716629,SAP,System,system,11192.21,EUR,ES,V1362,medium,PO843668,,completed,False,
CASE-00100,INV-000100,Run duplicate invoice check,2026-01-06T13:33:42.716629,SAP,System,system,11192.21,EUR,ES,V1362,medium,PO843668,,completed,False,
CASE-00100,INV-000100,Check vendor risk,2026-01-06T13:45:42.716629,Vendor Master Data,System,system,11192.21,EUR,ES,V1362,medium,PO843668,,completed,False,
CASE-00100,INV-000100,Check approval threshold,2026-01-06T13:51:42.716629,SAP,System,system,11192.21,EUR,ES,V1362,medium,PO843668,,completed,False,
CASE-00100,INV-000100,Finance manager approval,2026-01-08T13:16:27.597486,SAP,Finance Manager,ap10,11192.21,EUR,ES,V1362,medium,PO843668,,completed,False,
CASE-00100,INV-000100,Schedule payment,2026-01-09T00:15:11.490754,Payment System,System,system,11192.21,EUR,ES,V1362,medium,PO843668,,completed,False,
CASE-00100,INV-000100,Send remittance notice,2026-01-09T00:21:11.490754,Payment System,System,system,11192.21,EUR,ES,V1362,medium,PO843668,,completed,False,
CASE-00100,INV-000100,Invoice paid,2026-01-09T00:27:11.490754,Payment System,System,system,11192.21,EUR,ES,V1362,medium,PO843668,,paid,False,
CASE-00101,INV-000101,Invoice received,2026-01-05T19:46:00,Coupa,System,system,19004.37,EUR,NL,V1194,low,PO929372,,completed,False,
CASE-00101,INV-000101,Validate invoice data,2026-01-05T20:10:00,Coupa,AP Clerk,ap09,19004.37,EUR,NL,V1194,low,PO929372,,completed,False,
CASE-00101,INV-000101,Check PO exists,2026-01-05T20:28:00,SAP,System,system,19004.37,EUR,NL,V1194,low,PO929372,,completed,False,
CASE-00101,INV-000101,Run three-way match,2026-01-05T20:58:00,SAP,System,system,19004.37,EUR,NL,V1194,low,PO929372,,completed,False,
CASE-00101,INV-000101,Classify exception,2026-01-05T21:10:00,ServiceNow,AP Clerk,ap09,19004.37,EUR,NL,V1194,low,PO929372,quantity_mismatch,completed,False,
CASE-00101,INV-000101,Create quantity mismatch ticket,2026-01-05T21:22:00,ServiceNow,System,system,19004.37,EUR,NL,V1194,low,PO929372,quantity_mismatch,completed,False,
CASE-00101,INV-000101,AP review quantity mismatch,2026-01-11T14:59:22.770311,ServiceNow,AP Clerk,ap09,19004.37,EUR,NL,V1194,low,PO929372,quantity_mismatch,completed,False,
CASE-00101,INV-000101,Correction for quantity mismatch,2026-01-12T01:11:48.469131,SAP,Procurement Specialist,ap09,19004.37,EUR,NL,V1194,low,PO929372,quantity_mismatch,completed,False,
CASE-00101,INV-000101,Run three-way match,2026-01-12T01:35:48.469131,SAP,System,system,19004.37,EUR,NL,V1194,low,PO929372,quantity_mismatch,completed,False,
CASE-00101,INV-000101,Run duplicate invoice check,2026-01-12T01:47:48.469131,SAP,System,system,19004.37,EUR,NL,V1194,low,PO929372,,completed,False,
CASE-00101,INV-000101,Check vendor risk,2026-01-12T01:59:48.469131,Vendor Master Data,System,system,19004.37,EUR,NL,V1194,low,PO929372,,completed,False,
CASE-00101,INV-000101,Check approval threshold,2026-01-12T02:05:48.469131,SAP,System,system,19004.37,EUR,NL,V1194,low,PO929372,,completed,False,
CASE-00101,INV-000101,Finance manager approval,2026-01-13T09:02:50.678655,SAP,Finance Manager,ap09,19004.37,EUR,NL,V1194,low,PO929372,,completed,False,
CASE-00101,INV-000101,Schedule payment,2026-01-13T19:23:53.844317,Payment System,System,system,19004.37,EUR,NL,V1194,low,PO929372,,completed,False,
CASE-00101,INV-000101,Send remittance notice,2026-01-13T19:29:53.844317,Payment System,System,system,19004.37,EUR,NL,V1194,low,PO929372,,completed,False,
CASE-00101,INV-000101,Invoice paid,2026-01-13T19:35:53.844317,Payment System,System,system,19004.37,EUR,NL,V1194,low,PO929372,,paid,False,
CASE-00102,INV-000102,Invoice received,2026-01-05T19:53:00,Coupa,System,system,19737.86,EUR,ES,V3556,low,PO750174,,completed,False,
CASE-00102,INV-000102,Validate invoice data,2026-01-05T20:17:00,Coupa,AP Clerk,ap03,19737.86,EUR,ES,V3556,low,PO750174,,completed,False,
CASE-00102,INV-000102,Manual Email Review,2026-01-07T03:07:09.631423,Email and Excel,AP Clerk,ap03,19737.86,EUR,ES,V3556,low,PO750174,,completed,True,Manual Email Review
CASE-00102,INV-000102,Check PO exists,2026-01-07T03:25:09.631423,SAP,System,system,19737.86,EUR,ES,V3556,low,PO750174,,completed,False,
CASE-00102,INV-000102,Run three-way match,2026-01-07T03:55:09.631423,SAP,System,system,19737.86,EUR,ES,V3556,low,PO750174,,completed,False,
CASE-00102,INV-000102,Classify exception,2026-01-07T04:07:09.631423,ServiceNow,AP Clerk,ap03,19737.86,EUR,ES,V3556,low,PO750174,quantity_mismatch,completed,False,
CASE-00102,INV-000102,Create quantity mismatch ticket,2026-01-07T04:19:09.631423,ServiceNow,System,system,19737.86,EUR,ES,V3556,low,PO750174,quantity_mismatch,completed,False,
CASE-00102,INV-000102,AP review quantity mismatch,2026-01-11T12:03:20.802022,ServiceNow,AP Clerk,ap03,19737.86,EUR,ES,V3556,low,PO750174,quantity_mismatch,completed,False,
CASE-00102,INV-000102,Correction for quantity mismatch,2026-01-11T16:51:17.641180,SAP,Procurement Specialist,ap03,19737.86,EUR,ES,V3556,low,PO750174,quantity_mismatch,completed,False,
CASE-00102,INV-000102,Ticket Reopened,2026-01-12T15:52:20.773991,ServiceNow,AP Clerk,ap03,19737.86,EUR,ES,V3556,low,PO750174,quantity_mismatch,completed,True,Ticket Reopened
CASE-00102,INV-000102,AP review quantity mismatch,2026-01-13T12:51:46.662351,ServiceNow,AP Clerk,ap03,19737.86,EUR,ES,V3556,low,PO750174,quantity_mismatch,completed,False,
CASE-00102,INV-000102,Run three-way match,2026-01-13T13:15:46.662351,SAP,System,system,19737.86,EUR,ES,V3556,low,PO750174,quantity_mismatch,completed,False,
CASE-00102,INV-000102,Run duplicate invoice check,2026-01-13T13:27:46.662351,SAP,System,system,19737.86,EUR,ES,V3556,low,PO750174,,completed,False,
CASE-00102,INV-000102,Check vendor risk,2026-01-13T13:39:46.662351,Vendor Master Data,System,system,19737.86,EUR,ES,V3556,low,PO750174,,completed,False,
CASE-00102,INV-000102,Check approval threshold,2026-01-13T13:45:46.662351,SAP,System,system,19737.86,EUR,ES,V3556,low,PO750174,,completed,False,
CASE-00102,INV-000102,Finance manager approval,2026-01-15T13:11:38.710299,SAP,Finance Manager,ap03,19737.86,EUR,ES,V3556,low,PO750174,,completed,False,
CASE-00102,INV-000102,Schedule payment,2026-01-15T23:31:37.097178,Payment System,System,system,19737.86,EUR,ES,V3556,low,PO750174,,completed,False,
CASE-00102,INV-000102,Send remittance notice,2026-01-15T23:37:37.097178,Payment System,System,system,19737.86,EUR,ES,V3556,low,PO750174,,completed,False,
CASE-00102,INV-000102,Invoice paid,2026-01-15T23:43:37.097178,Payment System,System,system,19737.86,EUR,ES,V3556,low,PO750174,,paid,False,
CASE-00103,INV-000103,Invoice received,2026-01-05T20:00:00,Coupa,System,system,6962.04,EUR,NL,V6970,medium,PO950140,,completed,False,
CASE-00103,INV-000103,Validate invoice data,2026-01-05T20:24:00,Coupa,AP Clerk,ap16,6962.04,EUR,NL,V6970,medium,PO950140,,completed,False,
CASE-00103,INV-000103,Check PO exists,2026-01-05T20:42:00,SAP,System,system,6962.04,EUR,NL,V6970,medium,PO950140,,completed,False,
CASE-00103,INV-000103,Run three-way match,2026-01-05T21:12:00,SAP,System,system,6962.04,EUR,NL,V6970,medium,PO950140,,completed,False,
CASE-00103,INV-000103,Run duplicate invoice check,2026-01-05T21:24:00,SAP,System,system,6962.04,EUR,NL,V6970,medium,PO950140,,completed,False,
CASE-00103,INV-000103,Check vendor risk,2026-01-05T21:36:00,Vendor Master Data,System,system,6962.04,EUR,NL,V6970,medium,PO950140,,completed,False,
CASE-00103,INV-000103,Check approval threshold,2026-01-05T21:42:00,SAP,System,system,6962.04,EUR,NL,V6970,medium,PO950140,,completed,False,
CASE-00103,INV-000103,Auto approve for payment scheduling,2026-01-05T21:48:00,SAP,System,system,6962.04,EUR,NL,V6970,medium,PO950140,,completed,False,
CASE-00103,INV-000103,Schedule payment,2026-01-06T08:23:45.582624,Payment System,System,system,6962.04,EUR,NL,V6970,medium,PO950140,,completed,False,
CASE-00103,INV-000103,Send remittance notice,2026-01-06T08:29:45.582624,Payment System,System,system,6962.04,EUR,NL,V6970,medium,PO950140,,completed,False,
CASE-00103,INV-000103,Invoice paid,2026-01-06T08:35:45.582624,Payment System,System,system,6962.04,EUR,NL,V6970,medium,PO950140,,paid,False,
CASE-00104,INV-000104,Invoice received,2026-01-05T20:07:00,Coupa,System,system,6764.41,EUR,IT,V3192,low,PO993692,,completed,False,
CASE-00104,INV-000104,Validate invoice data,2026-01-05T20:31:00,Coupa,AP Clerk,ap15,6764.41,EUR,IT,V3192,low,PO993692,,completed,False,
CASE-00104,INV-000104,Check PO exists,2026-01-05T20:49:00,SAP,System,system,6764.41,EUR,IT,V3192,low,PO993692,,completed,False,
CASE-00104,INV-000104,Run three-way match,2026-01-05T21:19:00,SAP,System,system,6764.41,EUR,IT,V3192,low,PO993692,,completed,False,
CASE-00104,INV-000104,Run duplicate invoice check,2026-01-05T21:31:00,SAP,System,system,6764.41,EUR,IT,V3192,low,PO993692,,completed,False,
CASE-00104,INV-000104,Check vendor risk,2026-01-05T21:43:00,Vendor Master Data,System,system,6764.41,EUR,IT,V3192,low,PO993692,,completed,False,
CASE-00104,INV-000104,Check approval threshold,2026-01-05T21:49:00,SAP,System,system,6764.41,EUR,IT,V3192,low,PO993692,,completed,False,
CASE-00104,INV-000104,Auto approve for payment scheduling,2026-01-05T21:55:00,SAP,System,system,6764.41,EUR,IT,V3192,low,PO993692,,completed,False,
CASE-00104,INV-000104,Schedule payment,2026-01-06T05:04:06.914759,Payment System,System,system,6764.41,EUR,IT,V3192,low,PO993692,,completed,False,
CASE-00104,INV-000104,Send remittance notice,2026-01-06T05:10:06.914759,Payment System,System,system,6764.41,EUR,IT,V3192,low,PO993692,,completed,False,
CASE-00104,INV-000104,Invoice paid,2026-01-06T05:16:06.914759,Payment System,System,system,6764.41,EUR,IT,V3192,low,PO993692,,paid,False,
CASE-00105,INV-000105,Invoice received,2026-01-05T20:14:00,Coupa,System,system,18372.3,EUR,IT,V8655,low,PO847320,,completed,False,
CASE-00105,INV-000105,Validate invoice data,2026-01-05T20:38:00,Coupa,AP Clerk,ap25,18372.3,EUR,IT,V8655,low,PO847320,,completed,False,
CASE-00105,INV-000105,Manual Email Review,2026-01-06T23:01:07.710030,Email and Excel,AP Clerk,ap25,18372.3,EUR,IT,V8655,low,PO847320,,completed,True,Manual Email Review
CASE-00105,INV-000105,Check PO exists,2026-01-06T23:19:07.710030,SAP,System,system,18372.3,EUR,IT,V8655,low,PO847320,,completed,False,
CASE-00105,INV-000105,Run three-way match,2026-01-06T23:49:07.710030,SAP,System,system,18372.3,EUR,IT,V8655,low,PO847320,,completed,False,
CASE-00105,INV-000105,Classify exception,2026-01-07T00:01:07.710030,ServiceNow,AP Clerk,ap25,18372.3,EUR,IT,V8655,low,PO847320,missing_gr,completed,False,
CASE-00105,INV-000105,Request goods receipt confirmation,2026-01-08T00:59:44.733072,SAP,Procurement Specialist,ap25,18372.3,EUR,IT,V8655,low,PO847320,missing_gr,completed,False,
CASE-00105,INV-000105,Run three-way match,2026-01-08T01:23:44.733072,SAP,System,system,18372.3,EUR,IT,V8655,low,PO847320,missing_gr,completed,False,
CASE-00105,INV-000105,Run duplicate invoice check,2026-01-08T01:35:44.733072,SAP,System,system,18372.3,EUR,IT,V8655,low,PO847320,,completed,False,
CASE-00105,INV-000105,Check vendor risk,2026-01-08T01:47:44.733072,Vendor Master Data,System,system,18372.3,EUR,IT,V8655,low,PO847320,,completed,False,
CASE-00105,INV-000105,Check approval threshold,2026-01-08T01:53:44.733072,SAP,System,system,18372.3,EUR,IT,V8655,low,PO847320,,completed,False,
CASE-00105,INV-000105,Finance manager approval,2026-01-09T00:58:12.618480,SAP,Finance Manager,ap25,18372.3,EUR,IT,V8655,low,PO847320,,completed,False,
CASE-00105,INV-000105,Schedule payment,2026-01-09T07:31:57.515372,Payment System,System,system,18372.3,EUR,IT,V8655,low,PO847320,,completed,False,
CASE-00105,INV-000105,Send remittance notice,2026-01-09T07:37:57.515372,Payment System,System,system,18372.3,EUR,IT,V8655,low,PO847320,,completed,False,
CASE-00105,INV-000105,Invoice paid,2026-01-09T07:43:57.515372,Payment System,System,system,18372.3,EUR,IT,V8655,low,PO847320,,paid,False,
CASE-00106,INV-000106,Invoice received,2026-01-05T20:21:00,Coupa,System,system,11920.78,EUR,IT,V6217,low,PO471568,,completed,False,
CASE-00106,INV-000106,Validate invoice data,2026-01-05T20:45:00,Coupa,AP Clerk,ap03,11920.78,EUR,IT,V6217,low,PO471568,,completed,False,
CASE-00106,INV-000106,Check PO exists,2026-01-05T21:03:00,SAP,System,system,11920.78,EUR,IT,V6217,low,PO471568,,completed,False,
CASE-00106,INV-000106,Run three-way match,2026-01-05T21:33:00,SAP,System,system,11920.78,EUR,IT,V6217,low,PO471568,,completed,False,
CASE-00106,INV-000106,Run duplicate invoice check,2026-01-05T21:45:00,SAP,System,system,11920.78,EUR,IT,V6217,low,PO471568,,completed,False,
CASE-00106,INV-000106,Check vendor risk,2026-01-05T21:57:00,Vendor Master Data,System,system,11920.78,EUR,IT,V6217,low,PO471568,,completed,False,
CASE-00106,INV-000106,Check approval threshold,2026-01-05T22:03:00,SAP,System,system,11920.78,EUR,IT,V6217,low,PO471568,,completed,False,
CASE-00106,INV-000106,Finance manager approval,2026-01-06T10:39:16.081194,SAP,Finance Manager,ap03,11920.78,EUR,IT,V6217,low,PO471568,,completed,False,
CASE-00106,INV-000106,Schedule payment,2026-01-06T20:50:11.249217,Payment System,System,system,11920.78,EUR,IT,V6217,low,PO471568,,completed,False,
CASE-00106,INV-000106,Send remittance notice,2026-01-06T20:56:11.249217,Payment System,System,system,11920.78,EUR,IT,V6217,low,PO471568,,completed,False,
CASE-00106,INV-000106,Invoice paid,2026-01-06T21:02:11.249217,Payment System,System,system,11920.78,EUR,IT,V6217,low,PO471568,,paid,False,
CASE-00107,INV-000107,Invoice received,2026-01-05T20:28:00,Coupa,System,system,5190.38,EUR,FR,V2818,medium,PO503002,,completed,False,
CASE-00107,INV-000107,Validate invoice data,2026-01-05T20:52:00,Coupa,AP Clerk,ap24,5190.38,EUR,FR,V2818,medium,PO503002,,completed,False,
CASE-00107,INV-000107,Check PO exists,2026-01-05T21:10:00,SAP,System,system,5190.38,EUR,FR,V2818,medium,PO503002,,completed,False,
CASE-00107,INV-000107,Run three-way match,2026-01-05T21:40:00,SAP,System,system,5190.38,EUR,FR,V2818,medium,PO503002,,completed,False,
CASE-00107,INV-000107,Classify exception,2026-01-05T21:52:00,ServiceNow,AP Clerk,ap24,5190.38,EUR,FR,V2818,medium,PO503002,price_mismatch,completed,False,
CASE-00107,INV-000107,Create price mismatch ticket,2026-01-05T22:04:00,ServiceNow,System,system,5190.38,EUR,FR,V2818,medium,PO503002,price_mismatch,completed,False,
CASE-00107,INV-000107,AP review price mismatch,2026-01-07T02:48:38.437520,ServiceNow,AP Clerk,ap24,5190.38,EUR,FR,V2818,medium,PO503002,price_mismatch,completed,False,
CASE-00107,INV-000107,Correction for price mismatch,2026-01-07T12:06:14.579319,SAP,Procurement Specialist,ap24,5190.38,EUR,FR,V2818,medium,PO503002,price_mismatch,completed,False,
CASE-00107,INV-000107,Run three-way match,2026-01-07T12:30:14.579319,SAP,System,system,5190.38,EUR,FR,V2818,medium,PO503002,price_mismatch,completed,False,
CASE-00107,INV-000107,Run duplicate invoice check,2026-01-07T12:42:14.579319,SAP,System,system,5190.38,EUR,FR,V2818,medium,PO503002,,completed,False,
CASE-00107,INV-000107,Check vendor risk,2026-01-07T12:54:14.579319,Vendor Master Data,System,system,5190.38,EUR,FR,V2818,medium,PO503002,,completed,False,
CASE-00107,INV-000107,Check approval threshold,2026-01-07T13:00:14.579319,SAP,System,system,5190.38,EUR,FR,V2818,medium,PO503002,,completed,False,
CASE-00107,INV-000107,Auto approve for payment scheduling,2026-01-07T13:06:14.579319,SAP,System,system,5190.38,EUR,FR,V2818,medium,PO503002,,completed,False,
CASE-00107,INV-000107,Schedule payment,2026-01-07T17:58:16.928519,Payment System,System,system,5190.38,EUR,FR,V2818,medium,PO503002,,completed,False,
CASE-00107,INV-000107,Send remittance notice,2026-01-07T18:04:16.928519,Payment System,System,system,5190.38,EUR,FR,V2818,medium,PO503002,,completed,False,
CASE-00107,INV-000107,Invoice paid,2026-01-07T18:10:16.928519,Payment System,System,system,5190.38,EUR,FR,V2818,medium,PO503002,,paid,False,
CASE-00108,INV-000108,Invoice received,2026-01-05T20:35:00,Coupa,System,system,20357.53,EUR,NL,V9610,low,PO389162,,completed,False,
CASE-00108,INV-000108,Validate invoice data,2026-01-05T20:59:00,Coupa,AP Clerk,ap23,20357.53,EUR,NL,V9610,low,PO389162,,completed,False,
CASE-00108,INV-000108,Check PO exists,2026-01-05T21:17:00,SAP,System,system,20357.53,EUR,NL,V9610,low,PO389162,,completed,False,
CASE-00108,INV-000108,Run three-way match,2026-01-05T21:47:00,SAP,System,system,20357.53,EUR,NL,V9610,low,PO389162,,completed,False,
CASE-00108,INV-000108,Classify exception,2026-01-05T21:59:00,ServiceNow,AP Clerk,ap23,20357.53,EUR,NL,V9610,low,PO389162,price_mismatch,completed,False,
CASE-00108,INV-000108,Create price mismatch ticket,2026-01-05T22:11:00,ServiceNow,System,system,20357.53,EUR,NL,V9610,low,PO389162,price_mismatch,completed,False,
CASE-00108,INV-000108,AP review price mismatch,2026-01-10T10:13:23.777093,ServiceNow,AP Clerk,ap23,20357.53,EUR,NL,V9610,low,PO389162,price_mismatch,completed,False,
CASE-00108,INV-000108,Correction for price mismatch,2026-01-11T09:26:05.916127,SAP,Procurement Specialist,ap23,20357.53,EUR,NL,V9610,low,PO389162,price_mismatch,completed,False,
CASE-00108,INV-000108,Run three-way match,2026-01-11T09:50:05.916127,SAP,System,system,20357.53,EUR,NL,V9610,low,PO389162,price_mismatch,completed,False,
CASE-00108,INV-000108,Run duplicate invoice check,2026-01-11T10:02:05.916127,SAP,System,system,20357.53,EUR,NL,V9610,low,PO389162,,completed,False,
CASE-00108,INV-000108,Check vendor risk,2026-01-11T10:14:05.916127,Vendor Master Data,System,system,20357.53,EUR,NL,V9610,low,PO389162,,completed,False,
CASE-00108,INV-000108,Check approval threshold,2026-01-11T10:20:05.916127,SAP,System,system,20357.53,EUR,NL,V9610,low,PO389162,,completed,False,
CASE-00108,INV-000108,Finance manager approval,2026-01-12T14:39:09.137487,SAP,Finance Manager,ap23,20357.53,EUR,NL,V9610,low,PO389162,,completed,False,
CASE-00108,INV-000108,Schedule payment,2026-01-13T02:10:22.534171,Payment System,System,system,20357.53,EUR,NL,V9610,low,PO389162,,completed,False,
CASE-00108,INV-000108,Send remittance notice,2026-01-13T02:16:22.534171,Payment System,System,system,20357.53,EUR,NL,V9610,low,PO389162,,completed,False,
CASE-00108,INV-000108,Invoice paid,2026-01-13T02:22:22.534171,Payment System,System,system,20357.53,EUR,NL,V9610,low,PO389162,,paid,False,
CASE-00109,INV-000109,Invoice received,2026-01-05T20:42:00,Coupa,System,system,8476.11,EUR,ES,V1060,high,PO698745,,completed,False,
CASE-00109,INV-000109,Validate invoice data,2026-01-05T21:06:00,Coupa,AP Clerk,ap20,8476.11,EUR,ES,V1060,high,PO698745,,completed,False,
CASE-00109,INV-000109,Check PO exists,2026-01-05T21:24:00,SAP,System,system,8476.11,EUR,ES,V1060,high,PO698745,,completed,False,
CASE-00109,INV-000109,Create missing PO exception,2026-01-05T21:36:00,ServiceNow,System,system,8476.11,EUR,ES,V1060,high,PO698745,missing_po,completed,False,
CASE-00109,INV-000109,AP review missing PO,2026-01-07T04:15:49.470175,ServiceNow,AP Clerk,ap20,8476.11,EUR,ES,V1060,high,PO698745,missing_po,completed,False,
CASE-00109,INV-000109,Procurement correction,2026-01-08T16:21:08.012270,SAP,Procurement Specialist,ap20,8476.11,EUR,ES,V1060,high,PO698745,missing_po,completed,False,
CASE-00109,INV-000109,Check PO exists,2026-01-08T16:33:08.012270,SAP,System,system,8476.11,EUR,ES,V1060,high,PO698745,missing_po,completed,False,
CASE-00109,INV-000109,Run three-way match,2026-01-08T17:03:08.012270,SAP,System,system,8476.11,EUR,ES,V1060,high,PO698745,,completed,False,
CASE-00109,INV-000109,Run duplicate invoice check,2026-01-08T17:15:08.012270,SAP,System,system,8476.11,EUR,ES,V1060,high,PO698745,,completed,False,
CASE-00109,INV-000109,Check vendor risk,2026-01-08T17:27:08.012270,Vendor Master Data,System,system,8476.11,EUR,ES,V1060,high,PO698745,,completed,False,
CASE-00109,INV-000109,Compliance review,2026-01-09T08:06:45.264549,Vendor Master Data,Compliance Officer,ap20,8476.11,EUR,ES,V1060,high,PO698745,,completed,False,
CASE-00109,INV-000109,Check approval threshold,2026-01-09T08:12:45.264549,SAP,System,system,8476.11,EUR,ES,V1060,high,PO698745,,completed,False,
CASE-00109,INV-000109,Auto approve for payment scheduling,2026-01-09T08:18:45.264549,SAP,System,system,8476.11,EUR,ES,V1060,high,PO698745,,completed,False,
CASE-00109,INV-000109,Schedule payment,2026-01-09T17:16:51.952427,Payment System,System,system,8476.11,EUR,ES,V1060,high,PO698745,,completed,False,
CASE-00109,INV-000109,Send remittance notice,2026-01-09T17:22:51.952427,Payment System,System,system,8476.11,EUR,ES,V1060,high,PO698745,,completed,False,
CASE-00109,INV-000109,Invoice paid,2026-01-09T17:28:51.952427,Payment System,System,system,8476.11,EUR,ES,V1060,high,PO698745,,paid,False,
CASE-00110,INV-000110,Invoice received,2026-01-05T20:49:00,Coupa,System,system,17691.31,EUR,DE,V1669,low,PO628977,,completed,False,
CASE-00110,INV-000110,Validate invoice data,2026-01-05T21:13:00,Coupa,AP Clerk,ap22,17691.31,EUR,DE,V1669,low,PO628977,,completed,False,
CASE-00110,INV-000110,Check PO exists,2026-01-05T21:31:00,SAP,System,system,17691.31,EUR,DE,V1669,low,PO628977,,completed,False,
CASE-00110,INV-000110,Run three-way match,2026-01-05T22:01:00,SAP,System,system,17691.31,EUR,DE,V1669,low,PO628977,,completed,False,
CASE-00110,INV-000110,Run duplicate invoice check,2026-01-05T22:13:00,SAP,System,system,17691.31,EUR,DE,V1669,low,PO628977,,completed,False,
CASE-00110,INV-000110,Check vendor risk,2026-01-05T22:25:00,Vendor Master Data,System,system,17691.31,EUR,DE,V1669,low,PO628977,,completed,False,
CASE-00110,INV-000110,Check approval threshold,2026-01-05T22:31:00,SAP,System,system,17691.31,EUR,DE,V1669,low,PO628977,,completed,False,
CASE-00110,INV-000110,Finance manager approval,2026-01-06T07:49:57.297118,SAP,Finance Manager,ap22,17691.31,EUR,DE,V1669,low,PO628977,,completed,False,
CASE-00110,INV-000110,Schedule payment,2026-01-06T19:09:03.856420,Payment System,System,system,17691.31,EUR,DE,V1669,low,PO628977,,completed,False,
CASE-00110,INV-000110,Send remittance notice,2026-01-06T19:15:03.856420,Payment System,System,system,17691.31,EUR,DE,V1669,low,PO628977,,completed,False,
CASE-00110,INV-000110,Invoice paid,2026-01-06T19:21:03.856420,Payment System,System,system,17691.31,EUR,DE,V1669,low,PO628977,,paid,False,
CASE-00111,INV-000111,Invoice received,2026-01-05T20:56:00,Coupa,System,system,11993.88,EUR,DE,V2984,low,PO466849,,completed,False,
CASE-00111,INV-000111,Validate invoice data,2026-01-05T21:20:00,Coupa,AP Clerk,ap23,11993.88,EUR,DE,V2984,low,PO466849,,completed,False,
CASE-00111,INV-000111,Check PO exists,2026-01-05T21:38:00,SAP,System,system,11993.88,EUR,DE,V2984,low,PO466849,,completed,False,
CASE-00111,INV-000111,Run three-way match,2026-01-05T22:08:00,SAP,System,system,11993.88,EUR,DE,V2984,low,PO466849,,completed,False,
CASE-00111,INV-000111,Run duplicate invoice check,2026-01-05T22:20:00,SAP,System,system,11993.88,EUR,DE,V2984,low,PO466849,,completed,False,
CASE-00111,INV-000111,Check vendor risk,2026-01-05T22:32:00,Vendor Master Data,System,system,11993.88,EUR,DE,V2984,low,PO466849,,completed,False,
CASE-00111,INV-000111,Check approval threshold,2026-01-05T22:38:00,SAP,System,system,11993.88,EUR,DE,V2984,low,PO466849,,completed,False,
CASE-00111,INV-000111,Finance manager approval,2026-01-07T07:29:11.970531,SAP,Finance Manager,ap23,11993.88,EUR,DE,V2984,low,PO466849,,completed,False,
CASE-00111,INV-000111,Schedule payment,2026-01-07T13:25:41.514766,Payment System,System,system,11993.88,EUR,DE,V2984,low,PO466849,,completed,False,
CASE-00111,INV-000111,Send remittance notice,2026-01-07T13:31:41.514766,Payment System,System,system,11993.88,EUR,DE,V2984,low,PO466849,,completed,False,
CASE-00111,INV-000111,Invoice paid,2026-01-07T13:37:41.514766,Payment System,System,system,11993.88,EUR,DE,V2984,low,PO466849,,paid,False,
CASE-00112,INV-000112,Invoice received,2026-01-05T21:03:00,Coupa,System,system,12992.61,EUR,NL,V9900,low,PO574364,,completed,False,
CASE-00112,INV-000112,Validate invoice data,2026-01-05T21:27:00,Coupa,AP Clerk,ap22,12992.61,EUR,NL,V9900,low,PO574364,,completed,False,
CASE-00112,INV-000112,Check PO exists,2026-01-05T21:45:00,SAP,System,system,12992.61,EUR,NL,V9900,low,PO574364,,completed,False,
CASE-00112,INV-000112,Run three-way match,2026-01-05T22:15:00,SAP,System,system,12992.61,EUR,NL,V9900,low,PO574364,,completed,False,
CASE-00112,INV-000112,Run duplicate invoice check,2026-01-05T22:27:00,SAP,System,system,12992.61,EUR,NL,V9900,low,PO574364,,completed,False,
CASE-00112,INV-000112,Check vendor risk,2026-01-05T22:39:00,Vendor Master Data,System,system,12992.61,EUR,NL,V9900,low,PO574364,,completed,False,
CASE-00112,INV-000112,Check approval threshold,2026-01-05T22:45:00,SAP,System,system,12992.61,EUR,NL,V9900,low,PO574364,,completed,False,
CASE-00112,INV-000112,Finance manager approval,2026-01-06T15:21:23.501616,SAP,Finance Manager,ap22,12992.61,EUR,NL,V9900,low,PO574364,,completed,False,
CASE-00112,INV-000112,Schedule payment,2026-01-06T21:48:26.438809,Payment System,System,system,12992.61,EUR,NL,V9900,low,PO574364,,completed,False,
CASE-00112,INV-000112,Send remittance notice,2026-01-06T21:54:26.438809,Payment System,System,system,12992.61,EUR,NL,V9900,low,PO574364,,completed,False,
CASE-00112,INV-000112,Invoice paid,2026-01-06T22:00:26.438809,Payment System,System,system,12992.61,EUR,NL,V9900,low,PO574364,,paid,False,
CASE-00113,INV-000113,Invoice received,2026-01-05T21:10:00,Coupa,System,system,9318.5,EUR,NL,V2655,low,PO279389,,completed,False,
CASE-00113,INV-000113,Validate invoice data,2026-01-05T21:34:00,Coupa,AP Clerk,ap25,9318.5,EUR,NL,V2655,low,PO279389,,completed,False,
CASE-00113,INV-000113,Manual Email Review,2026-01-06T22:51:20.881461,Email and Excel,AP Clerk,ap25,9318.5,EUR,NL,V2655,low,PO279389,,completed,True,Manual Email Review
CASE-00113,INV-000113,Check PO exists,2026-01-06T23:09:20.881461,SAP,System,system,9318.5,EUR,NL,V2655,low,PO279389,,completed,False,
CASE-00113,INV-000113,Run three-way match,2026-01-06T23:39:20.881461,SAP,System,system,9318.5,EUR,NL,V2655,low,PO279389,,completed,False,
CASE-00113,INV-000113,Classify exception,2026-01-06T23:51:20.881461,ServiceNow,AP Clerk,ap25,9318.5,EUR,NL,V2655,low,PO279389,quantity_mismatch,completed,False,
CASE-00113,INV-000113,Create quantity mismatch ticket,2026-01-07T00:03:20.881461,ServiceNow,System,system,9318.5,EUR,NL,V2655,low,PO279389,quantity_mismatch,completed,False,
CASE-00113,INV-000113,AP review quantity mismatch,2026-01-10T04:43:00.103164,ServiceNow,AP Clerk,ap25,9318.5,EUR,NL,V2655,low,PO279389,quantity_mismatch,completed,False,
CASE-00113,INV-000113,Correction for quantity mismatch,2026-01-11T03:33:59.833174,SAP,Procurement Specialist,ap25,9318.5,EUR,NL,V2655,low,PO279389,quantity_mismatch,completed,False,
CASE-00113,INV-000113,Run three-way match,2026-01-11T03:57:59.833174,SAP,System,system,9318.5,EUR,NL,V2655,low,PO279389,quantity_mismatch,completed,False,
CASE-00113,INV-000113,Run duplicate invoice check,2026-01-11T04:09:59.833174,SAP,System,system,9318.5,EUR,NL,V2655,low,PO279389,,completed,False,
CASE-00113,INV-000113,Check vendor risk,2026-01-11T04:21:59.833174,Vendor Master Data,System,system,9318.5,EUR,NL,V2655,low,PO279389,,completed,False,
CASE-00113,INV-000113,Check approval threshold,2026-01-11T04:27:59.833174,SAP,System,system,9318.5,EUR,NL,V2655,low,PO279389,,completed,False,
CASE-00113,INV-000113,Auto approve for payment scheduling,2026-01-11T04:33:59.833174,SAP,System,system,9318.5,EUR,NL,V2655,low,PO279389,,completed,False,
CASE-00113,INV-000113,Schedule payment,2026-01-11T10:58:39.219930,Payment System,System,system,9318.5,EUR,NL,V2655,low,PO279389,,completed,False,
CASE-00113,INV-000113,Send remittance notice,2026-01-11T11:04:39.219930,Payment System,System,system,9318.5,EUR,NL,V2655,low,PO279389,,completed,False,
CASE-00113,INV-000113,Invoice paid,2026-01-11T11:10:39.219930,Payment System,System,system,9318.5,EUR,NL,V2655,low,PO279389,,paid,False,
CASE-00114,INV-000114,Invoice received,2026-01-05T21:17:00,Coupa,System,system,20681.09,EUR,NL,V7610,low,PO198369,,completed,False,
CASE-00114,INV-000114,Validate invoice data,2026-01-05T21:41:00,Coupa,AP Clerk,ap04,20681.09,EUR,NL,V7610,low,PO198369,,completed,False,
CASE-00114,INV-000114,Check PO exists,2026-01-05T21:59:00,SAP,System,system,20681.09,EUR,NL,V7610,low,PO198369,,completed,False,
CASE-00114,INV-000114,Run three-way match,2026-01-05T22:29:00,SAP,System,system,20681.09,EUR,NL,V7610,low,PO198369,,completed,False,
CASE-00114,INV-000114,Run duplicate invoice check,2026-01-05T22:41:00,SAP,System,system,20681.09,EUR,NL,V7610,low,PO198369,,completed,False,
CASE-00114,INV-000114,Check vendor risk,2026-01-05T22:53:00,Vendor Master Data,System,system,20681.09,EUR,NL,V7610,low,PO198369,,completed,False,
CASE-00114,INV-000114,Check approval threshold,2026-01-05T22:59:00,SAP,System,system,20681.09,EUR,NL,V7610,low,PO198369,,completed,False,
CASE-00114,INV-000114,Finance manager approval,2026-01-06T11:20:18.088117,SAP,Finance Manager,ap04,20681.09,EUR,NL,V7610,low,PO198369,,completed,False,
CASE-00114,INV-000114,Schedule payment,2026-01-06T16:46:57.862830,Payment System,System,system,20681.09,EUR,NL,V7610,low,PO198369,,completed,False,
CASE-00114,INV-000114,Send remittance notice,2026-01-06T16:52:57.862830,Payment System,System,system,20681.09,EUR,NL,V7610,low,PO198369,,completed,False,
CASE-00114,INV-000114,Invoice paid,2026-01-06T16:58:57.862830,Payment System,System,system,20681.09,EUR,NL,V7610,low,PO198369,,paid,False,
CASE-00115,INV-000115,Invoice received,2026-01-05T21:24:00,Coupa,System,system,1077.49,EUR,FR,V3235,low,PO340510,,completed,False,
CASE-00115,INV-000115,Validate invoice data,2026-01-05T21:48:00,Coupa,AP Clerk,ap14,1077.49,EUR,FR,V3235,low,PO340510,,completed,False,
CASE-00115,INV-000115,Manual Email Review,2026-01-07T09:11:38.367902,Email and Excel,AP Clerk,ap14,1077.49,EUR,FR,V3235,low,PO340510,,completed,True,Manual Email Review
CASE-00115,INV-000115,Check PO exists,2026-01-07T09:29:38.367902,SAP,System,system,1077.49,EUR,FR,V3235,low,PO340510,,completed,False,
CASE-00115,INV-000115,Run three-way match,2026-01-07T09:59:38.367902,SAP,System,system,1077.49,EUR,FR,V3235,low,PO340510,,completed,False,
CASE-00115,INV-000115,Run duplicate invoice check,2026-01-07T10:11:38.367902,SAP,System,system,1077.49,EUR,FR,V3235,low,PO340510,,completed,False,
CASE-00115,INV-000115,Check vendor risk,2026-01-07T10:23:38.367902,Vendor Master Data,System,system,1077.49,EUR,FR,V3235,low,PO340510,,completed,False,
CASE-00115,INV-000115,Check approval threshold,2026-01-07T10:29:38.367902,SAP,System,system,1077.49,EUR,FR,V3235,low,PO340510,,completed,False,
CASE-00115,INV-000115,Auto approve for payment scheduling,2026-01-07T10:35:38.367902,SAP,System,system,1077.49,EUR,FR,V3235,low,PO340510,,completed,False,
CASE-00115,INV-000115,Schedule payment,2026-01-07T20:29:47.637633,Payment System,System,system,1077.49,EUR,FR,V3235,low,PO340510,,completed,False,
CASE-00115,INV-000115,Send remittance notice,2026-01-07T20:35:47.637633,Payment System,System,system,1077.49,EUR,FR,V3235,low,PO340510,,completed,False,
CASE-00115,INV-000115,Invoice paid,2026-01-07T20:41:47.637633,Payment System,System,system,1077.49,EUR,FR,V3235,low,PO340510,,paid,False,
CASE-00116,INV-000116,Invoice received,2026-01-05T21:31:00,Coupa,System,system,1367.94,EUR,NL,V1359,medium,PO300266,,completed,False,
CASE-00116,INV-000116,Validate invoice data,2026-01-05T21:55:00,Coupa,AP Clerk,ap03,1367.94,EUR,NL,V1359,medium,PO300266,,completed,False,
CASE-00116,INV-000116,Check PO exists,2026-01-05T22:13:00,SAP,System,system,1367.94,EUR,NL,V1359,medium,PO300266,,completed,False,
CASE-00116,INV-000116,Run three-way match,2026-01-05T22:43:00,SAP,System,system,1367.94,EUR,NL,V1359,medium,PO300266,,completed,False,
CASE-00116,INV-000116,Classify exception,2026-01-05T22:55:00,ServiceNow,AP Clerk,ap03,1367.94,EUR,NL,V1359,medium,PO300266,price_mismatch,completed,False,
CASE-00116,INV-000116,Create price mismatch ticket,2026-01-05T23:07:00,ServiceNow,System,system,1367.94,EUR,NL,V1359,medium,PO300266,price_mismatch,completed,False,
CASE-00116,INV-000116,AP review price mismatch,2026-01-10T22:35:43.832430,ServiceNow,AP Clerk,ap03,1367.94,EUR,NL,V1359,medium,PO300266,price_mismatch,completed,False,
CASE-00116,INV-000116,Excel Price Correction,2026-01-11T12:10:33.822752,Email and Excel,AP Clerk,ap03,1367.94,EUR,NL,V1359,medium,PO300266,price_mismatch,completed,True,Excel Price Correction
CASE-00116,INV-000116,Correction for price mismatch,2026-01-11T16:12:18.704774,SAP,Procurement Specialist,ap03,1367.94,EUR,NL,V1359,medium,PO300266,price_mismatch,completed,False,
CASE-00116,INV-000116,Run three-way match,2026-01-11T16:36:18.704774,SAP,System,system,1367.94,EUR,NL,V1359,medium,PO300266,price_mismatch,completed,False,
CASE-00116,INV-000116,Run duplicate invoice check,2026-01-11T16:48:18.704774,SAP,System,system,1367.94,EUR,NL,V1359,medium,PO300266,,completed,False,
CASE-00116,INV-000116,Check vendor risk,2026-01-11T17:00:18.704774,Vendor Master Data,System,system,1367.94,EUR,NL,V1359,medium,PO300266,,completed,False,
CASE-00116,INV-000116,Check approval threshold,2026-01-11T17:06:18.704774,SAP,System,system,1367.94,EUR,NL,V1359,medium,PO300266,,completed,False,
CASE-00116,INV-000116,Auto approve for payment scheduling,2026-01-11T17:12:18.704774,SAP,System,system,1367.94,EUR,NL,V1359,medium,PO300266,,completed,False,
CASE-00116,INV-000116,Schedule payment,2026-01-12T04:57:13.380247,Payment System,System,system,1367.94,EUR,NL,V1359,medium,PO300266,,completed,False,
CASE-00116,INV-000116,Send remittance notice,2026-01-12T05:03:13.380247,Payment System,System,system,1367.94,EUR,NL,V1359,medium,PO300266,,completed,False,
CASE-00116,INV-000116,Invoice paid,2026-01-12T05:09:13.380247,Payment System,System,system,1367.94,EUR,NL,V1359,medium,PO300266,,paid,False,
CASE-00117,INV-000117,Invoice received,2026-01-05T21:38:00,Coupa,System,system,12497.57,EUR,IT,V3818,high,PO575309,,completed,False,
CASE-00117,INV-000117,Validate invoice data,2026-01-05T22:02:00,Coupa,AP Clerk,ap22,12497.57,EUR,IT,V3818,high,PO575309,,completed,False,
CASE-00117,INV-000117,Check PO exists,2026-01-05T22:20:00,SAP,System,system,12497.57,EUR,IT,V3818,high,PO575309,,completed,False,
CASE-00117,INV-000117,Run three-way match,2026-01-05T22:50:00,SAP,System,system,12497.57,EUR,IT,V3818,high,PO575309,,completed,False,
CASE-00117,INV-000117,Run duplicate invoice check,2026-01-05T23:02:00,SAP,System,system,12497.57,EUR,IT,V3818,high,PO575309,,completed,False,
CASE-00117,INV-000117,Check vendor risk,2026-01-05T23:14:00,Vendor Master Data,System,system,12497.57,EUR,IT,V3818,high,PO575309,,completed,False,
CASE-00117,INV-000117,Compliance review,2026-01-08T02:49:46.660879,Vendor Master Data,Compliance Officer,ap22,12497.57,EUR,IT,V3818,high,PO575309,,completed,False,
CASE-00117,INV-000117,Check approval threshold,2026-01-08T02:55:46.660879,SAP,System,system,12497.57,EUR,IT,V3818,high,PO575309,,completed,False,
CASE-00117,INV-000117,Finance manager approval,2026-01-09T05:53:36.490250,SAP,Finance Manager,ap22,12497.57,EUR,IT,V3818,high,PO575309,,completed,False,
CASE-00117,INV-000117,Schedule payment,2026-01-09T12:19:47.322616,Payment System,System,system,12497.57,EUR,IT,V3818,high,PO575309,,completed,False,
CASE-00117,INV-000117,Send remittance notice,2026-01-09T12:25:47.322616,Payment System,System,system,12497.57,EUR,IT,V3818,high,PO575309,,completed,False,
CASE-00117,INV-000117,Invoice paid,2026-01-09T12:31:47.322616,Payment System,System,system,12497.57,EUR,IT,V3818,high,PO575309,,paid,False,
CASE-00118,INV-000118,Invoice received,2026-01-05T21:45:00,Coupa,System,system,17307.62,EUR,FR,V4469,low,PO713344,,completed,False,
CASE-00118,INV-000118,Validate invoice data,2026-01-05T22:09:00,Coupa,AP Clerk,ap06,17307.62,EUR,FR,V4469,low,PO713344,,completed,False,
CASE-00118,INV-000118,Check PO exists,2026-01-05T22:27:00,SAP,System,system,17307.62,EUR,FR,V4469,low,PO713344,,completed,False,
CASE-00118,INV-000118,Create missing PO exception,2026-01-05T22:39:00,ServiceNow,System,system,17307.62,EUR,FR,V4469,low,PO713344,missing_po,completed,False,
CASE-00118,INV-000118,AP review missing PO,2026-01-08T08:43:48.442621,ServiceNow,AP Clerk,ap06,17307.62,EUR,FR,V4469,low,PO713344,missing_po,completed,False,
CASE-00118,INV-000118,Procurement correction,2026-01-09T02:44:43.684309,SAP,Procurement Specialist,ap06,17307.62,EUR,FR,V4469,low,PO713344,missing_po,completed,False,
CASE-00118,INV-000118,Check PO exists,2026-01-09T02:56:43.684309,SAP,System,system,17307.62,EUR,FR,V4469,low,PO713344,missing_po,completed,False,
CASE-00118,INV-000118,Run three-way match,2026-01-09T03:26:43.684309,SAP,System,system,17307.62,EUR,FR,V4469,low,PO713344,,completed,False,
CASE-00118,INV-000118,Run duplicate invoice check,2026-01-09T03:38:43.684309,SAP,System,system,17307.62,EUR,FR,V4469,low,PO713344,,completed,False,
CASE-00118,INV-000118,Check vendor risk,2026-01-09T03:50:43.684309,Vendor Master Data,System,system,17307.62,EUR,FR,V4469,low,PO713344,,completed,False,
CASE-00118,INV-000118,Check approval threshold,2026-01-09T03:56:43.684309,SAP,System,system,17307.62,EUR,FR,V4469,low,PO713344,,completed,False,
CASE-00118,INV-000118,Finance manager approval,2026-01-10T02:15:53.918650,SAP,Finance Manager,ap06,17307.62,EUR,FR,V4469,low,PO713344,,completed,False,
CASE-00118,INV-000118,Schedule payment,2026-01-10T08:19:46.425877,Payment System,System,system,17307.62,EUR,FR,V4469,low,PO713344,,completed,False,
CASE-00118,INV-000118,Send remittance notice,2026-01-10T08:25:46.425877,Payment System,System,system,17307.62,EUR,FR,V4469,low,PO713344,,completed,False,
CASE-00118,INV-000118,Invoice paid,2026-01-10T08:31:46.425877,Payment System,System,system,17307.62,EUR,FR,V4469,low,PO713344,,paid,False,
CASE-00119,INV-000119,Invoice received,2026-01-05T21:52:00,Coupa,System,system,8386.2,EUR,NL,V8145,low,PO119095,,completed,False,
CASE-00119,INV-000119,Validate invoice data,2026-01-05T22:16:00,Coupa,AP Clerk,ap09,8386.2,EUR,NL,V8145,low,PO119095,,completed,False,
CASE-00119,INV-000119,Check PO exists,2026-01-05T22:34:00,SAP,System,system,8386.2,EUR,NL,V8145,low,PO119095,,completed,False,
CASE-00119,INV-000119,Run three-way match,2026-01-05T23:04:00,SAP,System,system,8386.2,EUR,NL,V8145,low,PO119095,,completed,False,
CASE-00119,INV-000119,Classify exception,2026-01-05T23:16:00,ServiceNow,AP Clerk,ap09,8386.2,EUR,NL,V8145,low,PO119095,quantity_mismatch,completed,False,
CASE-00119,INV-000119,Create quantity mismatch ticket,2026-01-05T23:28:00,ServiceNow,System,system,8386.2,EUR,NL,V8145,low,PO119095,quantity_mismatch,completed,False,
CASE-00119,INV-000119,AP review quantity mismatch,2026-01-08T17:25:23.110159,ServiceNow,AP Clerk,ap09,8386.2,EUR,NL,V8145,low,PO119095,quantity_mismatch,completed,False,
CASE-00119,INV-000119,Correction for quantity mismatch,2026-01-09T16:59:19.284963,SAP,Procurement Specialist,ap09,8386.2,EUR,NL,V8145,low,PO119095,quantity_mismatch,completed,False,
CASE-00119,INV-000119,Run three-way match,2026-01-09T17:23:19.284963,SAP,System,system,8386.2,EUR,NL,V8145,low,PO119095,quantity_mismatch,completed,False,
CASE-00119,INV-000119,Run duplicate invoice check,2026-01-09T17:35:19.284963,SAP,System,system,8386.2,EUR,NL,V8145,low,PO119095,,completed,False,
CASE-00119,INV-000119,Check vendor risk,2026-01-09T17:47:19.284963,Vendor Master Data,System,system,8386.2,EUR,NL,V8145,low,PO119095,,completed,False,
CASE-00119,INV-000119,Check approval threshold,2026-01-09T17:53:19.284963,SAP,System,system,8386.2,EUR,NL,V8145,low,PO119095,,completed,False,
CASE-00119,INV-000119,Auto approve for payment scheduling,2026-01-09T17:59:19.284963,SAP,System,system,8386.2,EUR,NL,V8145,low,PO119095,,completed,False,
CASE-00119,INV-000119,Schedule payment,2026-01-10T04:22:47.371712,Payment System,System,system,8386.2,EUR,NL,V8145,low,PO119095,,completed,False,
CASE-00119,INV-000119,Send remittance notice,2026-01-10T04:28:47.371712,Payment System,System,system,8386.2,EUR,NL,V8145,low,PO119095,,completed,False,
CASE-00119,INV-000119,Invoice paid,2026-01-10T04:34:47.371712,Payment System,System,system,8386.2,EUR,NL,V8145,low,PO119095,,paid,False,
CASE-00120,INV-000120,Invoice received,2026-01-05T21:59:00,Coupa,System,system,7774.35,EUR,DE,V6589,medium,PO903117,,completed,False,
CASE-00120,INV-000120,Validate invoice data,2026-01-05T22:23:00,Coupa,AP Clerk,ap02,7774.35,EUR,DE,V6589,medium,PO903117,,completed,False,
CASE-00120,INV-000120,Check PO exists,2026-01-05T22:41:00,SAP,System,system,7774.35,EUR,DE,V6589,medium,PO903117,,completed,False,
CASE-00120,INV-000120,Run three-way match,2026-01-05T23:11:00,SAP,System,system,7774.35,EUR,DE,V6589,medium,PO903117,,completed,False,
CASE-00120,INV-000120,Classify exception,2026-01-05T23:23:00,ServiceNow,AP Clerk,ap02,7774.35,EUR,DE,V6589,medium,PO903117,price_mismatch,completed,False,
CASE-00120,INV-000120,Create price mismatch ticket,2026-01-05T23:35:00,ServiceNow,System,system,7774.35,EUR,DE,V6589,medium,PO903117,price_mismatch,completed,False,
CASE-00120,INV-000120,AP review price mismatch,2026-01-08T18:14:38.239757,ServiceNow,AP Clerk,ap02,7774.35,EUR,DE,V6589,medium,PO903117,price_mismatch,completed,False,
CASE-00120,INV-000120,Correction for price mismatch,2026-01-09T12:35:17.574696,SAP,Procurement Specialist,ap02,7774.35,EUR,DE,V6589,medium,PO903117,price_mismatch,completed,False,
CASE-00120,INV-000120,Run three-way match,2026-01-09T12:59:17.574696,SAP,System,system,7774.35,EUR,DE,V6589,medium,PO903117,price_mismatch,completed,False,
CASE-00120,INV-000120,Run duplicate invoice check,2026-01-09T13:11:17.574696,SAP,System,system,7774.35,EUR,DE,V6589,medium,PO903117,,completed,False,
CASE-00120,INV-000120,Check vendor risk,2026-01-09T13:23:17.574696,Vendor Master Data,System,system,7774.35,EUR,DE,V6589,medium,PO903117,,completed,False,
CASE-00120,INV-000120,Check approval threshold,2026-01-09T13:29:17.574696,SAP,System,system,7774.35,EUR,DE,V6589,medium,PO903117,,completed,False,
CASE-00120,INV-000120,Auto approve for payment scheduling,2026-01-09T13:35:17.574696,SAP,System,system,7774.35,EUR,DE,V6589,medium,PO903117,,completed,False,
CASE-00120,INV-000120,Schedule payment,2026-01-09T23:26:09.843892,Payment System,System,system,7774.35,EUR,DE,V6589,medium,PO903117,,completed,False,
CASE-00120,INV-000120,Send remittance notice,2026-01-09T23:32:09.843892,Payment System,System,system,7774.35,EUR,DE,V6589,medium,PO903117,,completed,False,
CASE-00120,INV-000120,Invoice paid,2026-01-09T23:38:09.843892,Payment System,System,system,7774.35,EUR,DE,V6589,medium,PO903117,,paid,False,
CASE-00121,INV-000121,Invoice received,2026-01-05T22:06:00,Coupa,System,system,2099.98,EUR,ES,V6360,low,PO940379,,completed,False,
CASE-00121,INV-000121,Validate invoice data,2026-01-05T22:30:00,Coupa,AP Clerk,ap03,2099.98,EUR,ES,V6360,low,PO940379,,completed,False,
CASE-00121,INV-000121,Check PO exists,2026-01-05T22:48:00,SAP,System,system,2099.98,EUR,ES,V6360,low,PO940379,,completed,False,
CASE-00121,INV-000121,Run three-way match,2026-01-05T23:18:00,SAP,System,system,2099.98,EUR,ES,V6360,low,PO940379,,completed,False,
CASE-00121,INV-000121,Classify exception,2026-01-05T23:30:00,ServiceNow,AP Clerk,ap03,2099.98,EUR,ES,V6360,low,PO940379,price_mismatch,completed,False,
CASE-00121,INV-000121,Create price mismatch ticket,2026-01-05T23:42:00,ServiceNow,System,system,2099.98,EUR,ES,V6360,low,PO940379,price_mismatch,completed,False,
CASE-00121,INV-000121,AP review price mismatch,2026-01-08T13:51:12.533691,ServiceNow,AP Clerk,ap03,2099.98,EUR,ES,V6360,low,PO940379,price_mismatch,completed,False,
CASE-00121,INV-000121,Correction for price mismatch,2026-01-09T09:58:45.777862,SAP,Procurement Specialist,ap03,2099.98,EUR,ES,V6360,low,PO940379,price_mismatch,completed,False,
CASE-00121,INV-000121,Run three-way match,2026-01-09T10:22:45.777862,SAP,System,system,2099.98,EUR,ES,V6360,low,PO940379,price_mismatch,completed,False,
CASE-00121,INV-000121,Run duplicate invoice check,2026-01-09T10:34:45.777862,SAP,System,system,2099.98,EUR,ES,V6360,low,PO940379,,completed,False,
CASE-00121,INV-000121,Check vendor risk,2026-01-09T10:46:45.777862,Vendor Master Data,System,system,2099.98,EUR,ES,V6360,low,PO940379,,completed,False,
CASE-00121,INV-000121,Check approval threshold,2026-01-09T10:52:45.777862,SAP,System,system,2099.98,EUR,ES,V6360,low,PO940379,,completed,False,
CASE-00121,INV-000121,Auto approve for payment scheduling,2026-01-09T10:58:45.777862,SAP,System,system,2099.98,EUR,ES,V6360,low,PO940379,,completed,False,
CASE-00121,INV-000121,Schedule payment,2026-01-09T16:30:07.010408,Payment System,System,system,2099.98,EUR,ES,V6360,low,PO940379,,completed,False,
CASE-00121,INV-000121,Send remittance notice,2026-01-09T16:36:07.010408,Payment System,System,system,2099.98,EUR,ES,V6360,low,PO940379,,completed,False,
CASE-00121,INV-000121,Invoice paid,2026-01-09T16:42:07.010408,Payment System,System,system,2099.98,EUR,ES,V6360,low,PO940379,,paid,False,
CASE-00122,INV-000122,Invoice received,2026-01-05T22:13:00,Coupa,System,system,6976.56,EUR,ES,V4635,low,PO595615,,completed,False,
CASE-00122,INV-000122,Validate invoice data,2026-01-05T22:37:00,Coupa,AP Clerk,ap18,6976.56,EUR,ES,V4635,low,PO595615,,completed,False,
CASE-00122,INV-000122,Check PO exists,2026-01-05T22:55:00,SAP,System,system,6976.56,EUR,ES,V4635,low,PO595615,,completed,False,
CASE-00122,INV-000122,Run three-way match,2026-01-05T23:25:00,SAP,System,system,6976.56,EUR,ES,V4635,low,PO595615,,completed,False,
CASE-00122,INV-000122,Run duplicate invoice check,2026-01-05T23:37:00,SAP,System,system,6976.56,EUR,ES,V4635,low,PO595615,,completed,False,
CASE-00122,INV-000122,Check vendor risk,2026-01-05T23:49:00,Vendor Master Data,System,system,6976.56,EUR,ES,V4635,low,PO595615,,completed,False,
CASE-00122,INV-000122,Check approval threshold,2026-01-05T23:55:00,SAP,System,system,6976.56,EUR,ES,V4635,low,PO595615,,completed,False,
CASE-00122,INV-000122,Auto approve for payment scheduling,2026-01-06T00:01:00,SAP,System,system,6976.56,EUR,ES,V4635,low,PO595615,,completed,False,
CASE-00122,INV-000122,Schedule payment,2026-01-06T09:26:02.382518,Payment System,System,system,6976.56,EUR,ES,V4635,low,PO595615,,completed,False,
CASE-00122,INV-000122,Send remittance notice,2026-01-06T09:32:02.382518,Payment System,System,system,6976.56,EUR,ES,V4635,low,PO595615,,completed,False,
CASE-00122,INV-000122,Invoice paid,2026-01-06T09:38:02.382518,Payment System,System,system,6976.56,EUR,ES,V4635,low,PO595615,,paid,False,
CASE-00123,INV-000123,Invoice received,2026-01-05T22:20:00,Coupa,System,system,17976.32,EUR,IT,V7315,low,PO949113,,completed,False,
CASE-00123,INV-000123,Validate invoice data,2026-01-05T22:44:00,Coupa,AP Clerk,ap20,17976.32,EUR,IT,V7315,low,PO949113,,completed,False,
CASE-00123,INV-000123,Check PO exists,2026-01-05T23:02:00,SAP,System,system,17976.32,EUR,IT,V7315,low,PO949113,,completed,False,
CASE-00123,INV-000123,Run three-way match,2026-01-05T23:32:00,SAP,System,system,17976.32,EUR,IT,V7315,low,PO949113,,completed,False,
CASE-00123,INV-000123,Classify exception,2026-01-05T23:44:00,ServiceNow,AP Clerk,ap20,17976.32,EUR,IT,V7315,low,PO949113,price_mismatch,completed,False,
CASE-00123,INV-000123,Create price mismatch ticket,2026-01-05T23:56:00,ServiceNow,System,system,17976.32,EUR,IT,V7315,low,PO949113,price_mismatch,completed,False,
CASE-00123,INV-000123,AP review price mismatch,2026-01-09T15:22:53.180964,ServiceNow,AP Clerk,ap20,17976.32,EUR,IT,V7315,low,PO949113,price_mismatch,completed,False,
CASE-00123,INV-000123,Correction for price mismatch,2026-01-10T04:06:25.140420,SAP,Procurement Specialist,ap20,17976.32,EUR,IT,V7315,low,PO949113,price_mismatch,completed,False,
CASE-00123,INV-000123,Run three-way match,2026-01-10T04:30:25.140420,SAP,System,system,17976.32,EUR,IT,V7315,low,PO949113,price_mismatch,completed,False,
CASE-00123,INV-000123,Run duplicate invoice check,2026-01-10T04:42:25.140420,SAP,System,system,17976.32,EUR,IT,V7315,low,PO949113,,completed,False,
CASE-00123,INV-000123,Check vendor risk,2026-01-10T04:54:25.140420,Vendor Master Data,System,system,17976.32,EUR,IT,V7315,low,PO949113,,completed,False,
CASE-00123,INV-000123,Check approval threshold,2026-01-10T05:00:25.140420,SAP,System,system,17976.32,EUR,IT,V7315,low,PO949113,,completed,False,
CASE-00123,INV-000123,Finance manager approval,2026-01-11T17:23:53.343824,SAP,Finance Manager,ap20,17976.32,EUR,IT,V7315,low,PO949113,,completed,False,
CASE-00123,INV-000123,Schedule payment,2026-01-11T21:59:25.814903,Payment System,System,system,17976.32,EUR,IT,V7315,low,PO949113,,completed,False,
CASE-00123,INV-000123,Send remittance notice,2026-01-11T22:05:25.814903,Payment System,System,system,17976.32,EUR,IT,V7315,low,PO949113,,completed,False,
CASE-00123,INV-000123,Invoice paid,2026-01-11T22:11:25.814903,Payment System,System,system,17976.32,EUR,IT,V7315,low,PO949113,,paid,False,
CASE-00124,INV-000124,Invoice received,2026-01-05T22:27:00,Coupa,System,system,19176.93,EUR,FR,V1078,low,PO889221,,completed,False,
CASE-00124,INV-000124,Validate invoice data,2026-01-05T22:51:00,Coupa,AP Clerk,ap23,19176.93,EUR,FR,V1078,low,PO889221,,completed,False,
CASE-00124,INV-000124,Check PO exists,2026-01-05T23:09:00,SAP,System,system,19176.93,EUR,FR,V1078,low,PO889221,,completed,False,
CASE-00124,INV-000124,Run three-way match,2026-01-05T23:39:00,SAP,System,system,19176.93,EUR,FR,V1078,low,PO889221,,completed,False,
CASE-00124,INV-000124,Classify exception,2026-01-05T23:51:00,ServiceNow,AP Clerk,ap23,19176.93,EUR,FR,V1078,low,PO889221,price_mismatch,completed,False,
CASE-00124,INV-000124,Create price mismatch ticket,2026-01-06T00:03:00,ServiceNow,System,system,19176.93,EUR,FR,V1078,low,PO889221,price_mismatch,completed,False,
CASE-00124,INV-000124,AP review price mismatch,2026-01-09T08:25:27.862824,ServiceNow,AP Clerk,ap23,19176.93,EUR,FR,V1078,low,PO889221,price_mismatch,completed,False,
CASE-00124,INV-000124,Correction for price mismatch,2026-01-10T02:56:13.694254,SAP,Procurement Specialist,ap23,19176.93,EUR,FR,V1078,low,PO889221,price_mismatch,completed,False,
CASE-00124,INV-000124,Run three-way match,2026-01-10T03:20:13.694254,SAP,System,system,19176.93,EUR,FR,V1078,low,PO889221,price_mismatch,completed,False,
CASE-00124,INV-000124,Run duplicate invoice check,2026-01-10T03:32:13.694254,SAP,System,system,19176.93,EUR,FR,V1078,low,PO889221,,completed,False,
CASE-00124,INV-000124,Check vendor risk,2026-01-10T03:44:13.694254,Vendor Master Data,System,system,19176.93,EUR,FR,V1078,low,PO889221,,completed,False,
CASE-00124,INV-000124,Check approval threshold,2026-01-10T03:50:13.694254,SAP,System,system,19176.93,EUR,FR,V1078,low,PO889221,,completed,False,
CASE-00124,INV-000124,Finance manager approval,2026-01-10T22:43:44.156605,SAP,Finance Manager,ap23,19176.93,EUR,FR,V1078,low,PO889221,,completed,False,
CASE-00124,INV-000124,Schedule payment,2026-01-11T03:26:07.097189,Payment System,System,system,19176.93,EUR,FR,V1078,low,PO889221,,completed,False,
CASE-00124,INV-000124,Send remittance notice,2026-01-11T03:32:07.097189,Payment System,System,system,19176.93,EUR,FR,V1078,low,PO889221,,completed,False,
CASE-00124,INV-000124,Invoice paid,2026-01-11T03:38:07.097189,Payment System,System,system,19176.93,EUR,FR,V1078,low,PO889221,,paid,False,
CASE-00125,INV-000125,Invoice received,2026-01-05T22:34:00,Coupa,System,system,7419.97,EUR,NL,V9538,low,PO406281,,completed,False,
CASE-00125,INV-000125,Validate invoice data,2026-01-05T22:58:00,Coupa,AP Clerk,ap07,7419.97,EUR,NL,V9538,low,PO406281,,completed,False,
CASE-00125,INV-000125,Check PO exists,2026-01-05T23:16:00,SAP,System,system,7419.97,EUR,NL,V9538,low,PO406281,,completed,False,
CASE-00125,INV-000125,Run three-way match,2026-01-05T23:46:00,SAP,System,system,7419.97,EUR,NL,V9538,low,PO406281,,completed,False,
CASE-00125,INV-000125,Run duplicate invoice check,2026-01-05T23:58:00,SAP,System,system,7419.97,EUR,NL,V9538,low,PO406281,,completed,False,
CASE-00125,INV-000125,Check vendor risk,2026-01-06T00:10:00,Vendor Master Data,System,system,7419.97,EUR,NL,V9538,low,PO406281,,completed,False,
CASE-00125,INV-000125,Check approval threshold,2026-01-06T00:16:00,SAP,System,system,7419.97,EUR,NL,V9538,low,PO406281,,completed,False,
CASE-00125,INV-000125,Auto approve for payment scheduling,2026-01-06T00:22:00,SAP,System,system,7419.97,EUR,NL,V9538,low,PO406281,,completed,False,
CASE-00125,INV-000125,Schedule payment,2026-01-06T05:12:53.471098,Payment System,System,system,7419.97,EUR,NL,V9538,low,PO406281,,completed,False,
CASE-00125,INV-000125,Send remittance notice,2026-01-06T05:18:53.471098,Payment System,System,system,7419.97,EUR,NL,V9538,low,PO406281,,completed,False,
CASE-00125,INV-000125,Invoice paid,2026-01-06T05:24:53.471098,Payment System,System,system,7419.97,EUR,NL,V9538,low,PO406281,,paid,False,
CASE-00126,INV-000126,Invoice received,2026-01-05T22:41:00,Coupa,System,system,5134.82,EUR,IT,V5156,low,PO107792,,completed,False,
CASE-00126,INV-000126,Validate invoice data,2026-01-05T23:05:00,Coupa,AP Clerk,ap22,5134.82,EUR,IT,V5156,low,PO107792,,completed,False,
CASE-00126,INV-000126,Manual Email Review,2026-01-07T08:10:46.279924,Email and Excel,AP Clerk,ap22,5134.82,EUR,IT,V5156,low,PO107792,,completed,True,Manual Email Review
CASE-00126,INV-000126,Check PO exists,2026-01-07T08:28:46.279924,SAP,System,system,5134.82,EUR,IT,V5156,low,PO107792,,completed,False,
CASE-00126,INV-000126,Run three-way match,2026-01-07T08:58:46.279924,SAP,System,system,5134.82,EUR,IT,V5156,low,PO107792,,completed,False,
CASE-00126,INV-000126,Run duplicate invoice check,2026-01-07T09:10:46.279924,SAP,System,system,5134.82,EUR,IT,V5156,low,PO107792,,completed,False,
CASE-00126,INV-000126,Check vendor risk,2026-01-07T09:22:46.279924,Vendor Master Data,System,system,5134.82,EUR,IT,V5156,low,PO107792,,completed,False,
CASE-00126,INV-000126,Check approval threshold,2026-01-07T09:28:46.279924,SAP,System,system,5134.82,EUR,IT,V5156,low,PO107792,,completed,False,
CASE-00126,INV-000126,Auto approve for payment scheduling,2026-01-07T09:34:46.279924,SAP,System,system,5134.82,EUR,IT,V5156,low,PO107792,,completed,False,
CASE-00126,INV-000126,Schedule payment,2026-01-07T19:38:55.207484,Payment System,System,system,5134.82,EUR,IT,V5156,low,PO107792,,completed,False,
CASE-00126,INV-000126,Send remittance notice,2026-01-07T19:44:55.207484,Payment System,System,system,5134.82,EUR,IT,V5156,low,PO107792,,completed,False,
CASE-00126,INV-000126,Invoice paid,2026-01-07T19:50:55.207484,Payment System,System,system,5134.82,EUR,IT,V5156,low,PO107792,,paid,False,
CASE-00127,INV-000127,Invoice received,2026-01-05T22:48:00,Coupa,System,system,6669.24,EUR,NL,V6163,medium,PO319742,,completed,False,
CASE-00127,INV-000127,Validate invoice data,2026-01-05T23:12:00,Coupa,AP Clerk,ap01,6669.24,EUR,NL,V6163,medium,PO319742,,completed,False,
CASE-00127,INV-000127,Check PO exists,2026-01-05T23:30:00,SAP,System,system,6669.24,EUR,NL,V6163,medium,PO319742,,completed,False,
CASE-00127,INV-000127,Run three-way match,2026-01-06T00:00:00,SAP,System,system,6669.24,EUR,NL,V6163,medium,PO319742,,completed,False,
CASE-00127,INV-000127,Run duplicate invoice check,2026-01-06T00:12:00,SAP,System,system,6669.24,EUR,NL,V6163,medium,PO319742,,completed,False,
CASE-00127,INV-000127,Check vendor risk,2026-01-06T00:24:00,Vendor Master Data,System,system,6669.24,EUR,NL,V6163,medium,PO319742,,completed,False,
CASE-00127,INV-000127,Check approval threshold,2026-01-06T00:30:00,SAP,System,system,6669.24,EUR,NL,V6163,medium,PO319742,,completed,False,
CASE-00127,INV-000127,Auto approve for payment scheduling,2026-01-06T00:36:00,SAP,System,system,6669.24,EUR,NL,V6163,medium,PO319742,,completed,False,
CASE-00127,INV-000127,Schedule payment,2026-01-06T08:59:39.093229,Payment System,System,system,6669.24,EUR,NL,V6163,medium,PO319742,,completed,False,
CASE-00127,INV-000127,Send remittance notice,2026-01-06T09:05:39.093229,Payment System,System,system,6669.24,EUR,NL,V6163,medium,PO319742,,completed,False,
CASE-00127,INV-000127,Invoice paid,2026-01-06T09:11:39.093229,Payment System,System,system,6669.24,EUR,NL,V6163,medium,PO319742,,paid,False,
CASE-00128,INV-000128,Invoice received,2026-01-05T22:55:00,Coupa,System,system,2037.34,EUR,NL,V6444,medium,PO781562,,completed,False,
CASE-00128,INV-000128,Validate invoice data,2026-01-05T23:19:00,Coupa,AP Clerk,ap16,2037.34,EUR,NL,V6444,medium,PO781562,,completed,False,
CASE-00128,INV-000128,Check PO exists,2026-01-05T23:37:00,SAP,System,system,2037.34,EUR,NL,V6444,medium,PO781562,,completed,False,
CASE-00128,INV-000128,Run three-way match,2026-01-06T00:07:00,SAP,System,system,2037.34,EUR,NL,V6444,medium,PO781562,,completed,False,
CASE-00128,INV-000128,Run duplicate invoice check,2026-01-06T00:19:00,SAP,System,system,2037.34,EUR,NL,V6444,medium,PO781562,,completed,False,
CASE-00128,INV-000128,Check vendor risk,2026-01-06T00:31:00,Vendor Master Data,System,system,2037.34,EUR,NL,V6444,medium,PO781562,,completed,False,
CASE-00128,INV-000128,Check approval threshold,2026-01-06T00:37:00,SAP,System,system,2037.34,EUR,NL,V6444,medium,PO781562,,completed,False,
CASE-00128,INV-000128,Auto approve for payment scheduling,2026-01-06T00:43:00,SAP,System,system,2037.34,EUR,NL,V6444,medium,PO781562,,completed,False,
CASE-00128,INV-000128,Schedule payment,2026-01-06T12:41:16.577178,Payment System,System,system,2037.34,EUR,NL,V6444,medium,PO781562,,completed,False,
CASE-00128,INV-000128,Send remittance notice,2026-01-06T12:47:16.577178,Payment System,System,system,2037.34,EUR,NL,V6444,medium,PO781562,,completed,False,
CASE-00128,INV-000128,Invoice paid,2026-01-06T12:53:16.577178,Payment System,System,system,2037.34,EUR,NL,V6444,medium,PO781562,,paid,False,
CASE-00129,INV-000129,Invoice received,2026-01-05T23:02:00,Coupa,System,system,24679.56,EUR,FR,V4881,low,PO391337,,completed,False,
CASE-00129,INV-000129,Validate invoice data,2026-01-05T23:26:00,Coupa,AP Clerk,ap16,24679.56,EUR,FR,V4881,low,PO391337,,completed,False,
CASE-00129,INV-000129,Check PO exists,2026-01-05T23:44:00,SAP,System,system,24679.56,EUR,FR,V4881,low,PO391337,,completed,False,
CASE-00129,INV-000129,Run three-way match,2026-01-06T00:14:00,SAP,System,system,24679.56,EUR,FR,V4881,low,PO391337,,completed,False,
CASE-00129,INV-000129,Classify exception,2026-01-06T00:26:00,ServiceNow,AP Clerk,ap16,24679.56,EUR,FR,V4881,low,PO391337,quantity_mismatch,completed,False,
CASE-00129,INV-000129,Create quantity mismatch ticket,2026-01-06T00:38:00,ServiceNow,System,system,24679.56,EUR,FR,V4881,low,PO391337,quantity_mismatch,completed,False,
CASE-00129,INV-000129,AP review quantity mismatch,2026-01-11T11:03:35.714039,ServiceNow,AP Clerk,ap16,24679.56,EUR,FR,V4881,low,PO391337,quantity_mismatch,completed,False,
CASE-00129,INV-000129,Correction for quantity mismatch,2026-01-11T16:19:10.482973,SAP,Procurement Specialist,ap16,24679.56,EUR,FR,V4881,low,PO391337,quantity_mismatch,completed,False,
CASE-00129,INV-000129,Run three-way match,2026-01-11T16:43:10.482973,SAP,System,system,24679.56,EUR,FR,V4881,low,PO391337,quantity_mismatch,completed,False,
CASE-00129,INV-000129,Run duplicate invoice check,2026-01-11T16:55:10.482973,SAP,System,system,24679.56,EUR,FR,V4881,low,PO391337,,completed,False,
CASE-00129,INV-000129,Check vendor risk,2026-01-11T17:07:10.482973,Vendor Master Data,System,system,24679.56,EUR,FR,V4881,low,PO391337,,completed,False,
CASE-00129,INV-000129,Check approval threshold,2026-01-11T17:13:10.482973,SAP,System,system,24679.56,EUR,FR,V4881,low,PO391337,,completed,False,
CASE-00129,INV-000129,Finance manager approval,2026-01-12T20:12:15.635821,SAP,Finance Manager,ap16,24679.56,EUR,FR,V4881,low,PO391337,,completed,False,
CASE-00129,INV-000129,Schedule payment,2026-01-13T08:11:23.503141,Payment System,System,system,24679.56,EUR,FR,V4881,low,PO391337,,completed,False,
CASE-00129,INV-000129,Send remittance notice,2026-01-13T08:17:23.503141,Payment System,System,system,24679.56,EUR,FR,V4881,low,PO391337,,completed,False,
CASE-00129,INV-000129,Invoice paid,2026-01-13T08:23:23.503141,Payment System,System,system,24679.56,EUR,FR,V4881,low,PO391337,,paid,False,
CASE-00130,INV-000130,Invoice received,2026-01-05T23:09:00,Coupa,System,system,10492.0,EUR,ES,V5667,low,PO388906,,completed,False,
CASE-00130,INV-000130,Validate invoice data,2026-01-05T23:33:00,Coupa,AP Clerk,ap09,10492.0,EUR,ES,V5667,low,PO388906,,completed,False,
CASE-00130,INV-000130,Check PO exists,2026-01-05T23:51:00,SAP,System,system,10492.0,EUR,ES,V5667,low,PO388906,,completed,False,
CASE-00130,INV-000130,Run three-way match,2026-01-06T00:21:00,SAP,System,system,10492.0,EUR,ES,V5667,low,PO388906,,completed,False,
CASE-00130,INV-000130,Run duplicate invoice check,2026-01-06T00:33:00,SAP,System,system,10492.0,EUR,ES,V5667,low,PO388906,,completed,False,
CASE-00130,INV-000130,Check vendor risk,2026-01-06T00:45:00,Vendor Master Data,System,system,10492.0,EUR,ES,V5667,low,PO388906,,completed,False,
CASE-00130,INV-000130,Check approval threshold,2026-01-06T00:51:00,SAP,System,system,10492.0,EUR,ES,V5667,low,PO388906,,completed,False,
CASE-00130,INV-000130,Finance manager approval,2026-01-07T14:21:02.831926,SAP,Finance Manager,ap09,10492.0,EUR,ES,V5667,low,PO388906,,completed,False,
CASE-00130,INV-000130,Schedule payment,2026-01-07T20:11:30.614926,Payment System,System,system,10492.0,EUR,ES,V5667,low,PO388906,,completed,False,
CASE-00130,INV-000130,Send remittance notice,2026-01-07T20:17:30.614926,Payment System,System,system,10492.0,EUR,ES,V5667,low,PO388906,,completed,False,
CASE-00130,INV-000130,Invoice paid,2026-01-07T20:23:30.614926,Payment System,System,system,10492.0,EUR,ES,V5667,low,PO388906,,paid,False,
CASE-00131,INV-000131,Invoice received,2026-01-05T23:16:00,Coupa,System,system,1965.6,EUR,NL,V1669,medium,PO888618,,completed,False,
CASE-00131,INV-000131,Validate invoice data,2026-01-05T23:40:00,Coupa,AP Clerk,ap07,1965.6,EUR,NL,V1669,medium,PO888618,,completed,False,
CASE-00131,INV-000131,Check PO exists,2026-01-05T23:58:00,SAP,System,system,1965.6,EUR,NL,V1669,medium,PO888618,,completed,False,
CASE-00131,INV-000131,Run three-way match,2026-01-06T00:28:00,SAP,System,system,1965.6,EUR,NL,V1669,medium,PO888618,,completed,False,
CASE-00131,INV-000131,Run duplicate invoice check,2026-01-06T00:40:00,SAP,System,system,1965.6,EUR,NL,V1669,medium,PO888618,,completed,False,
CASE-00131,INV-000131,Check vendor risk,2026-01-06T00:52:00,Vendor Master Data,System,system,1965.6,EUR,NL,V1669,medium,PO888618,,completed,False,
CASE-00131,INV-000131,Check approval threshold,2026-01-06T00:58:00,SAP,System,system,1965.6,EUR,NL,V1669,medium,PO888618,,completed,False,
CASE-00131,INV-000131,Auto approve for payment scheduling,2026-01-06T01:04:00,SAP,System,system,1965.6,EUR,NL,V1669,medium,PO888618,,completed,False,
CASE-00131,INV-000131,Schedule payment,2026-01-06T07:19:13.310876,Payment System,System,system,1965.6,EUR,NL,V1669,medium,PO888618,,completed,False,
CASE-00131,INV-000131,Send remittance notice,2026-01-06T07:25:13.310876,Payment System,System,system,1965.6,EUR,NL,V1669,medium,PO888618,,completed,False,
CASE-00131,INV-000131,Invoice paid,2026-01-06T07:31:13.310876,Payment System,System,system,1965.6,EUR,NL,V1669,medium,PO888618,,paid,False,
CASE-00132,INV-000132,Invoice received,2026-01-05T23:23:00,Coupa,System,system,5637.17,EUR,ES,V1358,medium,PO446016,,completed,False,
CASE-00132,INV-000132,Validate invoice data,2026-01-05T23:47:00,Coupa,AP Clerk,ap05,5637.17,EUR,ES,V1358,medium,PO446016,,completed,False,
CASE-00132,INV-000132,Check PO exists,2026-01-06T00:05:00,SAP,System,system,5637.17,EUR,ES,V1358,medium,PO446016,,completed,False,
CASE-00132,INV-000132,Run three-way match,2026-01-06T00:35:00,SAP,System,system,5637.17,EUR,ES,V1358,medium,PO446016,,completed,False,
CASE-00132,INV-000132,Classify exception,2026-01-06T00:47:00,ServiceNow,AP Clerk,ap05,5637.17,EUR,ES,V1358,medium,PO446016,price_mismatch,completed,False,
CASE-00132,INV-000132,Create price mismatch ticket,2026-01-06T00:59:00,ServiceNow,System,system,5637.17,EUR,ES,V1358,medium,PO446016,price_mismatch,completed,False,
CASE-00132,INV-000132,AP review price mismatch,2026-01-09T08:25:35.203802,ServiceNow,AP Clerk,ap05,5637.17,EUR,ES,V1358,medium,PO446016,price_mismatch,completed,False,
CASE-00132,INV-000132,Correction for price mismatch,2026-01-09T18:43:49.577457,SAP,Procurement Specialist,ap05,5637.17,EUR,ES,V1358,medium,PO446016,price_mismatch,completed,False,
CASE-00132,INV-000132,Run three-way match,2026-01-09T19:07:49.577457,SAP,System,system,5637.17,EUR,ES,V1358,medium,PO446016,price_mismatch,completed,False,
CASE-00132,INV-000132,Run duplicate invoice check,2026-01-09T19:19:49.577457,SAP,System,system,5637.17,EUR,ES,V1358,medium,PO446016,,completed,False,
CASE-00132,INV-000132,Check vendor risk,2026-01-09T19:31:49.577457,Vendor Master Data,System,system,5637.17,EUR,ES,V1358,medium,PO446016,,completed,False,
CASE-00132,INV-000132,Check approval threshold,2026-01-09T19:37:49.577457,SAP,System,system,5637.17,EUR,ES,V1358,medium,PO446016,,completed,False,
CASE-00132,INV-000132,Auto approve for payment scheduling,2026-01-09T19:43:49.577457,SAP,System,system,5637.17,EUR,ES,V1358,medium,PO446016,,completed,False,
CASE-00132,INV-000132,Schedule payment,2026-01-10T05:01:33.477666,Payment System,System,system,5637.17,EUR,ES,V1358,medium,PO446016,,completed,False,
CASE-00132,INV-000132,Send remittance notice,2026-01-10T05:07:33.477666,Payment System,System,system,5637.17,EUR,ES,V1358,medium,PO446016,,completed,False,
CASE-00132,INV-000132,Invoice paid,2026-01-10T05:13:33.477666,Payment System,System,system,5637.17,EUR,ES,V1358,medium,PO446016,,paid,False,
CASE-00133,INV-000133,Invoice received,2026-01-05T23:30:00,Coupa,System,system,24160.11,EUR,FR,V4421,low,PO375405,,completed,False,
CASE-00133,INV-000133,Validate invoice data,2026-01-05T23:54:00,Coupa,AP Clerk,ap21,24160.11,EUR,FR,V4421,low,PO375405,,completed,False,
CASE-00133,INV-000133,Manual Email Review,2026-01-07T11:38:05.242595,Email and Excel,AP Clerk,ap21,24160.11,EUR,FR,V4421,low,PO375405,,completed,True,Manual Email Review
CASE-00133,INV-000133,Check PO exists,2026-01-07T11:56:05.242595,SAP,System,system,24160.11,EUR,FR,V4421,low,PO375405,,completed,False,
CASE-00133,INV-000133,Run three-way match,2026-01-07T12:26:05.242595,SAP,System,system,24160.11,EUR,FR,V4421,low,PO375405,,completed,False,
CASE-00133,INV-000133,Run duplicate invoice check,2026-01-07T12:38:05.242595,SAP,System,system,24160.11,EUR,FR,V4421,low,PO375405,,completed,False,
CASE-00133,INV-000133,Check vendor risk,2026-01-07T12:50:05.242595,Vendor Master Data,System,system,24160.11,EUR,FR,V4421,low,PO375405,,completed,False,
CASE-00133,INV-000133,Check approval threshold,2026-01-07T12:56:05.242595,SAP,System,system,24160.11,EUR,FR,V4421,low,PO375405,,completed,False,
CASE-00133,INV-000133,Finance manager approval,2026-01-08T09:26:36.302802,SAP,Finance Manager,ap21,24160.11,EUR,FR,V4421,low,PO375405,,completed,False,
CASE-00133,INV-000133,Schedule payment,2026-01-08T15:24:02.018934,Payment System,System,system,24160.11,EUR,FR,V4421,low,PO375405,,completed,False,
CASE-00133,INV-000133,Send remittance notice,2026-01-08T15:30:02.018934,Payment System,System,system,24160.11,EUR,FR,V4421,low,PO375405,,completed,False,
CASE-00133,INV-000133,Invoice paid,2026-01-08T15:36:02.018934,Payment System,System,system,24160.11,EUR,FR,V4421,low,PO375405,,paid,False,
CASE-00134,INV-000134,Invoice received,2026-01-05T23:37:00,Coupa,System,system,16340.9,EUR,IT,V4376,low,PO736568,,completed,False,
CASE-00134,INV-000134,Validate invoice data,2026-01-06T00:01:00,Coupa,AP Clerk,ap18,16340.9,EUR,IT,V4376,low,PO736568,,completed,False,
CASE-00134,INV-000134,Check PO exists,2026-01-06T00:19:00,SAP,System,system,16340.9,EUR,IT,V4376,low,PO736568,,completed,False,
CASE-00134,INV-000134,Run three-way match,2026-01-06T00:49:00,SAP,System,system,16340.9,EUR,IT,V4376,low,PO736568,,completed,False,
CASE-00134,INV-000134,Classify exception,2026-01-06T01:01:00,ServiceNow,AP Clerk,ap18,16340.9,EUR,IT,V4376,low,PO736568,price_mismatch,completed,False,
CASE-00134,INV-000134,Create price mismatch ticket,2026-01-06T01:13:00,ServiceNow,System,system,16340.9,EUR,IT,V4376,low,PO736568,price_mismatch,completed,False,
CASE-00134,INV-000134,AP review price mismatch,2026-01-07T05:01:50.693840,ServiceNow,AP Clerk,ap18,16340.9,EUR,IT,V4376,low,PO736568,price_mismatch,completed,False,
CASE-00134,INV-000134,Correction for price mismatch,2026-01-08T02:40:54.490897,SAP,Procurement Specialist,ap18,16340.9,EUR,IT,V4376,low,PO736568,price_mismatch,completed,False,
CASE-00134,INV-000134,Run three-way match,2026-01-08T03:04:54.490897,SAP,System,system,16340.9,EUR,IT,V4376,low,PO736568,price_mismatch,completed,False,
CASE-00134,INV-000134,Run duplicate invoice check,2026-01-08T03:16:54.490897,SAP,System,system,16340.9,EUR,IT,V4376,low,PO736568,,completed,False,
CASE-00134,INV-000134,Check vendor risk,2026-01-08T03:28:54.490897,Vendor Master Data,System,system,16340.9,EUR,IT,V4376,low,PO736568,,completed,False,
CASE-00134,INV-000134,Check approval threshold,2026-01-08T03:34:54.490897,SAP,System,system,16340.9,EUR,IT,V4376,low,PO736568,,completed,False,
CASE-00134,INV-000134,Finance manager approval,2026-01-09T00:37:56.542616,SAP,Finance Manager,ap18,16340.9,EUR,IT,V4376,low,PO736568,,completed,False,
CASE-00134,INV-000134,Schedule payment,2026-01-09T11:57:11.482985,Payment System,System,system,16340.9,EUR,IT,V4376,low,PO736568,,completed,False,
CASE-00134,INV-000134,Send remittance notice,2026-01-09T12:03:11.482985,Payment System,System,system,16340.9,EUR,IT,V4376,low,PO736568,,completed,False,
CASE-00134,INV-000134,Invoice paid,2026-01-09T12:09:11.482985,Payment System,System,system,16340.9,EUR,IT,V4376,low,PO736568,,paid,False,
CASE-00135,INV-000135,Invoice received,2026-01-05T23:44:00,Coupa,System,system,971.43,EUR,NL,V2705,low,PO569788,,completed,False,
CASE-00135,INV-000135,Validate invoice data,2026-01-06T00:08:00,Coupa,AP Clerk,ap06,971.43,EUR,NL,V2705,low,PO569788,,completed,False,
CASE-00135,INV-000135,Check PO exists,2026-01-06T00:26:00,SAP,System,system,971.43,EUR,NL,V2705,low,PO569788,,completed,False,
CASE-00135,INV-000135,Create missing PO exception,2026-01-06T00:38:00,ServiceNow,System,system,971.43,EUR,NL,V2705,low,PO569788,missing_po,completed,False,
CASE-00135,INV-000135,AP review missing PO,2026-01-07T20:22:45.686323,ServiceNow,AP Clerk,ap06,971.43,EUR,NL,V2705,low,PO569788,missing_po,completed,False,
CASE-00135,INV-000135,Procurement correction,2026-01-09T19:32:27.076579,SAP,Procurement Specialist,ap06,971.43,EUR,NL,V2705,low,PO569788,missing_po,completed,False,
CASE-00135,INV-000135,Check PO exists,2026-01-09T19:44:27.076579,SAP,System,system,971.43,EUR,NL,V2705,low,PO569788,missing_po,completed,False,
CASE-00135,INV-000135,Run three-way match,2026-01-09T20:14:27.076579,SAP,System,system,971.43,EUR,NL,V2705,low,PO569788,,completed,False,
CASE-00135,INV-000135,Run duplicate invoice check,2026-01-09T20:26:27.076579,SAP,System,system,971.43,EUR,NL,V2705,low,PO569788,,completed,False,
CASE-00135,INV-000135,Check vendor risk,2026-01-09T20:38:27.076579,Vendor Master Data,System,system,971.43,EUR,NL,V2705,low,PO569788,,completed,False,
CASE-00135,INV-000135,Check approval threshold,2026-01-09T20:44:27.076579,SAP,System,system,971.43,EUR,NL,V2705,low,PO569788,,completed,False,
CASE-00135,INV-000135,Auto approve for payment scheduling,2026-01-09T20:50:27.076579,SAP,System,system,971.43,EUR,NL,V2705,low,PO569788,,completed,False,
CASE-00135,INV-000135,Schedule payment,2026-01-10T07:18:25.942861,Payment System,System,system,971.43,EUR,NL,V2705,low,PO569788,,completed,False,
CASE-00135,INV-000135,Send remittance notice,2026-01-10T07:24:25.942861,Payment System,System,system,971.43,EUR,NL,V2705,low,PO569788,,completed,False,
CASE-00135,INV-000135,Invoice paid,2026-01-10T07:30:25.942861,Payment System,System,system,971.43,EUR,NL,V2705,low,PO569788,,paid,False,
CASE-00136,INV-000136,Invoice received,2026-01-05T23:51:00,Coupa,System,system,11799.68,EUR,ES,V7710,medium,PO587242,,completed,False,
CASE-00136,INV-000136,Validate invoice data,2026-01-06T00:15:00,Coupa,AP Clerk,ap25,11799.68,EUR,ES,V7710,medium,PO587242,,completed,False,
CASE-00136,INV-000136,Check PO exists,2026-01-06T00:33:00,SAP,System,system,11799.68,EUR,ES,V7710,medium,PO587242,,completed,False,
CASE-00136,INV-000136,Run three-way match,2026-01-06T01:03:00,SAP,System,system,11799.68,EUR,ES,V7710,medium,PO587242,,completed,False,
CASE-00136,INV-000136,Classify exception,2026-01-06T01:15:00,ServiceNow,AP Clerk,ap25,11799.68,EUR,ES,V7710,medium,PO587242,price_mismatch,completed,False,
CASE-00136,INV-000136,Create price mismatch ticket,2026-01-06T01:27:00,ServiceNow,System,system,11799.68,EUR,ES,V7710,medium,PO587242,price_mismatch,completed,False,
CASE-00136,INV-000136,AP review price mismatch,2026-01-12T04:33:24.244883,ServiceNow,AP Clerk,ap25,11799.68,EUR,ES,V7710,medium,PO587242,price_mismatch,completed,False,
CASE-00136,INV-000136,Correction for price mismatch,2026-01-13T00:13:39.348830,SAP,Procurement Specialist,ap25,11799.68,EUR,ES,V7710,medium,PO587242,price_mismatch,completed,False,
CASE-00136,INV-000136,Run three-way match,2026-01-13T00:37:39.348830,SAP,System,system,11799.68,EUR,ES,V7710,medium,PO587242,price_mismatch,completed,False,
CASE-00136,INV-000136,Run duplicate invoice check,2026-01-13T00:49:39.348830,SAP,System,system,11799.68,EUR,ES,V7710,medium,PO587242,,completed,False,
CASE-00136,INV-000136,Check vendor risk,2026-01-13T01:01:39.348830,Vendor Master Data,System,system,11799.68,EUR,ES,V7710,medium,PO587242,,completed,False,
CASE-00136,INV-000136,Check approval threshold,2026-01-13T01:07:39.348830,SAP,System,system,11799.68,EUR,ES,V7710,medium,PO587242,,completed,False,
CASE-00136,INV-000136,Finance manager approval,2026-01-14T08:31:29.351681,SAP,Finance Manager,ap25,11799.68,EUR,ES,V7710,medium,PO587242,,completed,False,
CASE-00136,INV-000136,Schedule payment,2026-01-14T15:45:08.166205,Payment System,System,system,11799.68,EUR,ES,V7710,medium,PO587242,,completed,False,
CASE-00136,INV-000136,Send remittance notice,2026-01-14T15:51:08.166205,Payment System,System,system,11799.68,EUR,ES,V7710,medium,PO587242,,completed,False,
CASE-00136,INV-000136,Invoice paid,2026-01-14T15:57:08.166205,Payment System,System,system,11799.68,EUR,ES,V7710,medium,PO587242,,paid,False,
CASE-00137,INV-000137,Invoice received,2026-01-05T23:58:00,Coupa,System,system,3724.15,EUR,NL,V3102,low,PO239291,,completed,False,
CASE-00137,INV-000137,Validate invoice data,2026-01-06T00:22:00,Coupa,AP Clerk,ap03,3724.15,EUR,NL,V3102,low,PO239291,,completed,False,
CASE-00137,INV-000137,Check PO exists,2026-01-06T00:40:00,SAP,System,system,3724.15,EUR,NL,V3102,low,PO239291,,completed,False,
CASE-00137,INV-000137,Run three-way match,2026-01-06T01:10:00,SAP,System,system,3724.15,EUR,NL,V3102,low,PO239291,,completed,False,
CASE-00137,INV-000137,Run duplicate invoice check,2026-01-06T01:22:00,SAP,System,system,3724.15,EUR,NL,V3102,low,PO239291,,completed,False,
CASE-00137,INV-000137,Check vendor risk,2026-01-06T01:34:00,Vendor Master Data,System,system,3724.15,EUR,NL,V3102,low,PO239291,,completed,False,
CASE-00137,INV-000137,Check approval threshold,2026-01-06T01:40:00,SAP,System,system,3724.15,EUR,NL,V3102,low,PO239291,,completed,False,
CASE-00137,INV-000137,Auto approve for payment scheduling,2026-01-06T01:46:00,SAP,System,system,3724.15,EUR,NL,V3102,low,PO239291,,completed,False,
CASE-00137,INV-000137,Schedule payment,2026-01-06T10:00:15.226283,Payment System,System,system,3724.15,EUR,NL,V3102,low,PO239291,,completed,False,
CASE-00137,INV-000137,Send remittance notice,2026-01-06T10:06:15.226283,Payment System,System,system,3724.15,EUR,NL,V3102,low,PO239291,,completed,False,
CASE-00137,INV-000137,Invoice paid,2026-01-06T10:12:15.226283,Payment System,System,system,3724.15,EUR,NL,V3102,low,PO239291,,paid,False,
CASE-00138,INV-000138,Invoice received,2026-01-06T00:05:00,Coupa,System,system,17893.13,EUR,DE,V9425,low,PO947649,,completed,False,
CASE-00138,INV-000138,Validate invoice data,2026-01-06T00:29:00,Coupa,AP Clerk,ap24,17893.13,EUR,DE,V9425,low,PO947649,,completed,False,
CASE-00138,INV-000138,Check PO exists,2026-01-06T00:47:00,SAP,System,system,17893.13,EUR,DE,V9425,low,PO947649,,completed,False,
CASE-00138,INV-000138,Run three-way match,2026-01-06T01:17:00,SAP,System,system,17893.13,EUR,DE,V9425,low,PO947649,,completed,False,
CASE-00138,INV-000138,Run duplicate invoice check,2026-01-06T01:29:00,SAP,System,system,17893.13,EUR,DE,V9425,low,PO947649,,completed,False,
CASE-00138,INV-000138,Check vendor risk,2026-01-06T01:41:00,Vendor Master Data,System,system,17893.13,EUR,DE,V9425,low,PO947649,,completed,False,
CASE-00138,INV-000138,Check approval threshold,2026-01-06T01:47:00,SAP,System,system,17893.13,EUR,DE,V9425,low,PO947649,,completed,False,
CASE-00138,INV-000138,Finance manager approval,2026-01-07T05:32:01.267386,SAP,Finance Manager,ap24,17893.13,EUR,DE,V9425,low,PO947649,,completed,False,
CASE-00138,INV-000138,Schedule payment,2026-01-07T12:26:50.536122,Payment System,System,system,17893.13,EUR,DE,V9425,low,PO947649,,completed,False,
CASE-00138,INV-000138,Send remittance notice,2026-01-07T12:32:50.536122,Payment System,System,system,17893.13,EUR,DE,V9425,low,PO947649,,completed,False,
CASE-00138,INV-000138,Invoice paid,2026-01-07T12:38:50.536122,Payment System,System,system,17893.13,EUR,DE,V9425,low,PO947649,,paid,False,
CASE-00139,INV-000139,Invoice received,2026-01-06T00:12:00,Coupa,System,system,10665.93,EUR,FR,V4665,low,PO851390,,completed,False,
CASE-00139,INV-000139,Validate invoice data,2026-01-06T00:36:00,Coupa,AP Clerk,ap17,10665.93,EUR,FR,V4665,low,PO851390,,completed,False,
CASE-00139,INV-000139,Check PO exists,2026-01-06T00:54:00,SAP,System,system,10665.93,EUR,FR,V4665,low,PO851390,,completed,False,
CASE-00139,INV-000139,Run three-way match,2026-01-06T01:24:00,SAP,System,system,10665.93,EUR,FR,V4665,low,PO851390,,completed,False,
CASE-00139,INV-000139,Run duplicate invoice check,2026-01-06T01:36:00,SAP,System,system,10665.93,EUR,FR,V4665,low,PO851390,,completed,False,
CASE-00139,INV-000139,Check vendor risk,2026-01-06T01:48:00,Vendor Master Data,System,system,10665.93,EUR,FR,V4665,low,PO851390,,completed,False,
CASE-00139,INV-000139,Check approval threshold,2026-01-06T01:54:00,SAP,System,system,10665.93,EUR,FR,V4665,low,PO851390,,completed,False,
CASE-00139,INV-000139,Finance manager approval,2026-01-07T08:50:01.232370,SAP,Finance Manager,ap17,10665.93,EUR,FR,V4665,low,PO851390,,completed,False,
CASE-00139,INV-000139,Schedule payment,2026-01-07T17:26:55.221429,Payment System,System,system,10665.93,EUR,FR,V4665,low,PO851390,,completed,False,
CASE-00139,INV-000139,Send remittance notice,2026-01-07T17:32:55.221429,Payment System,System,system,10665.93,EUR,FR,V4665,low,PO851390,,completed,False,
CASE-00139,INV-000139,Invoice paid,2026-01-07T17:38:55.221429,Payment System,System,system,10665.93,EUR,FR,V4665,low,PO851390,,paid,False,
CASE-00140,INV-000140,Invoice received,2026-01-06T00:19:00,Coupa,System,system,20056.12,EUR,ES,V7031,low,PO740442,,completed,False,
CASE-00140,INV-000140,Validate invoice data,2026-01-06T00:43:00,Coupa,AP Clerk,ap21,20056.12,EUR,ES,V7031,low,PO740442,,completed,False,
CASE-00140,INV-000140,Check PO exists,2026-01-06T01:01:00,SAP,System,system,20056.12,EUR,ES,V7031,low,PO740442,,completed,False,
CASE-00140,INV-000140,Run three-way match,2026-01-06T01:31:00,SAP,System,system,20056.12,EUR,ES,V7031,low,PO740442,,completed,False,
CASE-00140,INV-000140,Classify exception,2026-01-06T01:43:00,ServiceNow,AP Clerk,ap21,20056.12,EUR,ES,V7031,low,PO740442,price_mismatch,completed,False,
CASE-00140,INV-000140,Create price mismatch ticket,2026-01-06T01:55:00,ServiceNow,System,system,20056.12,EUR,ES,V7031,low,PO740442,price_mismatch,completed,False,
CASE-00140,INV-000140,AP review price mismatch,2026-01-10T22:06:05.843646,ServiceNow,AP Clerk,ap21,20056.12,EUR,ES,V7031,low,PO740442,price_mismatch,completed,False,
CASE-00140,INV-000140,Correction for price mismatch,2026-01-11T14:28:41.969892,SAP,Procurement Specialist,ap21,20056.12,EUR,ES,V7031,low,PO740442,price_mismatch,completed,False,
CASE-00140,INV-000140,Run three-way match,2026-01-11T14:52:41.969892,SAP,System,system,20056.12,EUR,ES,V7031,low,PO740442,price_mismatch,completed,False,
CASE-00140,INV-000140,Run duplicate invoice check,2026-01-11T15:04:41.969892,SAP,System,system,20056.12,EUR,ES,V7031,low,PO740442,,completed,False,
CASE-00140,INV-000140,Check vendor risk,2026-01-11T15:16:41.969892,Vendor Master Data,System,system,20056.12,EUR,ES,V7031,low,PO740442,,completed,False,
CASE-00140,INV-000140,Check approval threshold,2026-01-11T15:22:41.969892,SAP,System,system,20056.12,EUR,ES,V7031,low,PO740442,,completed,False,
CASE-00140,INV-000140,Finance manager approval,2026-01-12T08:49:11.510713,SAP,Finance Manager,ap21,20056.12,EUR,ES,V7031,low,PO740442,,completed,False,
CASE-00140,INV-000140,Schedule payment,2026-01-12T15:35:50.051120,Payment System,System,system,20056.12,EUR,ES,V7031,low,PO740442,,completed,False,
CASE-00140,INV-000140,Send remittance notice,2026-01-12T15:41:50.051120,Payment System,System,system,20056.12,EUR,ES,V7031,low,PO740442,,completed,False,
CASE-00140,INV-000140,Invoice paid,2026-01-12T15:47:50.051120,Payment System,System,system,20056.12,EUR,ES,V7031,low,PO740442,,paid,False,
CASE-00141,INV-000141,Invoice received,2026-01-06T00:26:00,Coupa,System,system,10799.42,EUR,NL,V8480,low,PO684064,,completed,False,
CASE-00141,INV-000141,Validate invoice data,2026-01-06T00:50:00,Coupa,AP Clerk,ap10,10799.42,EUR,NL,V8480,low,PO684064,,completed,False,
CASE-00141,INV-000141,Check PO exists,2026-01-06T01:08:00,SAP,System,system,10799.42,EUR,NL,V8480,low,PO684064,,completed,False,
CASE-00141,INV-000141,Run three-way match,2026-01-06T01:38:00,SAP,System,system,10799.42,EUR,NL,V8480,low,PO684064,,completed,False,
CASE-00141,INV-000141,Classify exception,2026-01-06T01:50:00,ServiceNow,AP Clerk,ap10,10799.42,EUR,NL,V8480,low,PO684064,price_mismatch,completed,False,
CASE-00141,INV-000141,Create price mismatch ticket,2026-01-06T02:02:00,ServiceNow,System,system,10799.42,EUR,NL,V8480,low,PO684064,price_mismatch,completed,False,
CASE-00141,INV-000141,AP review price mismatch,2026-01-09T20:45:05.961471,ServiceNow,AP Clerk,ap10,10799.42,EUR,NL,V8480,low,PO684064,price_mismatch,completed,False,
CASE-00141,INV-000141,Correction for price mismatch,2026-01-10T10:56:03.566586,SAP,Procurement Specialist,ap10,10799.42,EUR,NL,V8480,low,PO684064,price_mismatch,completed,False,
CASE-00141,INV-000141,Run three-way match,2026-01-10T11:20:03.566586,SAP,System,system,10799.42,EUR,NL,V8480,low,PO684064,price_mismatch,completed,False,
CASE-00141,INV-000141,Run duplicate invoice check,2026-01-10T11:32:03.566586,SAP,System,system,10799.42,EUR,NL,V8480,low,PO684064,,completed,False,
CASE-00141,INV-000141,Check vendor risk,2026-01-10T11:44:03.566586,Vendor Master Data,System,system,10799.42,EUR,NL,V8480,low,PO684064,,completed,False,
CASE-00141,INV-000141,Check approval threshold,2026-01-10T11:50:03.566586,SAP,System,system,10799.42,EUR,NL,V8480,low,PO684064,,completed,False,
CASE-00141,INV-000141,Finance manager approval,2026-01-12T00:59:28.218122,SAP,Finance Manager,ap10,10799.42,EUR,NL,V8480,low,PO684064,,completed,False,
CASE-00141,INV-000141,Schedule payment,2026-01-12T05:15:35.961850,Payment System,System,system,10799.42,EUR,NL,V8480,low,PO684064,,completed,False,
CASE-00141,INV-000141,Send remittance notice,2026-01-12T05:21:35.961850,Payment System,System,system,10799.42,EUR,NL,V8480,low,PO684064,,completed,False,
CASE-00141,INV-000141,Invoice paid,2026-01-12T05:27:35.961850,Payment System,System,system,10799.42,EUR,NL,V8480,low,PO684064,,paid,False,
CASE-00142,INV-000142,Invoice received,2026-01-06T00:33:00,Coupa,System,system,2354.72,EUR,DE,V7605,low,PO894590,,completed,False,
CASE-00142,INV-000142,Validate invoice data,2026-01-06T00:57:00,Coupa,AP Clerk,ap02,2354.72,EUR,DE,V7605,low,PO894590,,completed,False,
CASE-00142,INV-000142,Check PO exists,2026-01-06T01:15:00,SAP,System,system,2354.72,EUR,DE,V7605,low,PO894590,,completed,False,
CASE-00142,INV-000142,Run three-way match,2026-01-06T01:45:00,SAP,System,system,2354.72,EUR,DE,V7605,low,PO894590,,completed,False,
CASE-00142,INV-000142,Classify exception,2026-01-06T01:57:00,ServiceNow,AP Clerk,ap02,2354.72,EUR,DE,V7605,low,PO894590,price_mismatch,completed,False,
CASE-00142,INV-000142,Create price mismatch ticket,2026-01-06T02:09:00,ServiceNow,System,system,2354.72,EUR,DE,V7605,low,PO894590,price_mismatch,completed,False,
CASE-00142,INV-000142,AP review price mismatch,2026-01-10T21:03:22.095619,ServiceNow,AP Clerk,ap02,2354.72,EUR,DE,V7605,low,PO894590,price_mismatch,completed,False,
CASE-00142,INV-000142,Correction for price mismatch,2026-01-11T12:13:15.106496,SAP,Procurement Specialist,ap02,2354.72,EUR,DE,V7605,low,PO894590,price_mismatch,completed,False,
CASE-00142,INV-000142,Run three-way match,2026-01-11T12:37:15.106496,SAP,System,system,2354.72,EUR,DE,V7605,low,PO894590,price_mismatch,completed,False,
CASE-00142,INV-000142,Run duplicate invoice check,2026-01-11T12:49:15.106496,SAP,System,system,2354.72,EUR,DE,V7605,low,PO894590,,completed,False,
CASE-00142,INV-000142,Check vendor risk,2026-01-11T13:01:15.106496,Vendor Master Data,System,system,2354.72,EUR,DE,V7605,low,PO894590,,completed,False,
CASE-00142,INV-000142,Check approval threshold,2026-01-11T13:07:15.106496,SAP,System,system,2354.72,EUR,DE,V7605,low,PO894590,,completed,False,
CASE-00142,INV-000142,Auto approve for payment scheduling,2026-01-11T13:13:15.106496,SAP,System,system,2354.72,EUR,DE,V7605,low,PO894590,,completed,False,
CASE-00142,INV-000142,Schedule payment,2026-01-11T22:01:41.750838,Payment System,System,system,2354.72,EUR,DE,V7605,low,PO894590,,completed,False,
CASE-00142,INV-000142,Send remittance notice,2026-01-11T22:07:41.750838,Payment System,System,system,2354.72,EUR,DE,V7605,low,PO894590,,completed,False,
CASE-00142,INV-000142,Invoice paid,2026-01-11T22:13:41.750838,Payment System,System,system,2354.72,EUR,DE,V7605,low,PO894590,,paid,False,
CASE-00143,INV-000143,Invoice received,2026-01-06T00:40:00,Coupa,System,system,15702.86,EUR,FR,V1093,low,PO419874,,completed,False,
CASE-00143,INV-000143,Validate invoice data,2026-01-06T01:04:00,Coupa,AP Clerk,ap15,15702.86,EUR,FR,V1093,low,PO419874,,completed,False,
CASE-00143,INV-000143,Check PO exists,2026-01-06T01:22:00,SAP,System,system,15702.86,EUR,FR,V1093,low,PO419874,,completed,False,
CASE-00143,INV-000143,Run three-way match,2026-01-06T01:52:00,SAP,System,system,15702.86,EUR,FR,V1093,low,PO419874,,completed,False,
CASE-00143,INV-000143,Classify exception,2026-01-06T02:04:00,ServiceNow,AP Clerk,ap15,15702.86,EUR,FR,V1093,low,PO419874,missing_gr,completed,False,
CASE-00143,INV-000143,Request goods receipt confirmation,2026-01-07T01:50:11.141541,SAP,Procurement Specialist,ap15,15702.86,EUR,FR,V1093,low,PO419874,missing_gr,completed,False,
CASE-00143,INV-000143,Run three-way match,2026-01-07T02:14:11.141541,SAP,System,system,15702.86,EUR,FR,V1093,low,PO419874,missing_gr,completed,False,
CASE-00143,INV-000143,Run duplicate invoice check,2026-01-07T02:26:11.141541,SAP,System,system,15702.86,EUR,FR,V1093,low,PO419874,,completed,False,
CASE-00143,INV-000143,Check vendor risk,2026-01-07T02:38:11.141541,Vendor Master Data,System,system,15702.86,EUR,FR,V1093,low,PO419874,,completed,False,
CASE-00143,INV-000143,Check approval threshold,2026-01-07T02:44:11.141541,SAP,System,system,15702.86,EUR,FR,V1093,low,PO419874,,completed,False,
CASE-00143,INV-000143,Finance manager approval,2026-01-08T15:52:06.571061,SAP,Finance Manager,ap15,15702.86,EUR,FR,V1093,low,PO419874,,completed,False,
CASE-00143,INV-000143,Schedule payment,2026-01-09T02:17:01.589383,Payment System,System,system,15702.86,EUR,FR,V1093,low,PO419874,,completed,False,
CASE-00143,INV-000143,Send remittance notice,2026-01-09T02:23:01.589383,Payment System,System,system,15702.86,EUR,FR,V1093,low,PO419874,,completed,False,
CASE-00143,INV-000143,Invoice paid,2026-01-09T02:29:01.589383,Payment System,System,system,15702.86,EUR,FR,V1093,low,PO419874,,paid,False,
CASE-00144,INV-000144,Invoice received,2026-01-06T00:47:00,Coupa,System,system,24604.86,EUR,ES,V2583,low,PO486153,,completed,False,
CASE-00144,INV-000144,Validate invoice data,2026-01-06T01:11:00,Coupa,AP Clerk,ap06,24604.86,EUR,ES,V2583,low,PO486153,,completed,False,
CASE-00144,INV-000144,Check PO exists,2026-01-06T01:29:00,SAP,System,system,24604.86,EUR,ES,V2583,low,PO486153,,completed,False,
CASE-00144,INV-000144,Run three-way match,2026-01-06T01:59:00,SAP,System,system,24604.86,EUR,ES,V2583,low,PO486153,,completed,False,
CASE-00144,INV-000144,Run duplicate invoice check,2026-01-06T02:11:00,SAP,System,system,24604.86,EUR,ES,V2583,low,PO486153,,completed,False,
CASE-00144,INV-000144,Check vendor risk,2026-01-06T02:23:00,Vendor Master Data,System,system,24604.86,EUR,ES,V2583,low,PO486153,,completed,False,
CASE-00144,INV-000144,Check approval threshold,2026-01-06T02:29:00,SAP,System,system,24604.86,EUR,ES,V2583,low,PO486153,,completed,False,
CASE-00144,INV-000144,Finance manager approval,2026-01-08T00:36:17.065160,SAP,Finance Manager,ap06,24604.86,EUR,ES,V2583,low,PO486153,,completed,False,
CASE-00144,INV-000144,Schedule payment,2026-01-08T07:38:42.032561,Payment System,System,system,24604.86,EUR,ES,V2583,low,PO486153,,completed,False,
CASE-00144,INV-000144,Send remittance notice,2026-01-08T07:44:42.032561,Payment System,System,system,24604.86,EUR,ES,V2583,low,PO486153,,completed,False,
CASE-00144,INV-000144,Invoice paid,2026-01-08T07:50:42.032561,Payment System,System,system,24604.86,EUR,ES,V2583,low,PO486153,,paid,False,
CASE-00145,INV-000145,Invoice received,2026-01-06T00:54:00,Coupa,System,system,11476.93,EUR,ES,V1431,low,PO615692,,completed,False,
CASE-00145,INV-000145,Validate invoice data,2026-01-06T01:18:00,Coupa,AP Clerk,ap14,11476.93,EUR,ES,V1431,low,PO615692,,completed,False,
CASE-00145,INV-000145,Check PO exists,2026-01-06T01:36:00,SAP,System,system,11476.93,EUR,ES,V1431,low,PO615692,,completed,False,
CASE-00145,INV-000145,Run three-way match,2026-01-06T02:06:00,SAP,System,system,11476.93,EUR,ES,V1431,low,PO615692,,completed,False,
CASE-00145,INV-000145,Run duplicate invoice check,2026-01-06T02:18:00,SAP,System,system,11476.93,EUR,ES,V1431,low,PO615692,,completed,False,
CASE-00145,INV-000145,Check vendor risk,2026-01-06T02:30:00,Vendor Master Data,System,system,11476.93,EUR,ES,V1431,low,PO615692,,completed,False,
CASE-00145,INV-000145,Check approval threshold,2026-01-06T02:36:00,SAP,System,system,11476.93,EUR,ES,V1431,low,PO615692,,completed,False,
CASE-00145,INV-000145,Finance manager approval,2026-01-07T04:41:10.202892,SAP,Finance Manager,ap14,11476.93,EUR,ES,V1431,low,PO615692,,completed,False,
CASE-00145,INV-000145,Schedule payment,2026-01-07T08:44:13.966777,Payment System,System,system,11476.93,EUR,ES,V1431,low,PO615692,,completed,False,
CASE-00145,INV-000145,Send remittance notice,2026-01-07T08:50:13.966777,Payment System,System,system,11476.93,EUR,ES,V1431,low,PO615692,,completed,False,
CASE-00145,INV-000145,Invoice paid,2026-01-07T08:56:13.966777,Payment System,System,system,11476.93,EUR,ES,V1431,low,PO615692,,paid,False,
CASE-00146,INV-000146,Invoice received,2026-01-06T01:01:00,Coupa,System,system,14655.27,EUR,NL,V6527,low,PO514120,,completed,False,
CASE-00146,INV-000146,Validate invoice data,2026-01-06T01:25:00,Coupa,AP Clerk,ap08,14655.27,EUR,NL,V6527,low,PO514120,,completed,False,
CASE-00146,INV-000146,Check PO exists,2026-01-06T01:43:00,SAP,System,system,14655.27,EUR,NL,V6527,low,PO514120,,completed,False,
CASE-00146,INV-000146,Run three-way match,2026-01-06T02:13:00,SAP,System,system,14655.27,EUR,NL,V6527,low,PO514120,,completed,False,
CASE-00146,INV-000146,Run duplicate invoice check,2026-01-06T02:25:00,SAP,System,system,14655.27,EUR,NL,V6527,low,PO514120,,completed,False,
CASE-00146,INV-000146,Check vendor risk,2026-01-06T02:37:00,Vendor Master Data,System,system,14655.27,EUR,NL,V6527,low,PO514120,,completed,False,
CASE-00146,INV-000146,Check approval threshold,2026-01-06T02:43:00,SAP,System,system,14655.27,EUR,NL,V6527,low,PO514120,,completed,False,
CASE-00146,INV-000146,Finance manager approval,2026-01-07T12:47:21.592787,SAP,Finance Manager,ap08,14655.27,EUR,NL,V6527,low,PO514120,,completed,False,
CASE-00146,INV-000146,Schedule payment,2026-01-07T18:27:02.890177,Payment System,System,system,14655.27,EUR,NL,V6527,low,PO514120,,completed,False,
CASE-00146,INV-000146,Send remittance notice,2026-01-07T18:33:02.890177,Payment System,System,system,14655.27,EUR,NL,V6527,low,PO514120,,completed,False,
CASE-00146,INV-000146,Invoice paid,2026-01-07T18:39:02.890177,Payment System,System,system,14655.27,EUR,NL,V6527,low,PO514120,,paid,False,
CASE-00147,INV-000147,Invoice received,2026-01-06T01:08:00,Coupa,System,system,8257.17,EUR,NL,V8369,low,PO753756,,completed,False,
CASE-00147,INV-000147,Validate invoice data,2026-01-06T01:32:00,Coupa,AP Clerk,ap19,8257.17,EUR,NL,V8369,low,PO753756,,completed,False,
CASE-00147,INV-000147,Check PO exists,2026-01-06T01:50:00,SAP,System,system,8257.17,EUR,NL,V8369,low,PO753756,,completed,False,
CASE-00147,INV-000147,Run three-way match,2026-01-06T02:20:00,SAP,System,system,8257.17,EUR,NL,V8369,low,PO753756,,completed,False,
CASE-00147,INV-000147,Classify exception,2026-01-06T02:32:00,ServiceNow,AP Clerk,ap19,8257.17,EUR,NL,V8369,low,PO753756,price_mismatch,completed,False,
CASE-00147,INV-000147,Create price mismatch ticket,2026-01-06T02:44:00,ServiceNow,System,system,8257.17,EUR,NL,V8369,low,PO753756,price_mismatch,completed,False,
CASE-00147,INV-000147,AP review price mismatch,2026-01-10T11:50:23.947016,ServiceNow,AP Clerk,ap19,8257.17,EUR,NL,V8369,low,PO753756,price_mismatch,completed,False,
CASE-00147,INV-000147,Correction for price mismatch,2026-01-10T23:15:58.623650,SAP,Procurement Specialist,ap19,8257.17,EUR,NL,V8369,low,PO753756,price_mismatch,completed,False,
CASE-00147,INV-000147,Run three-way match,2026-01-10T23:39:58.623650,SAP,System,system,8257.17,EUR,NL,V8369,low,PO753756,price_mismatch,completed,False,
CASE-00147,INV-000147,Run duplicate invoice check,2026-01-10T23:51:58.623650,SAP,System,system,8257.17,EUR,NL,V8369,low,PO753756,,completed,False,
CASE-00147,INV-000147,Check vendor risk,2026-01-11T00:03:58.623650,Vendor Master Data,System,system,8257.17,EUR,NL,V8369,low,PO753756,,completed,False,
CASE-00147,INV-000147,Check approval threshold,2026-01-11T00:09:58.623650,SAP,System,system,8257.17,EUR,NL,V8369,low,PO753756,,completed,False,
CASE-00147,INV-000147,Auto approve for payment scheduling,2026-01-11T00:15:58.623650,SAP,System,system,8257.17,EUR,NL,V8369,low,PO753756,,completed,False,
CASE-00147,INV-000147,Schedule payment,2026-01-11T08:39:04.939471,Payment System,System,system,8257.17,EUR,NL,V8369,low,PO753756,,completed,False,
CASE-00147,INV-000147,Send remittance notice,2026-01-11T08:45:04.939471,Payment System,System,system,8257.17,EUR,NL,V8369,low,PO753756,,completed,False,
CASE-00147,INV-000147,Invoice paid,2026-01-11T08:51:04.939471,Payment System,System,system,8257.17,EUR,NL,V8369,low,PO753756,,paid,False,
CASE-00148,INV-000148,Invoice received,2026-01-06T01:15:00,Coupa,System,system,23970.92,EUR,FR,V9185,low,PO741479,,completed,False,
CASE-00148,INV-000148,Validate invoice data,2026-01-06T01:39:00,Coupa,AP Clerk,ap17,23970.92,EUR,FR,V9185,low,PO741479,,completed,False,
CASE-00148,INV-000148,Check PO exists,2026-01-06T01:57:00,SAP,System,system,23970.92,EUR,FR,V9185,low,PO741479,,completed,False,
CASE-00148,INV-000148,Run three-way match,2026-01-06T02:27:00,SAP,System,system,23970.92,EUR,FR,V9185,low,PO741479,,completed,False,
CASE-00148,INV-000148,Run duplicate invoice check,2026-01-06T02:39:00,SAP,System,system,23970.92,EUR,FR,V9185,low,PO741479,,completed,False,
CASE-00148,INV-000148,Check vendor risk,2026-01-06T02:51:00,Vendor Master Data,System,system,23970.92,EUR,FR,V9185,low,PO741479,,completed,False,
CASE-00148,INV-000148,Check approval threshold,2026-01-06T02:57:00,SAP,System,system,23970.92,EUR,FR,V9185,low,PO741479,,completed,False,
CASE-00148,INV-000148,Finance manager approval,2026-01-07T02:58:32.522304,SAP,Finance Manager,ap17,23970.92,EUR,FR,V9185,low,PO741479,,completed,False,
CASE-00148,INV-000148,Schedule payment,2026-01-07T09:29:21.175317,Payment System,System,system,23970.92,EUR,FR,V9185,low,PO741479,,completed,False,
CASE-00148,INV-000148,Send remittance notice,2026-01-07T09:35:21.175317,Payment System,System,system,23970.92,EUR,FR,V9185,low,PO741479,,completed,False,
CASE-00148,INV-000148,Invoice paid,2026-01-07T09:41:21.175317,Payment System,System,system,23970.92,EUR,FR,V9185,low,PO741479,,paid,False,
CASE-00149,INV-000149,Invoice received,2026-01-06T01:22:00,Coupa,System,system,7152.64,EUR,NL,V2375,low,PO725341,,completed,False,
CASE-00149,INV-000149,Validate invoice data,2026-01-06T01:46:00,Coupa,AP Clerk,ap24,7152.64,EUR,NL,V2375,low,PO725341,,completed,False,
CASE-00149,INV-000149,Check PO exists,2026-01-06T02:04:00,SAP,System,system,7152.64,EUR,NL,V2375,low,PO725341,,completed,False,
CASE-00149,INV-000149,Create missing PO exception,2026-01-06T02:16:00,ServiceNow,System,system,7152.64,EUR,NL,V2375,low,PO725341,missing_po,completed,False,
CASE-00149,INV-000149,AP review missing PO,2026-01-07T15:28:29.344217,ServiceNow,AP Clerk,ap24,7152.64,EUR,NL,V2375,low,PO725341,missing_po,completed,False,
CASE-00149,INV-000149,Procurement correction,2026-01-09T13:30:29.073410,SAP,Procurement Specialist,ap24,7152.64,EUR,NL,V2375,low,PO725341,missing_po,completed,False,
CASE-00149,INV-000149,Check PO exists,2026-01-09T13:42:29.073410,SAP,System,system,7152.64,EUR,NL,V2375,low,PO725341,missing_po,completed,False,
CASE-00149,INV-000149,Run three-way match,2026-01-09T14:12:29.073410,SAP,System,system,7152.64,EUR,NL,V2375,low,PO725341,,completed,False,
CASE-00149,INV-000149,Run duplicate invoice check,2026-01-09T14:24:29.073410,SAP,System,system,7152.64,EUR,NL,V2375,low,PO725341,,completed,False,
CASE-00149,INV-000149,Check vendor risk,2026-01-09T14:36:29.073410,Vendor Master Data,System,system,7152.64,EUR,NL,V2375,low,PO725341,,completed,False,
CASE-00149,INV-000149,Check approval threshold,2026-01-09T14:42:29.073410,SAP,System,system,7152.64,EUR,NL,V2375,low,PO725341,,completed,False,
CASE-00149,INV-000149,Auto approve for payment scheduling,2026-01-09T14:48:29.073410,SAP,System,system,7152.64,EUR,NL,V2375,low,PO725341,,completed,False,
CASE-00149,INV-000149,Schedule payment,2026-01-09T23:32:58.973273,Payment System,System,system,7152.64,EUR,NL,V2375,low,PO725341,,completed,False,
CASE-00149,INV-000149,Send remittance notice,2026-01-09T23:38:58.973273,Payment System,System,system,7152.64,EUR,NL,V2375,low,PO725341,,completed,False,
CASE-00149,INV-000149,Invoice paid,2026-01-09T23:44:58.973273,Payment System,System,system,7152.64,EUR,NL,V2375,low,PO725341,,paid,False,
CASE-00150,INV-000150,Invoice received,2026-01-06T01:29:00,Coupa,System,system,19434.94,EUR,FR,V9842,low,PO627488,,completed,False,
CASE-00150,INV-000150,Validate invoice data,2026-01-06T01:53:00,Coupa,AP Clerk,ap14,19434.94,EUR,FR,V9842,low,PO627488,,completed,False,
CASE-00150,INV-000150,Manual Email Review,2026-01-06T14:29:08.294718,Email and Excel,AP Clerk,ap14,19434.94,EUR,FR,V9842,low,PO627488,,completed,True,Manual Email Review
CASE-00150,INV-000150,Check PO exists,2026-01-06T14:47:08.294718,SAP,System,system,19434.94,EUR,FR,V9842,low,PO627488,,completed,False,
CASE-00150,INV-000150,Run three-way match,2026-01-06T15:17:08.294718,SAP,System,system,19434.94,EUR,FR,V9842,low,PO627488,,completed,False,
CASE-00150,INV-000150,Classify exception,2026-01-06T15:29:08.294718,ServiceNow,AP Clerk,ap14,19434.94,EUR,FR,V9842,low,PO627488,missing_gr,completed,False,
CASE-00150,INV-000150,Request goods receipt confirmation,2026-01-07T06:58:45.621226,SAP,Procurement Specialist,ap14,19434.94,EUR,FR,V9842,low,PO627488,missing_gr,completed,False,
CASE-00150,INV-000150,Run three-way match,2026-01-07T07:22:45.621226,SAP,System,system,19434.94,EUR,FR,V9842,low,PO627488,missing_gr,completed,False,
CASE-00150,INV-000150,Run duplicate invoice check,2026-01-07T07:34:45.621226,SAP,System,system,19434.94,EUR,FR,V9842,low,PO627488,,completed,False,
CASE-00150,INV-000150,Check vendor risk,2026-01-07T07:46:45.621226,Vendor Master Data,System,system,19434.94,EUR,FR,V9842,low,PO627488,,completed,False,
CASE-00150,INV-000150,Check approval threshold,2026-01-07T07:52:45.621226,SAP,System,system,19434.94,EUR,FR,V9842,low,PO627488,,completed,False,
CASE-00150,INV-000150,Finance manager approval,2026-01-08T15:27:06.354398,SAP,Finance Manager,ap14,19434.94,EUR,FR,V9842,low,PO627488,,completed,False,
CASE-00150,INV-000150,Schedule payment,2026-01-09T02:55:31.566805,Payment System,System,system,19434.94,EUR,FR,V9842,low,PO627488,,completed,False,
CASE-00150,INV-000150,Send remittance notice,2026-01-09T03:01:31.566805,Payment System,System,system,19434.94,EUR,FR,V9842,low,PO627488,,completed,False,
CASE-00150,INV-000150,Invoice paid,2026-01-09T03:07:31.566805,Payment System,System,system,19434.94,EUR,FR,V9842,low,PO627488,,paid,False,
CASE-00151,INV-000151,Invoice received,2026-01-06T01:36:00,Coupa,System,system,23800.1,EUR,DE,V1488,low,PO988832,,completed,False,
CASE-00151,INV-000151,Validate invoice data,2026-01-06T02:00:00,Coupa,AP Clerk,ap10,23800.1,EUR,DE,V1488,low,PO988832,,completed,False,
CASE-00151,INV-000151,Check PO exists,2026-01-06T02:18:00,SAP,System,system,23800.1,EUR,DE,V1488,low,PO988832,,completed,False,
CASE-00151,INV-000151,Run three-way match,2026-01-06T02:48:00,SAP,System,system,23800.1,EUR,DE,V1488,low,PO988832,,completed,False,
CASE-00151,INV-000151,Classify exception,2026-01-06T03:00:00,ServiceNow,AP Clerk,ap10,23800.1,EUR,DE,V1488,low,PO988832,missing_gr,completed,False,
CASE-00151,INV-000151,Request goods receipt confirmation,2026-01-06T22:05:18.352306,SAP,Procurement Specialist,ap10,23800.1,EUR,DE,V1488,low,PO988832,missing_gr,completed,False,
CASE-00151,INV-000151,Run three-way match,2026-01-06T22:29:18.352306,SAP,System,system,23800.1,EUR,DE,V1488,low,PO988832,missing_gr,completed,False,
CASE-00151,INV-000151,Run duplicate invoice check,2026-01-06T22:41:18.352306,SAP,System,system,23800.1,EUR,DE,V1488,low,PO988832,,completed,False,
CASE-00151,INV-000151,Check vendor risk,2026-01-06T22:53:18.352306,Vendor Master Data,System,system,23800.1,EUR,DE,V1488,low,PO988832,,completed,False,
CASE-00151,INV-000151,Check approval threshold,2026-01-06T22:59:18.352306,SAP,System,system,23800.1,EUR,DE,V1488,low,PO988832,,completed,False,
CASE-00151,INV-000151,Finance manager approval,2026-01-07T07:15:03.606171,SAP,Finance Manager,ap10,23800.1,EUR,DE,V1488,low,PO988832,,completed,False,
CASE-00151,INV-000151,Schedule payment,2026-01-07T16:15:36.141098,Payment System,System,system,23800.1,EUR,DE,V1488,low,PO988832,,completed,False,
CASE-00151,INV-000151,Send remittance notice,2026-01-07T16:21:36.141098,Payment System,System,system,23800.1,EUR,DE,V1488,low,PO988832,,completed,False,
CASE-00151,INV-000151,Invoice paid,2026-01-07T16:27:36.141098,Payment System,System,system,23800.1,EUR,DE,V1488,low,PO988832,,paid,False,
CASE-00152,INV-000152,Invoice received,2026-01-06T01:43:00,Coupa,System,system,12821.02,EUR,DE,V6897,medium,PO721235,,completed,False,
CASE-00152,INV-000152,Validate invoice data,2026-01-06T02:07:00,Coupa,AP Clerk,ap11,12821.02,EUR,DE,V6897,medium,PO721235,,completed,False,
CASE-00152,INV-000152,Check PO exists,2026-01-06T02:25:00,SAP,System,system,12821.02,EUR,DE,V6897,medium,PO721235,,completed,False,
CASE-00152,INV-000152,Run three-way match,2026-01-06T02:55:00,SAP,System,system,12821.02,EUR,DE,V6897,medium,PO721235,,completed,False,
CASE-00152,INV-000152,Classify exception,2026-01-06T03:07:00,ServiceNow,AP Clerk,ap11,12821.02,EUR,DE,V6897,medium,PO721235,price_mismatch,completed,False,
CASE-00152,INV-000152,Create price mismatch ticket,2026-01-06T03:19:00,ServiceNow,System,system,12821.02,EUR,DE,V6897,medium,PO721235,price_mismatch,completed,False,
CASE-00152,INV-000152,AP review price mismatch,2026-01-08T13:45:25.948607,ServiceNow,AP Clerk,ap11,12821.02,EUR,DE,V6897,medium,PO721235,price_mismatch,completed,False,
CASE-00152,INV-000152,Correction for price mismatch,2026-01-09T09:47:07.677500,SAP,Procurement Specialist,ap11,12821.02,EUR,DE,V6897,medium,PO721235,price_mismatch,completed,False,
CASE-00152,INV-000152,Run three-way match,2026-01-09T10:11:07.677500,SAP,System,system,12821.02,EUR,DE,V6897,medium,PO721235,price_mismatch,completed,False,
CASE-00152,INV-000152,Run duplicate invoice check,2026-01-09T10:23:07.677500,SAP,System,system,12821.02,EUR,DE,V6897,medium,PO721235,,completed,False,
CASE-00152,INV-000152,Check vendor risk,2026-01-09T10:35:07.677500,Vendor Master Data,System,system,12821.02,EUR,DE,V6897,medium,PO721235,,completed,False,
CASE-00152,INV-000152,Check approval threshold,2026-01-09T10:41:07.677500,SAP,System,system,12821.02,EUR,DE,V6897,medium,PO721235,,completed,False,
CASE-00152,INV-000152,Finance manager approval,2026-01-10T00:08:09.792003,SAP,Finance Manager,ap11,12821.02,EUR,DE,V6897,medium,PO721235,,completed,False,
CASE-00152,INV-000152,Schedule payment,2026-01-10T04:18:57.972576,Payment System,System,system,12821.02,EUR,DE,V6897,medium,PO721235,,completed,False,
CASE-00152,INV-000152,Send remittance notice,2026-01-10T04:24:57.972576,Payment System,System,system,12821.02,EUR,DE,V6897,medium,PO721235,,completed,False,
CASE-00152,INV-000152,Invoice paid,2026-01-10T04:30:57.972576,Payment System,System,system,12821.02,EUR,DE,V6897,medium,PO721235,,paid,False,
CASE-00153,INV-000153,Invoice received,2026-01-06T01:50:00,Coupa,System,system,13352.55,EUR,IT,V1401,medium,PO810786,,completed,False,
CASE-00153,INV-000153,Validate invoice data,2026-01-06T02:14:00,Coupa,AP Clerk,ap24,13352.55,EUR,IT,V1401,medium,PO810786,,completed,False,
CASE-00153,INV-000153,Check PO exists,2026-01-06T02:32:00,SAP,System,system,13352.55,EUR,IT,V1401,medium,PO810786,,completed,False,
CASE-00153,INV-000153,Run three-way match,2026-01-06T03:02:00,SAP,System,system,13352.55,EUR,IT,V1401,medium,PO810786,,completed,False,
CASE-00153,INV-000153,Classify exception,2026-01-06T03:14:00,ServiceNow,AP Clerk,ap24,13352.55,EUR,IT,V1401,medium,PO810786,quantity_mismatch,completed,False,
CASE-00153,INV-000153,Create quantity mismatch ticket,2026-01-06T03:26:00,ServiceNow,System,system,13352.55,EUR,IT,V1401,medium,PO810786,quantity_mismatch,completed,False,
CASE-00153,INV-000153,AP review quantity mismatch,2026-01-10T13:57:20.663860,ServiceNow,AP Clerk,ap24,13352.55,EUR,IT,V1401,medium,PO810786,quantity_mismatch,completed,False,
CASE-00153,INV-000153,Correction for quantity mismatch,2026-01-11T03:18:50.872870,SAP,Procurement Specialist,ap24,13352.55,EUR,IT,V1401,medium,PO810786,quantity_mismatch,completed,False,
CASE-00153,INV-000153,Run three-way match,2026-01-11T03:42:50.872870,SAP,System,system,13352.55,EUR,IT,V1401,medium,PO810786,quantity_mismatch,completed,False,
CASE-00153,INV-000153,Run duplicate invoice check,2026-01-11T03:54:50.872870,SAP,System,system,13352.55,EUR,IT,V1401,medium,PO810786,,completed,False,
CASE-00153,INV-000153,Check vendor risk,2026-01-11T04:06:50.872870,Vendor Master Data,System,system,13352.55,EUR,IT,V1401,medium,PO810786,,completed,False,
CASE-00153,INV-000153,Check approval threshold,2026-01-11T04:12:50.872870,SAP,System,system,13352.55,EUR,IT,V1401,medium,PO810786,,completed,False,
CASE-00153,INV-000153,Finance manager approval,2026-01-12T05:10:35.425584,SAP,Finance Manager,ap24,13352.55,EUR,IT,V1401,medium,PO810786,,completed,False,
CASE-00153,INV-000153,Schedule payment,2026-01-12T15:31:07.866729,Payment System,System,system,13352.55,EUR,IT,V1401,medium,PO810786,,completed,False,
CASE-00153,INV-000153,Send remittance notice,2026-01-12T15:37:07.866729,Payment System,System,system,13352.55,EUR,IT,V1401,medium,PO810786,,completed,False,
CASE-00153,INV-000153,Invoice paid,2026-01-12T15:43:07.866729,Payment System,System,system,13352.55,EUR,IT,V1401,medium,PO810786,,paid,False,
CASE-00154,INV-000154,Invoice received,2026-01-06T01:57:00,Coupa,System,system,862.98,EUR,NL,V1408,high,PO634668,,completed,False,
CASE-00154,INV-000154,Validate invoice data,2026-01-06T02:21:00,Coupa,AP Clerk,ap06,862.98,EUR,NL,V1408,high,PO634668,,completed,False,
CASE-00154,INV-000154,Check PO exists,2026-01-06T02:39:00,SAP,System,system,862.98,EUR,NL,V1408,high,PO634668,,completed,False,
CASE-00154,INV-000154,Run three-way match,2026-01-06T03:09:00,SAP,System,system,862.98,EUR,NL,V1408,high,PO634668,,completed,False,
CASE-00154,INV-000154,Classify exception,2026-01-06T03:21:00,ServiceNow,AP Clerk,ap06,862.98,EUR,NL,V1408,high,PO634668,quantity_mismatch,completed,False,
CASE-00154,INV-000154,Create quantity mismatch ticket,2026-01-06T03:33:00,ServiceNow,System,system,862.98,EUR,NL,V1408,high,PO634668,quantity_mismatch,completed,False,
CASE-00154,INV-000154,AP review quantity mismatch,2026-01-07T15:58:14.099901,ServiceNow,AP Clerk,ap06,862.98,EUR,NL,V1408,high,PO634668,quantity_mismatch,completed,False,
CASE-00154,INV-000154,Correction for quantity mismatch,2026-01-08T11:36:33.598371,SAP,Procurement Specialist,ap06,862.98,EUR,NL,V1408,high,PO634668,quantity_mismatch,completed,False,
CASE-00154,INV-000154,Run three-way match,2026-01-08T12:00:33.598371,SAP,System,system,862.98,EUR,NL,V1408,high,PO634668,quantity_mismatch,completed,False,
CASE-00154,INV-000154,Run duplicate invoice check,2026-01-08T12:12:33.598371,SAP,System,system,862.98,EUR,NL,V1408,high,PO634668,,completed,False,
CASE-00154,INV-000154,Check vendor risk,2026-01-08T12:24:33.598371,Vendor Master Data,System,system,862.98,EUR,NL,V1408,high,PO634668,,completed,False,
CASE-00154,INV-000154,Compliance review,2026-01-11T03:23:01.145949,Vendor Master Data,Compliance Officer,ap06,862.98,EUR,NL,V1408,high,PO634668,,completed,False,
CASE-00154,INV-000154,Check approval threshold,2026-01-11T03:29:01.145949,SAP,System,system,862.98,EUR,NL,V1408,high,PO634668,,completed,False,
CASE-00154,INV-000154,Auto approve for payment scheduling,2026-01-11T03:35:01.145949,SAP,System,system,862.98,EUR,NL,V1408,high,PO634668,,completed,False,
CASE-00154,INV-000154,Schedule payment,2026-01-11T13:52:39.666232,Payment System,System,system,862.98,EUR,NL,V1408,high,PO634668,,completed,False,
CASE-00154,INV-000154,Send remittance notice,2026-01-11T13:58:39.666232,Payment System,System,system,862.98,EUR,NL,V1408,high,PO634668,,completed,False,
CASE-00154,INV-000154,Invoice paid,2026-01-11T14:04:39.666232,Payment System,System,system,862.98,EUR,NL,V1408,high,PO634668,,paid,False,
CASE-00155,INV-000155,Invoice received,2026-01-06T02:04:00,Coupa,System,system,4369.73,EUR,DE,V3863,low,PO549293,,completed,False,
CASE-00155,INV-000155,Validate invoice data,2026-01-06T02:28:00,Coupa,AP Clerk,ap12,4369.73,EUR,DE,V3863,low,PO549293,,completed,False,
CASE-00155,INV-000155,Check PO exists,2026-01-06T02:46:00,SAP,System,system,4369.73,EUR,DE,V3863,low,PO549293,,completed,False,
CASE-00155,INV-000155,Run three-way match,2026-01-06T03:16:00,SAP,System,system,4369.73,EUR,DE,V3863,low,PO549293,,completed,False,
CASE-00155,INV-000155,Run duplicate invoice check,2026-01-06T03:28:00,SAP,System,system,4369.73,EUR,DE,V3863,low,PO549293,,completed,False,
CASE-00155,INV-000155,Check vendor risk,2026-01-06T03:40:00,Vendor Master Data,System,system,4369.73,EUR,DE,V3863,low,PO549293,,completed,False,
CASE-00155,INV-000155,Check approval threshold,2026-01-06T03:46:00,SAP,System,system,4369.73,EUR,DE,V3863,low,PO549293,,completed,False,
CASE-00155,INV-000155,Auto approve for payment scheduling,2026-01-06T03:52:00,SAP,System,system,4369.73,EUR,DE,V3863,low,PO549293,,completed,False,
CASE-00155,INV-000155,Schedule payment,2026-01-06T10:00:24.970537,Payment System,System,system,4369.73,EUR,DE,V3863,low,PO549293,,completed,False,
CASE-00155,INV-000155,Send remittance notice,2026-01-06T10:06:24.970537,Payment System,System,system,4369.73,EUR,DE,V3863,low,PO549293,,completed,False,
CASE-00155,INV-000155,Invoice paid,2026-01-06T10:12:24.970537,Payment System,System,system,4369.73,EUR,DE,V3863,low,PO549293,,paid,False,
CASE-00156,INV-000156,Invoice received,2026-01-06T02:11:00,Coupa,System,system,15567.0,EUR,NL,V4153,medium,PO597846,,completed,False,
CASE-00156,INV-000156,Validate invoice data,2026-01-06T02:35:00,Coupa,AP Clerk,ap21,15567.0,EUR,NL,V4153,medium,PO597846,,completed,False,
CASE-00156,INV-000156,Check PO exists,2026-01-06T02:53:00,SAP,System,system,15567.0,EUR,NL,V4153,medium,PO597846,,completed,False,
CASE-00156,INV-000156,Run three-way match,2026-01-06T03:23:00,SAP,System,system,15567.0,EUR,NL,V4153,medium,PO597846,,completed,False,
CASE-00156,INV-000156,Run duplicate invoice check,2026-01-06T03:35:00,SAP,System,system,15567.0,EUR,NL,V4153,medium,PO597846,,completed,False,
CASE-00156,INV-000156,Check vendor risk,2026-01-06T03:47:00,Vendor Master Data,System,system,15567.0,EUR,NL,V4153,medium,PO597846,,completed,False,
CASE-00156,INV-000156,Check approval threshold,2026-01-06T03:53:00,SAP,System,system,15567.0,EUR,NL,V4153,medium,PO597846,,completed,False,
CASE-00156,INV-000156,Finance manager approval,2026-01-07T15:14:34.126545,SAP,Finance Manager,ap21,15567.0,EUR,NL,V4153,medium,PO597846,,completed,False,
CASE-00156,INV-000156,Schedule payment,2026-01-08T01:00:19.347719,Payment System,System,system,15567.0,EUR,NL,V4153,medium,PO597846,,completed,False,
CASE-00156,INV-000156,Send remittance notice,2026-01-08T01:06:19.347719,Payment System,System,system,15567.0,EUR,NL,V4153,medium,PO597846,,completed,False,
CASE-00156,INV-000156,Invoice paid,2026-01-08T01:12:19.347719,Payment System,System,system,15567.0,EUR,NL,V4153,medium,PO597846,,paid,False,
CASE-00157,INV-000157,Invoice received,2026-01-06T02:18:00,Coupa,System,system,11673.56,EUR,ES,V2599,low,PO193657,,completed,False,
CASE-00157,INV-000157,Validate invoice data,2026-01-06T02:42:00,Coupa,AP Clerk,ap01,11673.56,EUR,ES,V2599,low,PO193657,,completed,False,
CASE-00157,INV-000157,Check PO exists,2026-01-06T03:00:00,SAP,System,system,11673.56,EUR,ES,V2599,low,PO193657,,completed,False,
CASE-00157,INV-000157,Run three-way match,2026-01-06T03:30:00,SAP,System,system,11673.56,EUR,ES,V2599,low,PO193657,,completed,False,
CASE-00157,INV-000157,Run duplicate invoice check,2026-01-06T03:42:00,SAP,System,system,11673.56,EUR,ES,V2599,low,PO193657,,completed,False,
CASE-00157,INV-000157,Check vendor risk,2026-01-06T03:54:00,Vendor Master Data,System,system,11673.56,EUR,ES,V2599,low,PO193657,,completed,False,
CASE-00157,INV-000157,Check approval threshold,2026-01-06T04:00:00,SAP,System,system,11673.56,EUR,ES,V2599,low,PO193657,,completed,False,
CASE-00157,INV-000157,Finance manager approval,2026-01-07T03:35:16.737377,SAP,Finance Manager,ap01,11673.56,EUR,ES,V2599,low,PO193657,,completed,False,
CASE-00157,INV-000157,Schedule payment,2026-01-07T08:48:38.438776,Payment System,System,system,11673.56,EUR,ES,V2599,low,PO193657,,completed,False,
CASE-00157,INV-000157,Send remittance notice,2026-01-07T08:54:38.438776,Payment System,System,system,11673.56,EUR,ES,V2599,low,PO193657,,completed,False,
CASE-00157,INV-000157,Invoice paid,2026-01-07T09:00:38.438776,Payment System,System,system,11673.56,EUR,ES,V2599,low,PO193657,,paid,False,
CASE-00158,INV-000158,Invoice received,2026-01-06T02:25:00,Coupa,System,system,11533.53,EUR,IT,V1124,low,PO237883,,completed,False,
CASE-00158,INV-000158,Validate invoice data,2026-01-06T02:49:00,Coupa,AP Clerk,ap21,11533.53,EUR,IT,V1124,low,PO237883,,completed,False,
CASE-00158,INV-000158,Check PO exists,2026-01-06T03:07:00,SAP,System,system,11533.53,EUR,IT,V1124,low,PO237883,,completed,False,
CASE-00158,INV-000158,Run three-way match,2026-01-06T03:37:00,SAP,System,system,11533.53,EUR,IT,V1124,low,PO237883,,completed,False,
CASE-00158,INV-000158,Run duplicate invoice check,2026-01-06T03:49:00,SAP,System,system,11533.53,EUR,IT,V1124,low,PO237883,,completed,False,
CASE-00158,INV-000158,Check vendor risk,2026-01-06T04:01:00,Vendor Master Data,System,system,11533.53,EUR,IT,V1124,low,PO237883,,completed,False,
CASE-00158,INV-000158,Check approval threshold,2026-01-06T04:07:00,SAP,System,system,11533.53,EUR,IT,V1124,low,PO237883,,completed,False,
CASE-00158,INV-000158,Finance manager approval,2026-01-06T12:27:29.753410,SAP,Finance Manager,ap21,11533.53,EUR,IT,V1124,low,PO237883,,completed,False,
CASE-00158,INV-000158,Schedule payment,2026-01-06T22:07:14.973439,Payment System,System,system,11533.53,EUR,IT,V1124,low,PO237883,,completed,False,
CASE-00158,INV-000158,Send remittance notice,2026-01-06T22:13:14.973439,Payment System,System,system,11533.53,EUR,IT,V1124,low,PO237883,,completed,False,
CASE-00158,INV-000158,Invoice paid,2026-01-06T22:19:14.973439,Payment System,System,system,11533.53,EUR,IT,V1124,low,PO237883,,paid,False,
CASE-00159,INV-000159,Invoice received,2026-01-06T02:32:00,Coupa,System,system,19368.56,EUR,FR,V8111,low,PO154494,,completed,False,
CASE-00159,INV-000159,Validate invoice data,2026-01-06T02:56:00,Coupa,AP Clerk,ap03,19368.56,EUR,FR,V8111,low,PO154494,,completed,False,
CASE-00159,INV-000159,Check PO exists,2026-01-06T03:14:00,SAP,System,system,19368.56,EUR,FR,V8111,low,PO154494,,completed,False,
CASE-00159,INV-000159,Run three-way match,2026-01-06T03:44:00,SAP,System,system,19368.56,EUR,FR,V8111,low,PO154494,,completed,False,
CASE-00159,INV-000159,Run duplicate invoice check,2026-01-06T03:56:00,SAP,System,system,19368.56,EUR,FR,V8111,low,PO154494,,completed,False,
CASE-00159,INV-000159,Check vendor risk,2026-01-06T04:08:00,Vendor Master Data,System,system,19368.56,EUR,FR,V8111,low,PO154494,,completed,False,
CASE-00159,INV-000159,Check approval threshold,2026-01-06T04:14:00,SAP,System,system,19368.56,EUR,FR,V8111,low,PO154494,,completed,False,
CASE-00159,INV-000159,Finance manager approval,2026-01-06T11:27:06.535318,SAP,Finance Manager,ap03,19368.56,EUR,FR,V8111,low,PO154494,,completed,False,
CASE-00159,INV-000159,Schedule payment,2026-01-06T22:04:41.932027,Payment System,System,system,19368.56,EUR,FR,V8111,low,PO154494,,completed,False,
CASE-00159,INV-000159,Send remittance notice,2026-01-06T22:10:41.932027,Payment System,System,system,19368.56,EUR,FR,V8111,low,PO154494,,completed,False,
CASE-00159,INV-000159,Invoice paid,2026-01-06T22:16:41.932027,Payment System,System,system,19368.56,EUR,FR,V8111,low,PO154494,,paid,False,
CASE-00160,INV-000160,Invoice received,2026-01-06T02:39:00,Coupa,System,system,9232.19,EUR,DE,V8110,low,PO146811,,completed,False,
CASE-00160,INV-000160,Validate invoice data,2026-01-06T03:03:00,Coupa,AP Clerk,ap19,9232.19,EUR,DE,V8110,low,PO146811,,completed,False,
CASE-00160,INV-000160,Manual Email Review,2026-01-07T10:25:24.694781,Email and Excel,AP Clerk,ap19,9232.19,EUR,DE,V8110,low,PO146811,,completed,True,Manual Email Review
CASE-00160,INV-000160,Check PO exists,2026-01-07T10:43:24.694781,SAP,System,system,9232.19,EUR,DE,V8110,low,PO146811,,completed,False,
CASE-00160,INV-000160,Run three-way match,2026-01-07T11:13:24.694781,SAP,System,system,9232.19,EUR,DE,V8110,low,PO146811,,completed,False,
CASE-00160,INV-000160,Classify exception,2026-01-07T11:25:24.694781,ServiceNow,AP Clerk,ap19,9232.19,EUR,DE,V8110,low,PO146811,quantity_mismatch,completed,False,
CASE-00160,INV-000160,Create quantity mismatch ticket,2026-01-07T11:37:24.694781,ServiceNow,System,system,9232.19,EUR,DE,V8110,low,PO146811,quantity_mismatch,completed,False,
CASE-00160,INV-000160,AP review quantity mismatch,2026-01-11T04:26:14.140923,ServiceNow,AP Clerk,ap19,9232.19,EUR,DE,V8110,low,PO146811,quantity_mismatch,completed,False,
CASE-00160,INV-000160,Correction for quantity mismatch,2026-01-11T17:10:08.385328,SAP,Procurement Specialist,ap19,9232.19,EUR,DE,V8110,low,PO146811,quantity_mismatch,completed,False,
CASE-00160,INV-000160,Run three-way match,2026-01-11T17:34:08.385328,SAP,System,system,9232.19,EUR,DE,V8110,low,PO146811,quantity_mismatch,completed,False,
CASE-00160,INV-000160,Run duplicate invoice check,2026-01-11T17:46:08.385328,SAP,System,system,9232.19,EUR,DE,V8110,low,PO146811,,completed,False,
CASE-00160,INV-000160,Check vendor risk,2026-01-11T17:58:08.385328,Vendor Master Data,System,system,9232.19,EUR,DE,V8110,low,PO146811,,completed,False,
CASE-00160,INV-000160,Check approval threshold,2026-01-11T18:04:08.385328,SAP,System,system,9232.19,EUR,DE,V8110,low,PO146811,,completed,False,
CASE-00160,INV-000160,Auto approve for payment scheduling,2026-01-11T18:10:08.385328,SAP,System,system,9232.19,EUR,DE,V8110,low,PO146811,,completed,False,
CASE-00160,INV-000160,Schedule payment,2026-01-11T22:26:01.500634,Payment System,System,system,9232.19,EUR,DE,V8110,low,PO146811,,completed,False,
CASE-00160,INV-000160,Send remittance notice,2026-01-11T22:32:01.500634,Payment System,System,system,9232.19,EUR,DE,V8110,low,PO146811,,completed,False,
CASE-00160,INV-000160,Invoice paid,2026-01-11T22:38:01.500634,Payment System,System,system,9232.19,EUR,DE,V8110,low,PO146811,,paid,False,
CASE-00161,INV-000161,Invoice received,2026-01-06T02:46:00,Coupa,System,system,15609.63,EUR,ES,V5794,high,PO455084,,completed,False,
CASE-00161,INV-000161,Validate invoice data,2026-01-06T03:10:00,Coupa,AP Clerk,ap15,15609.63,EUR,ES,V5794,high,PO455084,,completed,False,
CASE-00161,INV-000161,Check PO exists,2026-01-06T03:28:00,SAP,System,system,15609.63,EUR,ES,V5794,high,PO455084,,completed,False,
CASE-00161,INV-000161,Run three-way match,2026-01-06T03:58:00,SAP,System,system,15609.63,EUR,ES,V5794,high,PO455084,,completed,False,
CASE-00161,INV-000161,Classify exception,2026-01-06T04:10:00,ServiceNow,AP Clerk,ap15,15609.63,EUR,ES,V5794,high,PO455084,price_mismatch,completed,False,
CASE-00161,INV-000161,Create price mismatch ticket,2026-01-06T04:22:00,ServiceNow,System,system,15609.63,EUR,ES,V5794,high,PO455084,price_mismatch,completed,False,
CASE-00161,INV-000161,AP review price mismatch,2026-01-07T14:05:47.050307,ServiceNow,AP Clerk,ap15,15609.63,EUR,ES,V5794,high,PO455084,price_mismatch,completed,False,
CASE-00161,INV-000161,Excel Price Correction,2026-01-08T07:00:46.853007,Email and Excel,AP Clerk,ap15,15609.63,EUR,ES,V5794,high,PO455084,price_mismatch,completed,True,Excel Price Correction
CASE-00161,INV-000161,Correction for price mismatch,2026-01-09T04:07:03.905558,SAP,Procurement Specialist,ap15,15609.63,EUR,ES,V5794,high,PO455084,price_mismatch,completed,False,
CASE-00161,INV-000161,Run three-way match,2026-01-09T04:31:03.905558,SAP,System,system,15609.63,EUR,ES,V5794,high,PO455084,price_mismatch,completed,False,
CASE-00161,INV-000161,Run duplicate invoice check,2026-01-09T04:43:03.905558,SAP,System,system,15609.63,EUR,ES,V5794,high,PO455084,,completed,False,
CASE-00161,INV-000161,Check vendor risk,2026-01-09T04:55:03.905558,Vendor Master Data,System,system,15609.63,EUR,ES,V5794,high,PO455084,,completed,False,
CASE-00161,INV-000161,Compliance review,2026-01-11T10:00:09.627404,Vendor Master Data,Compliance Officer,ap15,15609.63,EUR,ES,V5794,high,PO455084,,completed,False,
CASE-00161,INV-000161,Check approval threshold,2026-01-11T10:06:09.627404,SAP,System,system,15609.63,EUR,ES,V5794,high,PO455084,,completed,False,
CASE-00161,INV-000161,Finance manager approval,2026-01-12T16:12:25.470184,SAP,Finance Manager,ap15,15609.63,EUR,ES,V5794,high,PO455084,,completed,False,
CASE-00161,INV-000161,Schedule payment,2026-01-13T01:31:00.251271,Payment System,System,system,15609.63,EUR,ES,V5794,high,PO455084,,completed,False,
CASE-00161,INV-000161,Send remittance notice,2026-01-13T01:37:00.251271,Payment System,System,system,15609.63,EUR,ES,V5794,high,PO455084,,completed,False,
CASE-00161,INV-000161,Invoice paid,2026-01-13T01:43:00.251271,Payment System,System,system,15609.63,EUR,ES,V5794,high,PO455084,,paid,False,
CASE-00162,INV-000162,Invoice received,2026-01-06T02:53:00,Coupa,System,system,2087.29,EUR,NL,V3426,low,PO247528,,completed,False,
CASE-00162,INV-000162,Validate invoice data,2026-01-06T03:17:00,Coupa,AP Clerk,ap03,2087.29,EUR,NL,V3426,low,PO247528,,completed,False,
CASE-00162,INV-000162,Check PO exists,2026-01-06T03:35:00,SAP,System,system,2087.29,EUR,NL,V3426,low,PO247528,,completed,False,
CASE-00162,INV-000162,Run three-way match,2026-01-06T04:05:00,SAP,System,system,2087.29,EUR,NL,V3426,low,PO247528,,completed,False,
CASE-00162,INV-000162,Run duplicate invoice check,2026-01-06T04:17:00,SAP,System,system,2087.29,EUR,NL,V3426,low,PO247528,,completed,False,
CASE-00162,INV-000162,Check vendor risk,2026-01-06T04:29:00,Vendor Master Data,System,system,2087.29,EUR,NL,V3426,low,PO247528,,completed,False,
CASE-00162,INV-000162,Check approval threshold,2026-01-06T04:35:00,SAP,System,system,2087.29,EUR,NL,V3426,low,PO247528,,completed,False,
CASE-00162,INV-000162,Auto approve for payment scheduling,2026-01-06T04:41:00,SAP,System,system,2087.29,EUR,NL,V3426,low,PO247528,,completed,False,
CASE-00162,INV-000162,Schedule payment,2026-01-06T12:14:15.324951,Payment System,System,system,2087.29,EUR,NL,V3426,low,PO247528,,completed,False,
CASE-00162,INV-000162,Send remittance notice,2026-01-06T12:20:15.324951,Payment System,System,system,2087.29,EUR,NL,V3426,low,PO247528,,completed,False,
CASE-00162,INV-000162,Invoice paid,2026-01-06T12:26:15.324951,Payment System,System,system,2087.29,EUR,NL,V3426,low,PO247528,,paid,False,
CASE-00163,INV-000163,Invoice received,2026-01-06T03:00:00,Coupa,System,system,23946.71,EUR,ES,V1645,low,PO465801,,completed,False,
CASE-00163,INV-000163,Validate invoice data,2026-01-06T03:24:00,Coupa,AP Clerk,ap17,23946.71,EUR,ES,V1645,low,PO465801,,completed,False,
CASE-00163,INV-000163,Check PO exists,2026-01-06T03:42:00,SAP,System,system,23946.71,EUR,ES,V1645,low,PO465801,,completed,False,
CASE-00163,INV-000163,Run three-way match,2026-01-06T04:12:00,SAP,System,system,23946.71,EUR,ES,V1645,low,PO465801,,completed,False,
CASE-00163,INV-000163,Classify exception,2026-01-06T04:24:00,ServiceNow,AP Clerk,ap17,23946.71,EUR,ES,V1645,low,PO465801,quantity_mismatch,completed,False,
CASE-00163,INV-000163,Create quantity mismatch ticket,2026-01-06T04:36:00,ServiceNow,System,system,23946.71,EUR,ES,V1645,low,PO465801,quantity_mismatch,completed,False,
CASE-00163,INV-000163,AP review quantity mismatch,2026-01-13T08:10:58.469743,ServiceNow,AP Clerk,ap17,23946.71,EUR,ES,V1645,low,PO465801,quantity_mismatch,completed,False,
CASE-00163,INV-000163,Correction for quantity mismatch,2026-01-14T02:45:55.576798,SAP,Procurement Specialist,ap17,23946.71,EUR,ES,V1645,low,PO465801,quantity_mismatch,completed,False,
CASE-00163,INV-000163,Run three-way match,2026-01-14T03:09:55.576798,SAP,System,system,23946.71,EUR,ES,V1645,low,PO465801,quantity_mismatch,completed,False,
CASE-00163,INV-000163,Run duplicate invoice check,2026-01-14T03:21:55.576798,SAP,System,system,23946.71,EUR,ES,V1645,low,PO465801,,completed,False,
CASE-00163,INV-000163,Check vendor risk,2026-01-14T03:33:55.576798,Vendor Master Data,System,system,23946.71,EUR,ES,V1645,low,PO465801,,completed,False,
CASE-00163,INV-000163,Check approval threshold,2026-01-14T03:39:55.576798,SAP,System,system,23946.71,EUR,ES,V1645,low,PO465801,,completed,False,
CASE-00163,INV-000163,Finance manager approval,2026-01-14T09:28:47.892146,SAP,Finance Manager,ap17,23946.71,EUR,ES,V1645,low,PO465801,,completed,False,
CASE-00163,INV-000163,Schedule payment,2026-01-14T16:31:26.657722,Payment System,System,system,23946.71,EUR,ES,V1645,low,PO465801,,completed,False,
CASE-00163,INV-000163,Send remittance notice,2026-01-14T16:37:26.657722,Payment System,System,system,23946.71,EUR,ES,V1645,low,PO465801,,completed,False,
CASE-00163,INV-000163,Invoice paid,2026-01-14T16:43:26.657722,Payment System,System,system,23946.71,EUR,ES,V1645,low,PO465801,,paid,False,
CASE-00164,INV-000164,Invoice received,2026-01-06T03:07:00,Coupa,System,system,20270.24,EUR,ES,V8519,low,PO757438,,completed,False,
CASE-00164,INV-000164,Validate invoice data,2026-01-06T03:31:00,Coupa,AP Clerk,ap18,20270.24,EUR,ES,V8519,low,PO757438,,completed,False,
CASE-00164,INV-000164,Check PO exists,2026-01-06T03:49:00,SAP,System,system,20270.24,EUR,ES,V8519,low,PO757438,,completed,False,
CASE-00164,INV-000164,Run three-way match,2026-01-06T04:19:00,SAP,System,system,20270.24,EUR,ES,V8519,low,PO757438,,completed,False,
CASE-00164,INV-000164,Run duplicate invoice check,2026-01-06T04:31:00,SAP,System,system,20270.24,EUR,ES,V8519,low,PO757438,,completed,False,
CASE-00164,INV-000164,Check vendor risk,2026-01-06T04:43:00,Vendor Master Data,System,system,20270.24,EUR,ES,V8519,low,PO757438,,completed,False,
CASE-00164,INV-000164,Check approval threshold,2026-01-06T04:49:00,SAP,System,system,20270.24,EUR,ES,V8519,low,PO757438,,completed,False,
CASE-00164,INV-000164,Finance manager approval,2026-01-07T21:36:00.750068,SAP,Finance Manager,ap18,20270.24,EUR,ES,V8519,low,PO757438,,completed,False,
CASE-00164,INV-000164,Schedule payment,2026-01-08T03:10:26.531919,Payment System,System,system,20270.24,EUR,ES,V8519,low,PO757438,,completed,False,
CASE-00164,INV-000164,Send remittance notice,2026-01-08T03:16:26.531919,Payment System,System,system,20270.24,EUR,ES,V8519,low,PO757438,,completed,False,
CASE-00164,INV-000164,Invoice paid,2026-01-08T03:22:26.531919,Payment System,System,system,20270.24,EUR,ES,V8519,low,PO757438,,paid,False,
CASE-00165,INV-000165,Invoice received,2026-01-06T03:14:00,Coupa,System,system,6131.11,EUR,FR,V7034,low,PO215009,,completed,False,
CASE-00165,INV-000165,Validate invoice data,2026-01-06T03:38:00,Coupa,AP Clerk,ap08,6131.11,EUR,FR,V7034,low,PO215009,,completed,False,
CASE-00165,INV-000165,Check PO exists,2026-01-06T03:56:00,SAP,System,system,6131.11,EUR,FR,V7034,low,PO215009,,completed,False,
CASE-00165,INV-000165,Run three-way match,2026-01-06T04:26:00,SAP,System,system,6131.11,EUR,FR,V7034,low,PO215009,,completed,False,
CASE-00165,INV-000165,Classify exception,2026-01-06T04:38:00,ServiceNow,AP Clerk,ap08,6131.11,EUR,FR,V7034,low,PO215009,price_mismatch,completed,False,
CASE-00165,INV-000165,Create price mismatch ticket,2026-01-06T04:50:00,ServiceNow,System,system,6131.11,EUR,FR,V7034,low,PO215009,price_mismatch,completed,False,
CASE-00165,INV-000165,AP review price mismatch,2026-01-07T07:37:31.366139,ServiceNow,AP Clerk,ap08,6131.11,EUR,FR,V7034,low,PO215009,price_mismatch,completed,False,
CASE-00165,INV-000165,Correction for price mismatch,2026-01-08T03:21:37.124259,SAP,Procurement Specialist,ap08,6131.11,EUR,FR,V7034,low,PO215009,price_mismatch,completed,False,
CASE-00165,INV-000165,Run three-way match,2026-01-08T03:45:37.124259,SAP,System,system,6131.11,EUR,FR,V7034,low,PO215009,price_mismatch,completed,False,
CASE-00165,INV-000165,Run duplicate invoice check,2026-01-08T03:57:37.124259,SAP,System,system,6131.11,EUR,FR,V7034,low,PO215009,,completed,False,
CASE-00165,INV-000165,Check vendor risk,2026-01-08T04:09:37.124259,Vendor Master Data,System,system,6131.11,EUR,FR,V7034,low,PO215009,,completed,False,
CASE-00165,INV-000165,Check approval threshold,2026-01-08T04:15:37.124259,SAP,System,system,6131.11,EUR,FR,V7034,low,PO215009,,completed,False,
CASE-00165,INV-000165,Auto approve for payment scheduling,2026-01-08T04:21:37.124259,SAP,System,system,6131.11,EUR,FR,V7034,low,PO215009,,completed,False,
CASE-00165,INV-000165,Schedule payment,2026-01-08T09:10:47.426108,Payment System,System,system,6131.11,EUR,FR,V7034,low,PO215009,,completed,False,
CASE-00165,INV-000165,Send remittance notice,2026-01-08T09:16:47.426108,Payment System,System,system,6131.11,EUR,FR,V7034,low,PO215009,,completed,False,
CASE-00165,INV-000165,Invoice paid,2026-01-08T09:22:47.426108,Payment System,System,system,6131.11,EUR,FR,V7034,low,PO215009,,paid,False,
CASE-00166,INV-000166,Invoice received,2026-01-06T03:21:00,Coupa,System,system,7412.95,EUR,IT,V4262,low,PO694697,,completed,False,
CASE-00166,INV-000166,Validate invoice data,2026-01-06T03:45:00,Coupa,AP Clerk,ap16,7412.95,EUR,IT,V4262,low,PO694697,,completed,False,
CASE-00166,INV-000166,Check PO exists,2026-01-06T04:03:00,SAP,System,system,7412.95,EUR,IT,V4262,low,PO694697,,completed,False,
CASE-00166,INV-000166,Run three-way match,2026-01-06T04:33:00,SAP,System,system,7412.95,EUR,IT,V4262,low,PO694697,,completed,False,
CASE-00166,INV-000166,Run duplicate invoice check,2026-01-06T04:45:00,SAP,System,system,7412.95,EUR,IT,V4262,low,PO694697,,completed,False,
CASE-00166,INV-000166,Check vendor risk,2026-01-06T04:57:00,Vendor Master Data,System,system,7412.95,EUR,IT,V4262,low,PO694697,,completed,False,
CASE-00166,INV-000166,Check approval threshold,2026-01-06T05:03:00,SAP,System,system,7412.95,EUR,IT,V4262,low,PO694697,,completed,False,
CASE-00166,INV-000166,Auto approve for payment scheduling,2026-01-06T05:09:00,SAP,System,system,7412.95,EUR,IT,V4262,low,PO694697,,completed,False,
CASE-00166,INV-000166,Schedule payment,2026-01-06T10:31:22.361776,Payment System,System,system,7412.95,EUR,IT,V4262,low,PO694697,,completed,False,
CASE-00166,INV-000166,Send remittance notice,2026-01-06T10:37:22.361776,Payment System,System,system,7412.95,EUR,IT,V4262,low,PO694697,,completed,False,
CASE-00166,INV-000166,Invoice paid,2026-01-06T10:43:22.361776,Payment System,System,system,7412.95,EUR,IT,V4262,low,PO694697,,paid,False,
CASE-00167,INV-000167,Invoice received,2026-01-06T03:28:00,Coupa,System,system,2761.4,EUR,IT,V8501,low,PO862525,,completed,False,
CASE-00167,INV-000167,Validate invoice data,2026-01-06T03:52:00,Coupa,AP Clerk,ap07,2761.4,EUR,IT,V8501,low,PO862525,,completed,False,
CASE-00167,INV-000167,Check PO exists,2026-01-06T04:10:00,SAP,System,system,2761.4,EUR,IT,V8501,low,PO862525,,completed,False,
CASE-00167,INV-000167,Run three-way match,2026-01-06T04:40:00,SAP,System,system,2761.4,EUR,IT,V8501,low,PO862525,,completed,False,
CASE-00167,INV-000167,Classify exception,2026-01-06T04:52:00,ServiceNow,AP Clerk,ap07,2761.4,EUR,IT,V8501,low,PO862525,quantity_mismatch,completed,False,
CASE-00167,INV-000167,Create quantity mismatch ticket,2026-01-06T05:04:00,ServiceNow,System,system,2761.4,EUR,IT,V8501,low,PO862525,quantity_mismatch,completed,False,
CASE-00167,INV-000167,AP review quantity mismatch,2026-01-10T18:19:57.824633,ServiceNow,AP Clerk,ap07,2761.4,EUR,IT,V8501,low,PO862525,quantity_mismatch,completed,False,
CASE-00167,INV-000167,Correction for quantity mismatch,2026-01-11T04:00:48.869853,SAP,Procurement Specialist,ap07,2761.4,EUR,IT,V8501,low,PO862525,quantity_mismatch,completed,False,
CASE-00167,INV-000167,Run three-way match,2026-01-11T04:24:48.869853,SAP,System,system,2761.4,EUR,IT,V8501,low,PO862525,quantity_mismatch,completed,False,
CASE-00167,INV-000167,Run duplicate invoice check,2026-01-11T04:36:48.869853,SAP,System,system,2761.4,EUR,IT,V8501,low,PO862525,,completed,False,
CASE-00167,INV-000167,Check vendor risk,2026-01-11T04:48:48.869853,Vendor Master Data,System,system,2761.4,EUR,IT,V8501,low,PO862525,,completed,False,
CASE-00167,INV-000167,Check approval threshold,2026-01-11T04:54:48.869853,SAP,System,system,2761.4,EUR,IT,V8501,low,PO862525,,completed,False,
CASE-00167,INV-000167,Auto approve for payment scheduling,2026-01-11T05:00:48.869853,SAP,System,system,2761.4,EUR,IT,V8501,low,PO862525,,completed,False,
CASE-00167,INV-000167,Schedule payment,2026-01-11T14:28:25.315869,Payment System,System,system,2761.4,EUR,IT,V8501,low,PO862525,,completed,False,
CASE-00167,INV-000167,Send remittance notice,2026-01-11T14:34:25.315869,Payment System,System,system,2761.4,EUR,IT,V8501,low,PO862525,,completed,False,
CASE-00167,INV-000167,Invoice paid,2026-01-11T14:40:25.315869,Payment System,System,system,2761.4,EUR,IT,V8501,low,PO862525,,paid,False,
CASE-00168,INV-000168,Invoice received,2026-01-06T03:35:00,Coupa,System,system,21711.84,EUR,FR,V4332,low,PO471236,,completed,False,
CASE-00168,INV-000168,Validate invoice data,2026-01-06T03:59:00,Coupa,AP Clerk,ap12,21711.84,EUR,FR,V4332,low,PO471236,,completed,False,
CASE-00168,INV-000168,Check PO exists,2026-01-06T04:17:00,SAP,System,system,21711.84,EUR,FR,V4332,low,PO471236,,completed,False,
CASE-00168,INV-000168,Run three-way match,2026-01-06T04:47:00,SAP,System,system,21711.84,EUR,FR,V4332,low,PO471236,,completed,False,
CASE-00168,INV-000168,Run duplicate invoice check,2026-01-06T04:59:00,SAP,System,system,21711.84,EUR,FR,V4332,low,PO471236,,completed,False,
CASE-00168,INV-000168,Check vendor risk,2026-01-06T05:11:00,Vendor Master Data,System,system,21711.84,EUR,FR,V4332,low,PO471236,,completed,False,
CASE-00168,INV-000168,Check approval threshold,2026-01-06T05:17:00,SAP,System,system,21711.84,EUR,FR,V4332,low,PO471236,,completed,False,
CASE-00168,INV-000168,Finance manager approval,2026-01-06T22:34:34.079686,SAP,Finance Manager,ap12,21711.84,EUR,FR,V4332,low,PO471236,,completed,False,
CASE-00168,INV-000168,Schedule payment,2026-01-07T04:46:59.272297,Payment System,System,system,21711.84,EUR,FR,V4332,low,PO471236,,completed,False,
CASE-00168,INV-000168,Send remittance notice,2026-01-07T04:52:59.272297,Payment System,System,system,21711.84,EUR,FR,V4332,low,PO471236,,completed,False,
CASE-00168,INV-000168,Invoice paid,2026-01-07T04:58:59.272297,Payment System,System,system,21711.84,EUR,FR,V4332,low,PO471236,,paid,False,
CASE-00169,INV-000169,Invoice received,2026-01-06T03:42:00,Coupa,System,system,11723.27,EUR,ES,V6094,high,PO735076,,completed,False,
CASE-00169,INV-000169,Validate invoice data,2026-01-06T04:06:00,Coupa,AP Clerk,ap06,11723.27,EUR,ES,V6094,high,PO735076,,completed,False,
CASE-00169,INV-000169,Manual Email Review,2026-01-06T20:08:28.530672,Email and Excel,AP Clerk,ap06,11723.27,EUR,ES,V6094,high,PO735076,,completed,True,Manual Email Review
CASE-00169,INV-000169,Check PO exists,2026-01-06T20:26:28.530672,SAP,System,system,11723.27,EUR,ES,V6094,high,PO735076,,completed,False,
CASE-00169,INV-000169,Create missing PO exception,2026-01-06T20:38:28.530672,ServiceNow,System,system,11723.27,EUR,ES,V6094,high,PO735076,missing_po,completed,False,
CASE-00169,INV-000169,AP review missing PO,2026-01-09T21:55:24.804313,ServiceNow,AP Clerk,ap06,11723.27,EUR,ES,V6094,high,PO735076,missing_po,completed,False,
CASE-00169,INV-000169,Procurement correction,2026-01-10T10:56:50.676422,SAP,Procurement Specialist,ap06,11723.27,EUR,ES,V6094,high,PO735076,missing_po,completed,False,
CASE-00169,INV-000169,Check PO exists,2026-01-10T11:08:50.676422,SAP,System,system,11723.27,EUR,ES,V6094,high,PO735076,missing_po,completed,False,
CASE-00169,INV-000169,Run three-way match,2026-01-10T11:38:50.676422,SAP,System,system,11723.27,EUR,ES,V6094,high,PO735076,,completed,False,
CASE-00169,INV-000169,Run duplicate invoice check,2026-01-10T11:50:50.676422,SAP,System,system,11723.27,EUR,ES,V6094,high,PO735076,,completed,False,
CASE-00169,INV-000169,Check vendor risk,2026-01-10T12:02:50.676422,Vendor Master Data,System,system,11723.27,EUR,ES,V6094,high,PO735076,,completed,False,
CASE-00169,INV-000169,Compliance review,2026-01-13T09:05:28.797319,Vendor Master Data,Compliance Officer,ap06,11723.27,EUR,ES,V6094,high,PO735076,,completed,False,
CASE-00169,INV-000169,Check approval threshold,2026-01-13T09:11:28.797319,SAP,System,system,11723.27,EUR,ES,V6094,high,PO735076,,completed,False,
CASE-00169,INV-000169,Finance manager approval,2026-01-14T15:33:30.650887,SAP,Finance Manager,ap06,11723.27,EUR,ES,V6094,high,PO735076,,completed,False,
CASE-00169,INV-000169,Schedule payment,2026-01-15T00:27:04.154723,Payment System,System,system,11723.27,EUR,ES,V6094,high,PO735076,,completed,False,
CASE-00169,INV-000169,Send remittance notice,2026-01-15T00:33:04.154723,Payment System,System,system,11723.27,EUR,ES,V6094,high,PO735076,,completed,False,
CASE-00169,INV-000169,Invoice paid,2026-01-15T00:39:04.154723,Payment System,System,system,11723.27,EUR,ES,V6094,high,PO735076,,paid,False,
CASE-00170,INV-000170,Invoice received,2026-01-06T03:49:00,Coupa,System,system,19152.43,EUR,ES,V3536,low,PO127355,,completed,False,
CASE-00170,INV-000170,Validate invoice data,2026-01-06T04:13:00,Coupa,AP Clerk,ap18,19152.43,EUR,ES,V3536,low,PO127355,,completed,False,
CASE-00170,INV-000170,Check PO exists,2026-01-06T04:31:00,SAP,System,system,19152.43,EUR,ES,V3536,low,PO127355,,completed,False,
CASE-00170,INV-000170,Run three-way match,2026-01-06T05:01:00,SAP,System,system,19152.43,EUR,ES,V3536,low,PO127355,,completed,False,
CASE-00170,INV-000170,Classify exception,2026-01-06T05:13:00,ServiceNow,AP Clerk,ap18,19152.43,EUR,ES,V3536,low,PO127355,price_mismatch,completed,False,
CASE-00170,INV-000170,Create price mismatch ticket,2026-01-06T05:25:00,ServiceNow,System,system,19152.43,EUR,ES,V3536,low,PO127355,price_mismatch,completed,False,
CASE-00170,INV-000170,AP review price mismatch,2026-01-08T04:05:33.953162,ServiceNow,AP Clerk,ap18,19152.43,EUR,ES,V3536,low,PO127355,price_mismatch,completed,False,
CASE-00170,INV-000170,Excel Price Correction,2026-01-08T16:58:30.150397,Email and Excel,AP Clerk,ap18,19152.43,EUR,ES,V3536,low,PO127355,price_mismatch,completed,True,Excel Price Correction
CASE-00170,INV-000170,Correction for price mismatch,2026-01-09T13:28:06.964253,SAP,Procurement Specialist,ap18,19152.43,EUR,ES,V3536,low,PO127355,price_mismatch,completed,False,
CASE-00170,INV-000170,Run three-way match,2026-01-09T13:52:06.964253,SAP,System,system,19152.43,EUR,ES,V3536,low,PO127355,price_mismatch,completed,False,
CASE-00170,INV-000170,Run duplicate invoice check,2026-01-09T14:04:06.964253,SAP,System,system,19152.43,EUR,ES,V3536,low,PO127355,,completed,False,
CASE-00170,INV-000170,Check vendor risk,2026-01-09T14:16:06.964253,Vendor Master Data,System,system,19152.43,EUR,ES,V3536,low,PO127355,,completed,False,
CASE-00170,INV-000170,Check approval threshold,2026-01-09T14:22:06.964253,SAP,System,system,19152.43,EUR,ES,V3536,low,PO127355,,completed,False,
CASE-00170,INV-000170,Finance manager approval,2026-01-10T20:40:22.137378,SAP,Finance Manager,ap18,19152.43,EUR,ES,V3536,low,PO127355,,completed,False,
CASE-00170,INV-000170,Schedule payment,2026-01-11T04:03:48.246274,Payment System,System,system,19152.43,EUR,ES,V3536,low,PO127355,,completed,False,
CASE-00170,INV-000170,Send remittance notice,2026-01-11T04:09:48.246274,Payment System,System,system,19152.43,EUR,ES,V3536,low,PO127355,,completed,False,
CASE-00170,INV-000170,Invoice paid,2026-01-11T04:15:48.246274,Payment System,System,system,19152.43,EUR,ES,V3536,low,PO127355,,paid,False,
CASE-00171,INV-000171,Invoice received,2026-01-06T03:56:00,Coupa,System,system,10037.63,EUR,ES,V7217,medium,PO525300,,completed,False,
CASE-00171,INV-000171,Validate invoice data,2026-01-06T04:20:00,Coupa,AP Clerk,ap25,10037.63,EUR,ES,V7217,medium,PO525300,,completed,False,
CASE-00171,INV-000171,Check PO exists,2026-01-06T04:38:00,SAP,System,system,10037.63,EUR,ES,V7217,medium,PO525300,,completed,False,
CASE-00171,INV-000171,Run three-way match,2026-01-06T05:08:00,SAP,System,system,10037.63,EUR,ES,V7217,medium,PO525300,,completed,False,
CASE-00171,INV-000171,Classify exception,2026-01-06T05:20:00,ServiceNow,AP Clerk,ap25,10037.63,EUR,ES,V7217,medium,PO525300,price_mismatch,completed,False,
CASE-00171,INV-000171,Create price mismatch ticket,2026-01-06T05:32:00,ServiceNow,System,system,10037.63,EUR,ES,V7217,medium,PO525300,price_mismatch,completed,False,
CASE-00171,INV-000171,AP review price mismatch,2026-01-07T09:00:32.519105,ServiceNow,AP Clerk,ap25,10037.63,EUR,ES,V7217,medium,PO525300,price_mismatch,completed,False,
CASE-00171,INV-000171,Correction for price mismatch,2026-01-08T07:04:39.190217,SAP,Procurement Specialist,ap25,10037.63,EUR,ES,V7217,medium,PO525300,price_mismatch,completed,False,
CASE-00171,INV-000171,Run three-way match,2026-01-08T07:28:39.190217,SAP,System,system,10037.63,EUR,ES,V7217,medium,PO525300,price_mismatch,completed,False,
CASE-00171,INV-000171,Run duplicate invoice check,2026-01-08T07:40:39.190217,SAP,System,system,10037.63,EUR,ES,V7217,medium,PO525300,,completed,False,
CASE-00171,INV-000171,Check vendor risk,2026-01-08T07:52:39.190217,Vendor Master Data,System,system,10037.63,EUR,ES,V7217,medium,PO525300,,completed,False,
CASE-00171,INV-000171,Check approval threshold,2026-01-08T07:58:39.190217,SAP,System,system,10037.63,EUR,ES,V7217,medium,PO525300,,completed,False,
CASE-00171,INV-000171,Finance manager approval,2026-01-08T12:40:22.973335,SAP,Finance Manager,ap25,10037.63,EUR,ES,V7217,medium,PO525300,,completed,False,
CASE-00171,INV-000171,Schedule payment,2026-01-08T21:38:01.850676,Payment System,System,system,10037.63,EUR,ES,V7217,medium,PO525300,,completed,False,
CASE-00171,INV-000171,Send remittance notice,2026-01-08T21:44:01.850676,Payment System,System,system,10037.63,EUR,ES,V7217,medium,PO525300,,completed,False,
CASE-00171,INV-000171,Invoice paid,2026-01-08T21:50:01.850676,Payment System,System,system,10037.63,EUR,ES,V7217,medium,PO525300,,paid,False,
CASE-00172,INV-000172,Invoice received,2026-01-06T04:03:00,Coupa,System,system,23704.44,EUR,FR,V1955,low,PO715252,,completed,False,
CASE-00172,INV-000172,Validate invoice data,2026-01-06T04:27:00,Coupa,AP Clerk,ap20,23704.44,EUR,FR,V1955,low,PO715252,,completed,False,
CASE-00172,INV-000172,Check PO exists,2026-01-06T04:45:00,SAP,System,system,23704.44,EUR,FR,V1955,low,PO715252,,completed,False,
CASE-00172,INV-000172,Run three-way match,2026-01-06T05:15:00,SAP,System,system,23704.44,EUR,FR,V1955,low,PO715252,,completed,False,
CASE-00172,INV-000172,Run duplicate invoice check,2026-01-06T05:27:00,SAP,System,system,23704.44,EUR,FR,V1955,low,PO715252,,completed,False,
CASE-00172,INV-000172,Check vendor risk,2026-01-06T05:39:00,Vendor Master Data,System,system,23704.44,EUR,FR,V1955,low,PO715252,,completed,False,
CASE-00172,INV-000172,Check approval threshold,2026-01-06T05:45:00,SAP,System,system,23704.44,EUR,FR,V1955,low,PO715252,,completed,False,
CASE-00172,INV-000172,Finance manager approval,2026-01-07T23:32:02.386058,SAP,Finance Manager,ap20,23704.44,EUR,FR,V1955,low,PO715252,,completed,False,
CASE-00172,INV-000172,Schedule payment,2026-01-08T04:14:34.371765,Payment System,System,system,23704.44,EUR,FR,V1955,low,PO715252,,completed,False,
CASE-00172,INV-000172,Send remittance notice,2026-01-08T04:20:34.371765,Payment System,System,system,23704.44,EUR,FR,V1955,low,PO715252,,completed,False,
CASE-00172,INV-000172,Invoice paid,2026-01-08T04:26:34.371765,Payment System,System,system,23704.44,EUR,FR,V1955,low,PO715252,,paid,False,
CASE-00173,INV-000173,Invoice received,2026-01-06T04:10:00,Coupa,System,system,8231.87,EUR,FR,V3963,medium,PO879925,,completed,False,
CASE-00173,INV-000173,Validate invoice data,2026-01-06T04:34:00,Coupa,AP Clerk,ap17,8231.87,EUR,FR,V3963,medium,PO879925,,completed,False,
CASE-00173,INV-000173,Check PO exists,2026-01-06T04:52:00,SAP,System,system,8231.87,EUR,FR,V3963,medium,PO879925,,completed,False,
CASE-00173,INV-000173,Run three-way match,2026-01-06T05:22:00,SAP,System,system,8231.87,EUR,FR,V3963,medium,PO879925,,completed,False,
CASE-00173,INV-000173,Run duplicate invoice check,2026-01-06T05:34:00,SAP,System,system,8231.87,EUR,FR,V3963,medium,PO879925,,completed,False,
CASE-00173,INV-000173,Check vendor risk,2026-01-06T05:46:00,Vendor Master Data,System,system,8231.87,EUR,FR,V3963,medium,PO879925,,completed,False,
CASE-00173,INV-000173,Check approval threshold,2026-01-06T05:52:00,SAP,System,system,8231.87,EUR,FR,V3963,medium,PO879925,,completed,False,
CASE-00173,INV-000173,Auto approve for payment scheduling,2026-01-06T05:58:00,SAP,System,system,8231.87,EUR,FR,V3963,medium,PO879925,,completed,False,
CASE-00173,INV-000173,Schedule payment,2026-01-06T12:06:30.709456,Payment System,System,system,8231.87,EUR,FR,V3963,medium,PO879925,,completed,False,
CASE-00173,INV-000173,Send remittance notice,2026-01-06T12:12:30.709456,Payment System,System,system,8231.87,EUR,FR,V3963,medium,PO879925,,completed,False,
CASE-00173,INV-000173,Invoice paid,2026-01-06T12:18:30.709456,Payment System,System,system,8231.87,EUR,FR,V3963,medium,PO879925,,paid,False,
CASE-00174,INV-000174,Invoice received,2026-01-06T04:17:00,Coupa,System,system,24588.71,EUR,FR,V3538,high,PO524634,,completed,False,
CASE-00174,INV-000174,Validate invoice data,2026-01-06T04:41:00,Coupa,AP Clerk,ap18,24588.71,EUR,FR,V3538,high,PO524634,,completed,False,
CASE-00174,INV-000174,Check PO exists,2026-01-06T04:59:00,SAP,System,system,24588.71,EUR,FR,V3538,high,PO524634,,completed,False,
CASE-00174,INV-000174,Run three-way match,2026-01-06T05:29:00,SAP,System,system,24588.71,EUR,FR,V3538,high,PO524634,,completed,False,
CASE-00174,INV-000174,Run duplicate invoice check,2026-01-06T05:41:00,SAP,System,system,24588.71,EUR,FR,V3538,high,PO524634,,completed,False,
CASE-00174,INV-000174,Check vendor risk,2026-01-06T05:53:00,Vendor Master Data,System,system,24588.71,EUR,FR,V3538,high,PO524634,,completed,False,
CASE-00174,INV-000174,Compliance review,2026-01-07T19:03:27.491434,Vendor Master Data,Compliance Officer,ap18,24588.71,EUR,FR,V3538,high,PO524634,,completed,False,
CASE-00174,INV-000174,Check approval threshold,2026-01-07T19:09:27.491434,SAP,System,system,24588.71,EUR,FR,V3538,high,PO524634,,completed,False,
CASE-00174,INV-000174,Finance manager approval,2026-01-09T04:59:38.863301,SAP,Finance Manager,ap18,24588.71,EUR,FR,V3538,high,PO524634,,completed,False,
CASE-00174,INV-000174,Schedule payment,2026-01-09T12:49:26.064631,Payment System,System,system,24588.71,EUR,FR,V3538,high,PO524634,,completed,False,
CASE-00174,INV-000174,Send remittance notice,2026-01-09T12:55:26.064631,Payment System,System,system,24588.71,EUR,FR,V3538,high,PO524634,,completed,False,
CASE-00174,INV-000174,Invoice paid,2026-01-09T13:01:26.064631,Payment System,System,system,24588.71,EUR,FR,V3538,high,PO524634,,paid,False,
CASE-00175,INV-000175,Invoice received,2026-01-06T04:24:00,Coupa,System,system,13870.21,EUR,DE,V1019,medium,PO558388,,completed,False,
CASE-00175,INV-000175,Validate invoice data,2026-01-06T04:48:00,Coupa,AP Clerk,ap12,13870.21,EUR,DE,V1019,medium,PO558388,,completed,False,
CASE-00175,INV-000175,Check PO exists,2026-01-06T05:06:00,SAP,System,system,13870.21,EUR,DE,V1019,medium,PO558388,,completed,False,
CASE-00175,INV-000175,Run three-way match,2026-01-06T05:36:00,SAP,System,system,13870.21,EUR,DE,V1019,medium,PO558388,,completed,False,
CASE-00175,INV-000175,Classify exception,2026-01-06T05:48:00,ServiceNow,AP Clerk,ap12,13870.21,EUR,DE,V1019,medium,PO558388,missing_gr,completed,False,
CASE-00175,INV-000175,Request goods receipt confirmation,2026-01-07T00:25:43.462443,SAP,Procurement Specialist,ap12,13870.21,EUR,DE,V1019,medium,PO558388,missing_gr,completed,False,
CASE-00175,INV-000175,Run three-way match,2026-01-07T00:49:43.462443,SAP,System,system,13870.21,EUR,DE,V1019,medium,PO558388,missing_gr,completed,False,
CASE-00175,INV-000175,Run duplicate invoice check,2026-01-07T01:01:43.462443,SAP,System,system,13870.21,EUR,DE,V1019,medium,PO558388,,completed,False,
CASE-00175,INV-000175,Check vendor risk,2026-01-07T01:13:43.462443,Vendor Master Data,System,system,13870.21,EUR,DE,V1019,medium,PO558388,,completed,False,
CASE-00175,INV-000175,Check approval threshold,2026-01-07T01:19:43.462443,SAP,System,system,13870.21,EUR,DE,V1019,medium,PO558388,,completed,False,
CASE-00175,INV-000175,Finance manager approval,2026-01-08T01:09:58.664379,SAP,Finance Manager,ap12,13870.21,EUR,DE,V1019,medium,PO558388,,completed,False,
CASE-00175,INV-000175,Schedule payment,2026-01-08T10:18:16.561768,Payment System,System,system,13870.21,EUR,DE,V1019,medium,PO558388,,completed,False,
CASE-00175,INV-000175,Send remittance notice,2026-01-08T10:24:16.561768,Payment System,System,system,13870.21,EUR,DE,V1019,medium,PO558388,,completed,False,
CASE-00175,INV-000175,Invoice paid,2026-01-08T10:30:16.561768,Payment System,System,system,13870.21,EUR,DE,V1019,medium,PO558388,,paid,False,
CASE-00176,INV-000176,Invoice received,2026-01-06T04:31:00,Coupa,System,system,6822.2,EUR,NL,V1501,low,PO557196,,completed,False,
CASE-00176,INV-000176,Validate invoice data,2026-01-06T04:55:00,Coupa,AP Clerk,ap14,6822.2,EUR,NL,V1501,low,PO557196,,completed,False,
CASE-00176,INV-000176,Check PO exists,2026-01-06T05:13:00,SAP,System,system,6822.2,EUR,NL,V1501,low,PO557196,,completed,False,
CASE-00176,INV-000176,Run three-way match,2026-01-06T05:43:00,SAP,System,system,6822.2,EUR,NL,V1501,low,PO557196,,completed,False,
CASE-00176,INV-000176,Classify exception,2026-01-06T05:55:00,ServiceNow,AP Clerk,ap14,6822.2,EUR,NL,V1501,low,PO557196,price_mismatch,completed,False,
CASE-00176,INV-000176,Create price mismatch ticket,2026-01-06T06:07:00,ServiceNow,System,system,6822.2,EUR,NL,V1501,low,PO557196,price_mismatch,completed,False,
CASE-00176,INV-000176,AP review price mismatch,2026-01-09T10:37:15.192720,ServiceNow,AP Clerk,ap14,6822.2,EUR,NL,V1501,low,PO557196,price_mismatch,completed,False,
CASE-00176,INV-000176,Correction for price mismatch,2026-01-09T19:46:48.587145,SAP,Procurement Specialist,ap14,6822.2,EUR,NL,V1501,low,PO557196,price_mismatch,completed,False,
CASE-00176,INV-000176,Run three-way match,2026-01-09T20:10:48.587145,SAP,System,system,6822.2,EUR,NL,V1501,low,PO557196,price_mismatch,completed,False,
CASE-00176,INV-000176,Run duplicate invoice check,2026-01-09T20:22:48.587145,SAP,System,system,6822.2,EUR,NL,V1501,low,PO557196,,completed,False,
CASE-00176,INV-000176,Check vendor risk,2026-01-09T20:34:48.587145,Vendor Master Data,System,system,6822.2,EUR,NL,V1501,low,PO557196,,completed,False,
CASE-00176,INV-000176,Check approval threshold,2026-01-09T20:40:48.587145,SAP,System,system,6822.2,EUR,NL,V1501,low,PO557196,,completed,False,
CASE-00176,INV-000176,Auto approve for payment scheduling,2026-01-09T20:46:48.587145,SAP,System,system,6822.2,EUR,NL,V1501,low,PO557196,,completed,False,
CASE-00176,INV-000176,Schedule payment,2026-01-10T02:13:41.297431,Payment System,System,system,6822.2,EUR,NL,V1501,low,PO557196,,completed,False,
CASE-00176,INV-000176,Send remittance notice,2026-01-10T02:19:41.297431,Payment System,System,system,6822.2,EUR,NL,V1501,low,PO557196,,completed,False,
CASE-00176,INV-000176,Invoice paid,2026-01-10T02:25:41.297431,Payment System,System,system,6822.2,EUR,NL,V1501,low,PO557196,,paid,False,
CASE-00177,INV-000177,Invoice received,2026-01-06T04:38:00,Coupa,System,system,15662.12,EUR,NL,V8486,high,PO987768,,completed,False,
CASE-00177,INV-000177,Validate invoice data,2026-01-06T05:02:00,Coupa,AP Clerk,ap12,15662.12,EUR,NL,V8486,high,PO987768,,completed,False,
CASE-00177,INV-000177,Check PO exists,2026-01-06T05:20:00,SAP,System,system,15662.12,EUR,NL,V8486,high,PO987768,,completed,False,
CASE-00177,INV-000177,Run three-way match,2026-01-06T05:50:00,SAP,System,system,15662.12,EUR,NL,V8486,high,PO987768,,completed,False,
CASE-00177,INV-000177,Classify exception,2026-01-06T06:02:00,ServiceNow,AP Clerk,ap12,15662.12,EUR,NL,V8486,high,PO987768,missing_gr,completed,False,
CASE-00177,INV-000177,Request goods receipt confirmation,2026-01-07T17:19:31.182302,SAP,Procurement Specialist,ap12,15662.12,EUR,NL,V8486,high,PO987768,missing_gr,completed,False,
CASE-00177,INV-000177,Run three-way match,2026-01-07T17:43:31.182302,SAP,System,system,15662.12,EUR,NL,V8486,high,PO987768,missing_gr,completed,False,
CASE-00177,INV-000177,Run duplicate invoice check,2026-01-07T17:55:31.182302,SAP,System,system,15662.12,EUR,NL,V8486,high,PO987768,,completed,False,
CASE-00177,INV-000177,Check vendor risk,2026-01-07T18:07:31.182302,Vendor Master Data,System,system,15662.12,EUR,NL,V8486,high,PO987768,,completed,False,
CASE-00177,INV-000177,Compliance review,2026-01-09T02:34:42.599713,Vendor Master Data,Compliance Officer,ap12,15662.12,EUR,NL,V8486,high,PO987768,,completed,False,
CASE-00177,INV-000177,Check approval threshold,2026-01-09T02:40:42.599713,SAP,System,system,15662.12,EUR,NL,V8486,high,PO987768,,completed,False,
CASE-00177,INV-000177,Finance manager approval,2026-01-09T07:11:12.701914,SAP,Finance Manager,ap12,15662.12,EUR,NL,V8486,high,PO987768,,completed,False,
CASE-00177,INV-000177,Schedule payment,2026-01-09T18:19:26.252318,Payment System,System,system,15662.12,EUR,NL,V8486,high,PO987768,,completed,False,
CASE-00177,INV-000177,Send remittance notice,2026-01-09T18:25:26.252318,Payment System,System,system,15662.12,EUR,NL,V8486,high,PO987768,,completed,False,
CASE-00177,INV-000177,Invoice paid,2026-01-09T18:31:26.252318,Payment System,System,system,15662.12,EUR,NL,V8486,high,PO987768,,paid,False,
CASE-00178,INV-000178,Invoice received,2026-01-06T04:45:00,Coupa,System,system,15012.7,EUR,IT,V1353,low,PO808626,,completed,False,
CASE-00178,INV-000178,Validate invoice data,2026-01-06T05:09:00,Coupa,AP Clerk,ap16,15012.7,EUR,IT,V1353,low,PO808626,,completed,False,
CASE-00178,INV-000178,Check PO exists,2026-01-06T05:27:00,SAP,System,system,15012.7,EUR,IT,V1353,low,PO808626,,completed,False,
CASE-00178,INV-000178,Run three-way match,2026-01-06T05:57:00,SAP,System,system,15012.7,EUR,IT,V1353,low,PO808626,,completed,False,
CASE-00178,INV-000178,Run duplicate invoice check,2026-01-06T06:09:00,SAP,System,system,15012.7,EUR,IT,V1353,low,PO808626,,completed,False,
CASE-00178,INV-000178,Check vendor risk,2026-01-06T06:21:00,Vendor Master Data,System,system,15012.7,EUR,IT,V1353,low,PO808626,,completed,False,
CASE-00178,INV-000178,Check approval threshold,2026-01-06T06:27:00,SAP,System,system,15012.7,EUR,IT,V1353,low,PO808626,,completed,False,
CASE-00178,INV-000178,Finance manager approval,2026-01-07T07:25:21.551582,SAP,Finance Manager,ap16,15012.7,EUR,IT,V1353,low,PO808626,,completed,False,
CASE-00178,INV-000178,Schedule payment,2026-01-07T17:14:54.240071,Payment System,System,system,15012.7,EUR,IT,V1353,low,PO808626,,completed,False,
CASE-00178,INV-000178,Send remittance notice,2026-01-07T17:20:54.240071,Payment System,System,system,15012.7,EUR,IT,V1353,low,PO808626,,completed,False,
CASE-00178,INV-000178,Invoice paid,2026-01-07T17:26:54.240071,Payment System,System,system,15012.7,EUR,IT,V1353,low,PO808626,,paid,False,
CASE-00179,INV-000179,Invoice received,2026-01-06T04:52:00,Coupa,System,system,5062.19,EUR,FR,V3697,high,PO167868,,completed,False,
CASE-00179,INV-000179,Validate invoice data,2026-01-06T05:16:00,Coupa,AP Clerk,ap04,5062.19,EUR,FR,V3697,high,PO167868,,completed,False,
CASE-00179,INV-000179,Check PO exists,2026-01-06T05:34:00,SAP,System,system,5062.19,EUR,FR,V3697,high,PO167868,,completed,False,
CASE-00179,INV-000179,Run three-way match,2026-01-06T06:04:00,SAP,System,system,5062.19,EUR,FR,V3697,high,PO167868,,completed,False,
CASE-00179,INV-000179,Classify exception,2026-01-06T06:16:00,ServiceNow,AP Clerk,ap04,5062.19,EUR,FR,V3697,high,PO167868,price_mismatch,completed,False,
CASE-00179,INV-000179,Create price mismatch ticket,2026-01-06T06:28:00,ServiceNow,System,system,5062.19,EUR,FR,V3697,high,PO167868,price_mismatch,completed,False,
CASE-00179,INV-000179,AP review price mismatch,2026-01-08T16:06:26.887449,ServiceNow,AP Clerk,ap04,5062.19,EUR,FR,V3697,high,PO167868,price_mismatch,completed,False,
CASE-00179,INV-000179,Correction for price mismatch,2026-01-09T01:56:33.740109,SAP,Procurement Specialist,ap04,5062.19,EUR,FR,V3697,high,PO167868,price_mismatch,completed,False,
CASE-00179,INV-000179,Run three-way match,2026-01-09T02:20:33.740109,SAP,System,system,5062.19,EUR,FR,V3697,high,PO167868,price_mismatch,completed,False,
CASE-00179,INV-000179,Run duplicate invoice check,2026-01-09T02:32:33.740109,SAP,System,system,5062.19,EUR,FR,V3697,high,PO167868,,completed,False,
CASE-00179,INV-000179,Check vendor risk,2026-01-09T02:44:33.740109,Vendor Master Data,System,system,5062.19,EUR,FR,V3697,high,PO167868,,completed,False,
CASE-00179,INV-000179,Compliance review,2026-01-09T15:40:34.141291,Vendor Master Data,Compliance Officer,ap04,5062.19,EUR,FR,V3697,high,PO167868,,completed,False,
CASE-00179,INV-000179,Check approval threshold,2026-01-09T15:46:34.141291,SAP,System,system,5062.19,EUR,FR,V3697,high,PO167868,,completed,False,
CASE-00179,INV-000179,Auto approve for payment scheduling,2026-01-09T15:52:34.141291,SAP,System,system,5062.19,EUR,FR,V3697,high,PO167868,,completed,False,
CASE-00179,INV-000179,Schedule payment,2026-01-10T00:52:22.226305,Payment System,System,system,5062.19,EUR,FR,V3697,high,PO167868,,completed,False,
CASE-00179,INV-000179,Send remittance notice,2026-01-10T00:58:22.226305,Payment System,System,system,5062.19,EUR,FR,V3697,high,PO167868,,completed,False,
CASE-00179,INV-000179,Invoice paid,2026-01-10T01:04:22.226305,Payment System,System,system,5062.19,EUR,FR,V3697,high,PO167868,,paid,False,
CASE-00180,INV-000180,Invoice received,2026-01-06T04:59:00,Coupa,System,system,6118.16,EUR,NL,V2942,low,PO648533,,completed,False,
CASE-00180,INV-000180,Validate invoice data,2026-01-06T05:23:00,Coupa,AP Clerk,ap06,6118.16,EUR,NL,V2942,low,PO648533,,completed,False,
CASE-00180,INV-000180,Check PO exists,2026-01-06T05:41:00,SAP,System,system,6118.16,EUR,NL,V2942,low,PO648533,,completed,False,
CASE-00180,INV-000180,Run three-way match,2026-01-06T06:11:00,SAP,System,system,6118.16,EUR,NL,V2942,low,PO648533,,completed,False,
CASE-00180,INV-000180,Classify exception,2026-01-06T06:23:00,ServiceNow,AP Clerk,ap06,6118.16,EUR,NL,V2942,low,PO648533,price_mismatch,completed,False,
CASE-00180,INV-000180,Create price mismatch ticket,2026-01-06T06:35:00,ServiceNow,System,system,6118.16,EUR,NL,V2942,low,PO648533,price_mismatch,completed,False,
CASE-00180,INV-000180,AP review price mismatch,2026-01-11T17:06:08.835010,ServiceNow,AP Clerk,ap06,6118.16,EUR,NL,V2942,low,PO648533,price_mismatch,completed,False,
CASE-00180,INV-000180,Excel Price Correction,2026-01-12T10:02:49.575799,Email and Excel,AP Clerk,ap06,6118.16,EUR,NL,V2942,low,PO648533,price_mismatch,completed,True,Excel Price Correction
CASE-00180,INV-000180,Correction for price mismatch,2026-01-13T07:00:58.995439,SAP,Procurement Specialist,ap06,6118.16,EUR,NL,V2942,low,PO648533,price_mismatch,completed,False,
CASE-00180,INV-000180,Run three-way match,2026-01-13T07:24:58.995439,SAP,System,system,6118.16,EUR,NL,V2942,low,PO648533,price_mismatch,completed,False,
CASE-00180,INV-000180,Run duplicate invoice check,2026-01-13T07:36:58.995439,SAP,System,system,6118.16,EUR,NL,V2942,low,PO648533,,completed,False,
CASE-00180,INV-000180,Check vendor risk,2026-01-13T07:48:58.995439,Vendor Master Data,System,system,6118.16,EUR,NL,V2942,low,PO648533,,completed,False,
CASE-00180,INV-000180,Check approval threshold,2026-01-13T07:54:58.995439,SAP,System,system,6118.16,EUR,NL,V2942,low,PO648533,,completed,False,
CASE-00180,INV-000180,Auto approve for payment scheduling,2026-01-13T08:00:58.995439,SAP,System,system,6118.16,EUR,NL,V2942,low,PO648533,,completed,False,
CASE-00180,INV-000180,Schedule payment,2026-01-13T16:06:30.560052,Payment System,System,system,6118.16,EUR,NL,V2942,low,PO648533,,completed,False,
CASE-00180,INV-000180,Send remittance notice,2026-01-13T16:12:30.560052,Payment System,System,system,6118.16,EUR,NL,V2942,low,PO648533,,completed,False,
CASE-00180,INV-000180,Invoice paid,2026-01-13T16:18:30.560052,Payment System,System,system,6118.16,EUR,NL,V2942,low,PO648533,,paid,False,
CASE-00181,INV-000181,Invoice received,2026-01-06T05:06:00,Coupa,System,system,22053.42,EUR,NL,V7948,medium,PO195859,,completed,False,
CASE-00181,INV-000181,Validate invoice data,2026-01-06T05:30:00,Coupa,AP Clerk,ap19,22053.42,EUR,NL,V7948,medium,PO195859,,completed,False,
CASE-00181,INV-000181,Check PO exists,2026-01-06T05:48:00,SAP,System,system,22053.42,EUR,NL,V7948,medium,PO195859,,completed,False,
CASE-00181,INV-000181,Run three-way match,2026-01-06T06:18:00,SAP,System,system,22053.42,EUR,NL,V7948,medium,PO195859,,completed,False,
CASE-00181,INV-000181,Run duplicate invoice check,2026-01-06T06:30:00,SAP,System,system,22053.42,EUR,NL,V7948,medium,PO195859,,completed,False,
CASE-00181,INV-000181,Check vendor risk,2026-01-06T06:42:00,Vendor Master Data,System,system,22053.42,EUR,NL,V7948,medium,PO195859,,completed,False,
CASE-00181,INV-000181,Check approval threshold,2026-01-06T06:48:00,SAP,System,system,22053.42,EUR,NL,V7948,medium,PO195859,,completed,False,
CASE-00181,INV-000181,Finance manager approval,2026-01-07T00:12:15.185026,SAP,Finance Manager,ap19,22053.42,EUR,NL,V7948,medium,PO195859,,completed,False,
CASE-00181,INV-000181,Schedule payment,2026-01-07T10:15:00.165392,Payment System,System,system,22053.42,EUR,NL,V7948,medium,PO195859,,completed,False,
CASE-00181,INV-000181,Send remittance notice,2026-01-07T10:21:00.165392,Payment System,System,system,22053.42,EUR,NL,V7948,medium,PO195859,,completed,False,
CASE-00181,INV-000181,Invoice paid,2026-01-07T10:27:00.165392,Payment System,System,system,22053.42,EUR,NL,V7948,medium,PO195859,,paid,False,
CASE-00182,INV-000182,Invoice received,2026-01-06T05:13:00,Coupa,System,system,5986.33,EUR,IT,V2892,low,PO448852,,completed,False,
CASE-00182,INV-000182,Validate invoice data,2026-01-06T05:37:00,Coupa,AP Clerk,ap10,5986.33,EUR,IT,V2892,low,PO448852,,completed,False,
CASE-00182,INV-000182,Check PO exists,2026-01-06T05:55:00,SAP,System,system,5986.33,EUR,IT,V2892,low,PO448852,,completed,False,
CASE-00182,INV-000182,Run three-way match,2026-01-06T06:25:00,SAP,System,system,5986.33,EUR,IT,V2892,low,PO448852,,completed,False,
CASE-00182,INV-000182,Run duplicate invoice check,2026-01-06T06:37:00,SAP,System,system,5986.33,EUR,IT,V2892,low,PO448852,,completed,False,
CASE-00182,INV-000182,Check vendor risk,2026-01-06T06:49:00,Vendor Master Data,System,system,5986.33,EUR,IT,V2892,low,PO448852,,completed,False,
CASE-00182,INV-000182,Check approval threshold,2026-01-06T06:55:00,SAP,System,system,5986.33,EUR,IT,V2892,low,PO448852,,completed,False,
CASE-00182,INV-000182,Auto approve for payment scheduling,2026-01-06T07:01:00,SAP,System,system,5986.33,EUR,IT,V2892,low,PO448852,,completed,False,
CASE-00182,INV-000182,Schedule payment,2026-01-06T13:34:36.623101,Payment System,System,system,5986.33,EUR,IT,V2892,low,PO448852,,completed,False,
CASE-00182,INV-000182,Send remittance notice,2026-01-06T13:40:36.623101,Payment System,System,system,5986.33,EUR,IT,V2892,low,PO448852,,completed,False,
CASE-00182,INV-000182,Invoice paid,2026-01-06T13:46:36.623101,Payment System,System,system,5986.33,EUR,IT,V2892,low,PO448852,,paid,False,
CASE-00183,INV-000183,Invoice received,2026-01-06T05:20:00,Coupa,System,system,8095.25,EUR,NL,V6377,medium,PO739930,,completed,False,
CASE-00183,INV-000183,Validate invoice data,2026-01-06T05:44:00,Coupa,AP Clerk,ap02,8095.25,EUR,NL,V6377,medium,PO739930,,completed,False,
CASE-00183,INV-000183,Check PO exists,2026-01-06T06:02:00,SAP,System,system,8095.25,EUR,NL,V6377,medium,PO739930,,completed,False,
CASE-00183,INV-000183,Run three-way match,2026-01-06T06:32:00,SAP,System,system,8095.25,EUR,NL,V6377,medium,PO739930,,completed,False,
CASE-00183,INV-000183,Run duplicate invoice check,2026-01-06T06:44:00,SAP,System,system,8095.25,EUR,NL,V6377,medium,PO739930,,completed,False,
CASE-00183,INV-000183,Check vendor risk,2026-01-06T06:56:00,Vendor Master Data,System,system,8095.25,EUR,NL,V6377,medium,PO739930,,completed,False,
CASE-00183,INV-000183,Check approval threshold,2026-01-06T07:02:00,SAP,System,system,8095.25,EUR,NL,V6377,medium,PO739930,,completed,False,
CASE-00183,INV-000183,Auto approve for payment scheduling,2026-01-06T07:08:00,SAP,System,system,8095.25,EUR,NL,V6377,medium,PO739930,,completed,False,
CASE-00183,INV-000183,Schedule payment,2026-01-06T14:41:54.448374,Payment System,System,system,8095.25,EUR,NL,V6377,medium,PO739930,,completed,False,
CASE-00183,INV-000183,Send remittance notice,2026-01-06T14:47:54.448374,Payment System,System,system,8095.25,EUR,NL,V6377,medium,PO739930,,completed,False,
CASE-00183,INV-000183,Invoice paid,2026-01-06T14:53:54.448374,Payment System,System,system,8095.25,EUR,NL,V6377,medium,PO739930,,paid,False,
CASE-00184,INV-000184,Invoice received,2026-01-06T05:27:00,Coupa,System,system,14439.12,EUR,IT,V4990,medium,PO851256,,completed,False,
CASE-00184,INV-000184,Validate invoice data,2026-01-06T05:51:00,Coupa,AP Clerk,ap24,14439.12,EUR,IT,V4990,medium,PO851256,,completed,False,
CASE-00184,INV-000184,Check PO exists,2026-01-06T06:09:00,SAP,System,system,14439.12,EUR,IT,V4990,medium,PO851256,,completed,False,
CASE-00184,INV-000184,Create missing PO exception,2026-01-06T06:21:00,ServiceNow,System,system,14439.12,EUR,IT,V4990,medium,PO851256,missing_po,completed,False,
CASE-00184,INV-000184,AP review missing PO,2026-01-09T01:02:48.078261,ServiceNow,AP Clerk,ap24,14439.12,EUR,IT,V4990,medium,PO851256,missing_po,completed,False,
CASE-00184,INV-000184,Procurement correction,2026-01-10T00:56:39.648213,SAP,Procurement Specialist,ap24,14439.12,EUR,IT,V4990,medium,PO851256,missing_po,completed,False,
CASE-00184,INV-000184,Check PO exists,2026-01-10T01:08:39.648213,SAP,System,system,14439.12,EUR,IT,V4990,medium,PO851256,missing_po,completed,False,
CASE-00184,INV-000184,Run three-way match,2026-01-10T01:38:39.648213,SAP,System,system,14439.12,EUR,IT,V4990,medium,PO851256,,completed,False,
CASE-00184,INV-000184,Run duplicate invoice check,2026-01-10T01:50:39.648213,SAP,System,system,14439.12,EUR,IT,V4990,medium,PO851256,,completed,False,
CASE-00184,INV-000184,Check vendor risk,2026-01-10T02:02:39.648213,Vendor Master Data,System,system,14439.12,EUR,IT,V4990,medium,PO851256,,completed,False,
CASE-00184,INV-000184,Check approval threshold,2026-01-10T02:08:39.648213,SAP,System,system,14439.12,EUR,IT,V4990,medium,PO851256,,completed,False,
CASE-00184,INV-000184,Finance manager approval,2026-01-11T10:33:32.612468,SAP,Finance Manager,ap24,14439.12,EUR,IT,V4990,medium,PO851256,,completed,False,
CASE-00184,INV-000184,Schedule payment,2026-01-11T19:50:00.230942,Payment System,System,system,14439.12,EUR,IT,V4990,medium,PO851256,,completed,False,
CASE-00184,INV-000184,Send remittance notice,2026-01-11T19:56:00.230942,Payment System,System,system,14439.12,EUR,IT,V4990,medium,PO851256,,completed,False,
CASE-00184,INV-000184,Invoice paid,2026-01-11T20:02:00.230942,Payment System,System,system,14439.12,EUR,IT,V4990,medium,PO851256,,paid,False,
CASE-00185,INV-000185,Invoice received,2026-01-06T05:34:00,Coupa,System,system,1313.01,EUR,IT,V2942,low,PO216335,,completed,False,
CASE-00185,INV-000185,Validate invoice data,2026-01-06T05:58:00,Coupa,AP Clerk,ap16,1313.01,EUR,IT,V2942,low,PO216335,,completed,False,
CASE-00185,INV-000185,Manual Email Review,2026-01-06T18:58:59.350074,Email and Excel,AP Clerk,ap16,1313.01,EUR,IT,V2942,low,PO216335,,completed,True,Manual Email Review
CASE-00185,INV-000185,Check PO exists,2026-01-06T19:16:59.350074,SAP,System,system,1313.01,EUR,IT,V2942,low,PO216335,,completed,False,
CASE-00185,INV-000185,Run three-way match,2026-01-06T19:46:59.350074,SAP,System,system,1313.01,EUR,IT,V2942,low,PO216335,,completed,False,
CASE-00185,INV-000185,Run duplicate invoice check,2026-01-06T19:58:59.350074,SAP,System,system,1313.01,EUR,IT,V2942,low,PO216335,,completed,False,
CASE-00185,INV-000185,Check vendor risk,2026-01-06T20:10:59.350074,Vendor Master Data,System,system,1313.01,EUR,IT,V2942,low,PO216335,,completed,False,
CASE-00185,INV-000185,Check approval threshold,2026-01-06T20:16:59.350074,SAP,System,system,1313.01,EUR,IT,V2942,low,PO216335,,completed,False,
CASE-00185,INV-000185,Auto approve for payment scheduling,2026-01-06T20:22:59.350074,SAP,System,system,1313.01,EUR,IT,V2942,low,PO216335,,completed,False,
CASE-00185,INV-000185,Schedule payment,2026-01-07T03:06:25.413735,Payment System,System,system,1313.01,EUR,IT,V2942,low,PO216335,,completed,False,
CASE-00185,INV-000185,Send remittance notice,2026-01-07T03:12:25.413735,Payment System,System,system,1313.01,EUR,IT,V2942,low,PO216335,,completed,False,
CASE-00185,INV-000185,Invoice paid,2026-01-07T03:18:25.413735,Payment System,System,system,1313.01,EUR,IT,V2942,low,PO216335,,paid,False,
CASE-00186,INV-000186,Invoice received,2026-01-06T05:41:00,Coupa,System,system,24962.53,EUR,ES,V3653,low,PO144749,,completed,False,
CASE-00186,INV-000186,Validate invoice data,2026-01-06T06:05:00,Coupa,AP Clerk,ap22,24962.53,EUR,ES,V3653,low,PO144749,,completed,False,
CASE-00186,INV-000186,Check PO exists,2026-01-06T06:23:00,SAP,System,system,24962.53,EUR,ES,V3653,low,PO144749,,completed,False,
CASE-00186,INV-000186,Run three-way match,2026-01-06T06:53:00,SAP,System,system,24962.53,EUR,ES,V3653,low,PO144749,,completed,False,
CASE-00186,INV-000186,Classify exception,2026-01-06T07:05:00,ServiceNow,AP Clerk,ap22,24962.53,EUR,ES,V3653,low,PO144749,price_mismatch,completed,False,
CASE-00186,INV-000186,Create price mismatch ticket,2026-01-06T07:17:00,ServiceNow,System,system,24962.53,EUR,ES,V3653,low,PO144749,price_mismatch,completed,False,
CASE-00186,INV-000186,AP review price mismatch,2026-01-11T01:51:34.443929,ServiceNow,AP Clerk,ap22,24962.53,EUR,ES,V3653,low,PO144749,price_mismatch,completed,False,
CASE-00186,INV-000186,Correction for price mismatch,2026-01-11T12:30:36.642763,SAP,Procurement Specialist,ap22,24962.53,EUR,ES,V3653,low,PO144749,price_mismatch,completed,False,
CASE-00186,INV-000186,Run three-way match,2026-01-11T12:54:36.642763,SAP,System,system,24962.53,EUR,ES,V3653,low,PO144749,price_mismatch,completed,False,
CASE-00186,INV-000186,Run duplicate invoice check,2026-01-11T13:06:36.642763,SAP,System,system,24962.53,EUR,ES,V3653,low,PO144749,,completed,False,
CASE-00186,INV-000186,Check vendor risk,2026-01-11T13:18:36.642763,Vendor Master Data,System,system,24962.53,EUR,ES,V3653,low,PO144749,,completed,False,
CASE-00186,INV-000186,Check approval threshold,2026-01-11T13:24:36.642763,SAP,System,system,24962.53,EUR,ES,V3653,low,PO144749,,completed,False,
CASE-00186,INV-000186,Finance manager approval,2026-01-13T05:02:54.847787,SAP,Finance Manager,ap22,24962.53,EUR,ES,V3653,low,PO144749,,completed,False,
CASE-00186,INV-000186,Schedule payment,2026-01-13T16:46:40.433023,Payment System,System,system,24962.53,EUR,ES,V3653,low,PO144749,,completed,False,
CASE-00186,INV-000186,Send remittance notice,2026-01-13T16:52:40.433023,Payment System,System,system,24962.53,EUR,ES,V3653,low,PO144749,,completed,False,
CASE-00186,INV-000186,Invoice paid,2026-01-13T16:58:40.433023,Payment System,System,system,24962.53,EUR,ES,V3653,low,PO144749,,paid,False,
CASE-00187,INV-000187,Invoice received,2026-01-06T05:48:00,Coupa,System,system,22574.49,EUR,DE,V8397,medium,PO219822,,completed,False,
CASE-00187,INV-000187,Validate invoice data,2026-01-06T06:12:00,Coupa,AP Clerk,ap03,22574.49,EUR,DE,V8397,medium,PO219822,,completed,False,
CASE-00187,INV-000187,Manual Email Review,2026-01-07T08:17:44.007163,Email and Excel,AP Clerk,ap03,22574.49,EUR,DE,V8397,medium,PO219822,,completed,True,Manual Email Review
CASE-00187,INV-000187,Check PO exists,2026-01-07T08:35:44.007163,SAP,System,system,22574.49,EUR,DE,V8397,medium,PO219822,,completed,False,
CASE-00187,INV-000187,Run three-way match,2026-01-07T09:05:44.007163,SAP,System,system,22574.49,EUR,DE,V8397,medium,PO219822,,completed,False,
CASE-00187,INV-000187,Run duplicate invoice check,2026-01-07T09:17:44.007163,SAP,System,system,22574.49,EUR,DE,V8397,medium,PO219822,,completed,False,
CASE-00187,INV-000187,Check vendor risk,2026-01-07T09:29:44.007163,Vendor Master Data,System,system,22574.49,EUR,DE,V8397,medium,PO219822,,completed,False,
CASE-00187,INV-000187,Check approval threshold,2026-01-07T09:35:44.007163,SAP,System,system,22574.49,EUR,DE,V8397,medium,PO219822,,completed,False,
CASE-00187,INV-000187,Finance manager approval,2026-01-09T05:25:06.947267,SAP,Finance Manager,ap03,22574.49,EUR,DE,V8397,medium,PO219822,,completed,False,
CASE-00187,INV-000187,Schedule payment,2026-01-09T10:11:43.892551,Payment System,System,system,22574.49,EUR,DE,V8397,medium,PO219822,,completed,False,
CASE-00187,INV-000187,Send remittance notice,2026-01-09T10:17:43.892551,Payment System,System,system,22574.49,EUR,DE,V8397,medium,PO219822,,completed,False,
CASE-00187,INV-000187,Invoice paid,2026-01-09T10:23:43.892551,Payment System,System,system,22574.49,EUR,DE,V8397,medium,PO219822,,paid,False,
CASE-00188,INV-000188,Invoice received,2026-01-06T05:55:00,Coupa,System,system,11815.36,EUR,ES,V1934,low,PO674245,,completed,False,
CASE-00188,INV-000188,Validate invoice data,2026-01-06T06:19:00,Coupa,AP Clerk,ap16,11815.36,EUR,ES,V1934,low,PO674245,,completed,False,
CASE-00188,INV-000188,Check PO exists,2026-01-06T06:37:00,SAP,System,system,11815.36,EUR,ES,V1934,low,PO674245,,completed,False,
CASE-00188,INV-000188,Run three-way match,2026-01-06T07:07:00,SAP,System,system,11815.36,EUR,ES,V1934,low,PO674245,,completed,False,
CASE-00188,INV-000188,Run duplicate invoice check,2026-01-06T07:19:00,SAP,System,system,11815.36,EUR,ES,V1934,low,PO674245,,completed,False,
CASE-00188,INV-000188,Check vendor risk,2026-01-06T07:31:00,Vendor Master Data,System,system,11815.36,EUR,ES,V1934,low,PO674245,,completed,False,
CASE-00188,INV-000188,Check approval threshold,2026-01-06T07:37:00,SAP,System,system,11815.36,EUR,ES,V1934,low,PO674245,,completed,False,
CASE-00188,INV-000188,Finance manager approval,2026-01-07T07:51:37.974904,SAP,Finance Manager,ap16,11815.36,EUR,ES,V1934,low,PO674245,,completed,False,
CASE-00188,INV-000188,Schedule payment,2026-01-07T14:55:35.014122,Payment System,System,system,11815.36,EUR,ES,V1934,low,PO674245,,completed,False,
CASE-00188,INV-000188,Send remittance notice,2026-01-07T15:01:35.014122,Payment System,System,system,11815.36,EUR,ES,V1934,low,PO674245,,completed,False,
CASE-00188,INV-000188,Invoice paid,2026-01-07T15:07:35.014122,Payment System,System,system,11815.36,EUR,ES,V1934,low,PO674245,,paid,False,
CASE-00189,INV-000189,Invoice received,2026-01-06T06:02:00,Coupa,System,system,521.23,EUR,NL,V3551,low,PO272449,,completed,False,
CASE-00189,INV-000189,Validate invoice data,2026-01-06T06:26:00,Coupa,AP Clerk,ap04,521.23,EUR,NL,V3551,low,PO272449,,completed,False,
CASE-00189,INV-000189,Check PO exists,2026-01-06T06:44:00,SAP,System,system,521.23,EUR,NL,V3551,low,PO272449,,completed,False,
CASE-00189,INV-000189,Create missing PO exception,2026-01-06T06:56:00,ServiceNow,System,system,521.23,EUR,NL,V3551,low,PO272449,missing_po,completed,False,
CASE-00189,INV-000189,AP review missing PO,2026-01-08T16:05:45.553756,ServiceNow,AP Clerk,ap04,521.23,EUR,NL,V3551,low,PO272449,missing_po,completed,False,
CASE-00189,INV-000189,Procurement correction,2026-01-09T18:00:35.225294,SAP,Procurement Specialist,ap04,521.23,EUR,NL,V3551,low,PO272449,missing_po,completed,False,
CASE-00189,INV-000189,Check PO exists,2026-01-09T18:12:35.225294,SAP,System,system,521.23,EUR,NL,V3551,low,PO272449,missing_po,completed,False,
CASE-00189,INV-000189,Run three-way match,2026-01-09T18:42:35.225294,SAP,System,system,521.23,EUR,NL,V3551,low,PO272449,,completed,False,
CASE-00189,INV-000189,Run duplicate invoice check,2026-01-09T18:54:35.225294,SAP,System,system,521.23,EUR,NL,V3551,low,PO272449,,completed,False,
CASE-00189,INV-000189,Check vendor risk,2026-01-09T19:06:35.225294,Vendor Master Data,System,system,521.23,EUR,NL,V3551,low,PO272449,,completed,False,
CASE-00189,INV-000189,Check approval threshold,2026-01-09T19:12:35.225294,SAP,System,system,521.23,EUR,NL,V3551,low,PO272449,,completed,False,
CASE-00189,INV-000189,Auto approve for payment scheduling,2026-01-09T19:18:35.225294,SAP,System,system,521.23,EUR,NL,V3551,low,PO272449,,completed,False,
CASE-00189,INV-000189,Schedule payment,2026-01-09T23:24:05.888931,Payment System,System,system,521.23,EUR,NL,V3551,low,PO272449,,completed,False,
CASE-00189,INV-000189,Send remittance notice,2026-01-09T23:30:05.888931,Payment System,System,system,521.23,EUR,NL,V3551,low,PO272449,,completed,False,
CASE-00189,INV-000189,Invoice paid,2026-01-09T23:36:05.888931,Payment System,System,system,521.23,EUR,NL,V3551,low,PO272449,,paid,False,
CASE-00190,INV-000190,Invoice received,2026-01-06T06:09:00,Coupa,System,system,9263.65,EUR,NL,V9985,low,PO759227,,completed,False,
CASE-00190,INV-000190,Validate invoice data,2026-01-06T06:33:00,Coupa,AP Clerk,ap24,9263.65,EUR,NL,V9985,low,PO759227,,completed,False,
CASE-00190,INV-000190,Check PO exists,2026-01-06T06:51:00,SAP,System,system,9263.65,EUR,NL,V9985,low,PO759227,,completed,False,
CASE-00190,INV-000190,Run three-way match,2026-01-06T07:21:00,SAP,System,system,9263.65,EUR,NL,V9985,low,PO759227,,completed,False,
CASE-00190,INV-000190,Run duplicate invoice check,2026-01-06T07:33:00,SAP,System,system,9263.65,EUR,NL,V9985,low,PO759227,,completed,False,
CASE-00190,INV-000190,Check vendor risk,2026-01-06T07:45:00,Vendor Master Data,System,system,9263.65,EUR,NL,V9985,low,PO759227,,completed,False,
CASE-00190,INV-000190,Check approval threshold,2026-01-06T07:51:00,SAP,System,system,9263.65,EUR,NL,V9985,low,PO759227,,completed,False,
CASE-00190,INV-000190,Auto approve for payment scheduling,2026-01-06T07:57:00,SAP,System,system,9263.65,EUR,NL,V9985,low,PO759227,,completed,False,
CASE-00190,INV-000190,Schedule payment,2026-01-06T14:04:07.623960,Payment System,System,system,9263.65,EUR,NL,V9985,low,PO759227,,completed,False,
CASE-00190,INV-000190,Send remittance notice,2026-01-06T14:10:07.623960,Payment System,System,system,9263.65,EUR,NL,V9985,low,PO759227,,completed,False,
CASE-00190,INV-000190,Invoice paid,2026-01-06T14:16:07.623960,Payment System,System,system,9263.65,EUR,NL,V9985,low,PO759227,,paid,False,
CASE-00191,INV-000191,Invoice received,2026-01-06T06:16:00,Coupa,System,system,16098.72,EUR,DE,V6469,low,PO147157,,completed,False,
CASE-00191,INV-000191,Validate invoice data,2026-01-06T06:40:00,Coupa,AP Clerk,ap12,16098.72,EUR,DE,V6469,low,PO147157,,completed,False,
CASE-00191,INV-000191,Check PO exists,2026-01-06T06:58:00,SAP,System,system,16098.72,EUR,DE,V6469,low,PO147157,,completed,False,
CASE-00191,INV-000191,Run three-way match,2026-01-06T07:28:00,SAP,System,system,16098.72,EUR,DE,V6469,low,PO147157,,completed,False,
CASE-00191,INV-000191,Run duplicate invoice check,2026-01-06T07:40:00,SAP,System,system,16098.72,EUR,DE,V6469,low,PO147157,,completed,False,
CASE-00191,INV-000191,Check vendor risk,2026-01-06T07:52:00,Vendor Master Data,System,system,16098.72,EUR,DE,V6469,low,PO147157,,completed,False,
CASE-00191,INV-000191,Check approval threshold,2026-01-06T07:58:00,SAP,System,system,16098.72,EUR,DE,V6469,low,PO147157,,completed,False,
CASE-00191,INV-000191,Finance manager approval,2026-01-07T19:13:24.445129,SAP,Finance Manager,ap12,16098.72,EUR,DE,V6469,low,PO147157,,completed,False,
CASE-00191,INV-000191,Schedule payment,2026-01-08T03:57:31.963152,Payment System,System,system,16098.72,EUR,DE,V6469,low,PO147157,,completed,False,
CASE-00191,INV-000191,Send remittance notice,2026-01-08T04:03:31.963152,Payment System,System,system,16098.72,EUR,DE,V6469,low,PO147157,,completed,False,
CASE-00191,INV-000191,Invoice paid,2026-01-08T04:09:31.963152,Payment System,System,system,16098.72,EUR,DE,V6469,low,PO147157,,paid,False,
CASE-00192,INV-000192,Invoice received,2026-01-06T06:23:00,Coupa,System,system,3927.79,EUR,NL,V1413,low,PO492349,,completed,False,
CASE-00192,INV-000192,Validate invoice data,2026-01-06T06:47:00,Coupa,AP Clerk,ap14,3927.79,EUR,NL,V1413,low,PO492349,,completed,False,
CASE-00192,INV-000192,Check PO exists,2026-01-06T07:05:00,SAP,System,system,3927.79,EUR,NL,V1413,low,PO492349,,completed,False,
CASE-00192,INV-000192,Create missing PO exception,2026-01-06T07:17:00,ServiceNow,System,system,3927.79,EUR,NL,V1413,low,PO492349,missing_po,completed,False,
CASE-00192,INV-000192,AP review missing PO,2026-01-07T10:56:26.913635,ServiceNow,AP Clerk,ap14,3927.79,EUR,NL,V1413,low,PO492349,missing_po,completed,False,
CASE-00192,INV-000192,Procurement correction,2026-01-08T20:10:59.702576,SAP,Procurement Specialist,ap14,3927.79,EUR,NL,V1413,low,PO492349,missing_po,completed,False,
CASE-00192,INV-000192,Check PO exists,2026-01-08T20:22:59.702576,SAP,System,system,3927.79,EUR,NL,V1413,low,PO492349,missing_po,completed,False,
CASE-00192,INV-000192,Run three-way match,2026-01-08T20:52:59.702576,SAP,System,system,3927.79,EUR,NL,V1413,low,PO492349,,completed,False,
CASE-00192,INV-000192,Run duplicate invoice check,2026-01-08T21:04:59.702576,SAP,System,system,3927.79,EUR,NL,V1413,low,PO492349,,completed,False,
CASE-00192,INV-000192,Check vendor risk,2026-01-08T21:16:59.702576,Vendor Master Data,System,system,3927.79,EUR,NL,V1413,low,PO492349,,completed,False,
CASE-00192,INV-000192,Check approval threshold,2026-01-08T21:22:59.702576,SAP,System,system,3927.79,EUR,NL,V1413,low,PO492349,,completed,False,
CASE-00192,INV-000192,Auto approve for payment scheduling,2026-01-08T21:28:59.702576,SAP,System,system,3927.79,EUR,NL,V1413,low,PO492349,,completed,False,
CASE-00192,INV-000192,Schedule payment,2026-01-09T04:57:00.059014,Payment System,System,system,3927.79,EUR,NL,V1413,low,PO492349,,completed,False,
CASE-00192,INV-000192,Send remittance notice,2026-01-09T05:03:00.059014,Payment System,System,system,3927.79,EUR,NL,V1413,low,PO492349,,completed,False,
CASE-00192,INV-000192,Invoice paid,2026-01-09T05:09:00.059014,Payment System,System,system,3927.79,EUR,NL,V1413,low,PO492349,,paid,False,
CASE-00193,INV-000193,Invoice received,2026-01-06T06:30:00,Coupa,System,system,15485.14,EUR,FR,V3277,medium,PO505383,,completed,False,
CASE-00193,INV-000193,Validate invoice data,2026-01-06T06:54:00,Coupa,AP Clerk,ap15,15485.14,EUR,FR,V3277,medium,PO505383,,completed,False,
CASE-00193,INV-000193,Check PO exists,2026-01-06T07:12:00,SAP,System,system,15485.14,EUR,FR,V3277,medium,PO505383,,completed,False,
CASE-00193,INV-000193,Run three-way match,2026-01-06T07:42:00,SAP,System,system,15485.14,EUR,FR,V3277,medium,PO505383,,completed,False,
CASE-00193,INV-000193,Run duplicate invoice check,2026-01-06T07:54:00,SAP,System,system,15485.14,EUR,FR,V3277,medium,PO505383,,completed,False,
CASE-00193,INV-000193,Check vendor risk,2026-01-06T08:06:00,Vendor Master Data,System,system,15485.14,EUR,FR,V3277,medium,PO505383,,completed,False,
CASE-00193,INV-000193,Check approval threshold,2026-01-06T08:12:00,SAP,System,system,15485.14,EUR,FR,V3277,medium,PO505383,,completed,False,
CASE-00193,INV-000193,Finance manager approval,2026-01-07T16:18:16.986766,SAP,Finance Manager,ap15,15485.14,EUR,FR,V3277,medium,PO505383,,completed,False,
CASE-00193,INV-000193,Schedule payment,2026-01-07T21:54:55.885808,Payment System,System,system,15485.14,EUR,FR,V3277,medium,PO505383,,completed,False,
CASE-00193,INV-000193,Send remittance notice,2026-01-07T22:00:55.885808,Payment System,System,system,15485.14,EUR,FR,V3277,medium,PO505383,,completed,False,
CASE-00193,INV-000193,Invoice paid,2026-01-07T22:06:55.885808,Payment System,System,system,15485.14,EUR,FR,V3277,medium,PO505383,,paid,False,
CASE-00194,INV-000194,Invoice received,2026-01-06T06:37:00,Coupa,System,system,2045.53,EUR,ES,V3679,low,PO295717,,completed,False,
CASE-00194,INV-000194,Validate invoice data,2026-01-06T07:01:00,Coupa,AP Clerk,ap11,2045.53,EUR,ES,V3679,low,PO295717,,completed,False,
CASE-00194,INV-000194,Check PO exists,2026-01-06T07:19:00,SAP,System,system,2045.53,EUR,ES,V3679,low,PO295717,,completed,False,
CASE-00194,INV-000194,Run three-way match,2026-01-06T07:49:00,SAP,System,system,2045.53,EUR,ES,V3679,low,PO295717,,completed,False,
CASE-00194,INV-000194,Run duplicate invoice check,2026-01-06T08:01:00,SAP,System,system,2045.53,EUR,ES,V3679,low,PO295717,,completed,False,
CASE-00194,INV-000194,Check vendor risk,2026-01-06T08:13:00,Vendor Master Data,System,system,2045.53,EUR,ES,V3679,low,PO295717,,completed,False,
CASE-00194,INV-000194,Check approval threshold,2026-01-06T08:19:00,SAP,System,system,2045.53,EUR,ES,V3679,low,PO295717,,completed,False,
CASE-00194,INV-000194,Auto approve for payment scheduling,2026-01-06T08:25:00,SAP,System,system,2045.53,EUR,ES,V3679,low,PO295717,,completed,False,
CASE-00194,INV-000194,Schedule payment,2026-01-06T15:30:34.254242,Payment System,System,system,2045.53,EUR,ES,V3679,low,PO295717,,completed,False,
CASE-00194,INV-000194,Send remittance notice,2026-01-06T15:36:34.254242,Payment System,System,system,2045.53,EUR,ES,V3679,low,PO295717,,completed,False,
CASE-00194,INV-000194,Invoice paid,2026-01-06T15:42:34.254242,Payment System,System,system,2045.53,EUR,ES,V3679,low,PO295717,,paid,False,
CASE-00195,INV-000195,Invoice received,2026-01-06T06:44:00,Coupa,System,system,661.04,EUR,IT,V6028,low,PO590018,,completed,False,
CASE-00195,INV-000195,Validate invoice data,2026-01-06T07:08:00,Coupa,AP Clerk,ap22,661.04,EUR,IT,V6028,low,PO590018,,completed,False,
CASE-00195,INV-000195,Check PO exists,2026-01-06T07:26:00,SAP,System,system,661.04,EUR,IT,V6028,low,PO590018,,completed,False,
CASE-00195,INV-000195,Run three-way match,2026-01-06T07:56:00,SAP,System,system,661.04,EUR,IT,V6028,low,PO590018,,completed,False,
CASE-00195,INV-000195,Run duplicate invoice check,2026-01-06T08:08:00,SAP,System,system,661.04,EUR,IT,V6028,low,PO590018,,completed,False,
CASE-00195,INV-000195,Check vendor risk,2026-01-06T08:20:00,Vendor Master Data,System,system,661.04,EUR,IT,V6028,low,PO590018,,completed,False,
CASE-00195,INV-000195,Check approval threshold,2026-01-06T08:26:00,SAP,System,system,661.04,EUR,IT,V6028,low,PO590018,,completed,False,
CASE-00195,INV-000195,Auto approve for payment scheduling,2026-01-06T08:32:00,SAP,System,system,661.04,EUR,IT,V6028,low,PO590018,,completed,False,
CASE-00195,INV-000195,Schedule payment,2026-01-06T16:02:27.092668,Payment System,System,system,661.04,EUR,IT,V6028,low,PO590018,,completed,False,
CASE-00195,INV-000195,Send remittance notice,2026-01-06T16:08:27.092668,Payment System,System,system,661.04,EUR,IT,V6028,low,PO590018,,completed,False,
CASE-00195,INV-000195,Invoice paid,2026-01-06T16:14:27.092668,Payment System,System,system,661.04,EUR,IT,V6028,low,PO590018,,paid,False,
CASE-00196,INV-000196,Invoice received,2026-01-06T06:51:00,Coupa,System,system,14134.56,EUR,ES,V1342,low,PO495651,,completed,False,
CASE-00196,INV-000196,Validate invoice data,2026-01-06T07:15:00,Coupa,AP Clerk,ap01,14134.56,EUR,ES,V1342,low,PO495651,,completed,False,
CASE-00196,INV-000196,Check PO exists,2026-01-06T07:33:00,SAP,System,system,14134.56,EUR,ES,V1342,low,PO495651,,completed,False,
CASE-00196,INV-000196,Run three-way match,2026-01-06T08:03:00,SAP,System,system,14134.56,EUR,ES,V1342,low,PO495651,,completed,False,
CASE-00196,INV-000196,Run duplicate invoice check,2026-01-06T08:15:00,SAP,System,system,14134.56,EUR,ES,V1342,low,PO495651,,completed,False,
CASE-00196,INV-000196,Check vendor risk,2026-01-06T08:27:00,Vendor Master Data,System,system,14134.56,EUR,ES,V1342,low,PO495651,,completed,False,
CASE-00196,INV-000196,Check approval threshold,2026-01-06T08:33:00,SAP,System,system,14134.56,EUR,ES,V1342,low,PO495651,,completed,False,
CASE-00196,INV-000196,Finance manager approval,2026-01-07T05:02:54.035706,SAP,Finance Manager,ap01,14134.56,EUR,ES,V1342,low,PO495651,,completed,False,
CASE-00196,INV-000196,Schedule payment,2026-01-07T10:52:04.515773,Payment System,System,system,14134.56,EUR,ES,V1342,low,PO495651,,completed,False,
CASE-00196,INV-000196,Send remittance notice,2026-01-07T10:58:04.515773,Payment System,System,system,14134.56,EUR,ES,V1342,low,PO495651,,completed,False,
CASE-00196,INV-000196,Invoice paid,2026-01-07T11:04:04.515773,Payment System,System,system,14134.56,EUR,ES,V1342,low,PO495651,,paid,False,
CASE-00197,INV-000197,Invoice received,2026-01-06T06:58:00,Coupa,System,system,8596.14,EUR,ES,V9824,low,PO667865,,completed,False,
CASE-00197,INV-000197,Validate invoice data,2026-01-06T07:22:00,Coupa,AP Clerk,ap08,8596.14,EUR,ES,V9824,low,PO667865,,completed,False,
CASE-00197,INV-000197,Manual Email Review,2026-01-07T03:58:28.842696,Email and Excel,AP Clerk,ap08,8596.14,EUR,ES,V9824,low,PO667865,,completed,True,Manual Email Review
CASE-00197,INV-000197,Check PO exists,2026-01-07T04:16:28.842696,SAP,System,system,8596.14,EUR,ES,V9824,low,PO667865,,completed,False,
CASE-00197,INV-000197,Run three-way match,2026-01-07T04:46:28.842696,SAP,System,system,8596.14,EUR,ES,V9824,low,PO667865,,completed,False,
CASE-00197,INV-000197,Classify exception,2026-01-07T04:58:28.842696,ServiceNow,AP Clerk,ap08,8596.14,EUR,ES,V9824,low,PO667865,price_mismatch,completed,False,
CASE-00197,INV-000197,Create price mismatch ticket,2026-01-07T05:10:28.842696,ServiceNow,System,system,8596.14,EUR,ES,V9824,low,PO667865,price_mismatch,completed,False,
CASE-00197,INV-000197,AP review price mismatch,2026-01-10T17:44:34.594073,ServiceNow,AP Clerk,ap08,8596.14,EUR,ES,V9824,low,PO667865,price_mismatch,completed,False,
CASE-00197,INV-000197,Correction for price mismatch,2026-01-11T05:05:46.880839,SAP,Procurement Specialist,ap08,8596.14,EUR,ES,V9824,low,PO667865,price_mismatch,completed,False,
CASE-00197,INV-000197,Run three-way match,2026-01-11T05:29:46.880839,SAP,System,system,8596.14,EUR,ES,V9824,low,PO667865,price_mismatch,completed,False,
CASE-00197,INV-000197,Run duplicate invoice check,2026-01-11T05:41:46.880839,SAP,System,system,8596.14,EUR,ES,V9824,low,PO667865,,completed,False,
CASE-00197,INV-000197,Check vendor risk,2026-01-11T05:53:46.880839,Vendor Master Data,System,system,8596.14,EUR,ES,V9824,low,PO667865,,completed,False,
CASE-00197,INV-000197,Check approval threshold,2026-01-11T05:59:46.880839,SAP,System,system,8596.14,EUR,ES,V9824,low,PO667865,,completed,False,
CASE-00197,INV-000197,Auto approve for payment scheduling,2026-01-11T06:05:46.880839,SAP,System,system,8596.14,EUR,ES,V9824,low,PO667865,,completed,False,
CASE-00197,INV-000197,Schedule payment,2026-01-11T13:25:24.282612,Payment System,System,system,8596.14,EUR,ES,V9824,low,PO667865,,completed,False,
CASE-00197,INV-000197,Send remittance notice,2026-01-11T13:31:24.282612,Payment System,System,system,8596.14,EUR,ES,V9824,low,PO667865,,completed,False,
CASE-00197,INV-000197,Invoice paid,2026-01-11T13:37:24.282612,Payment System,System,system,8596.14,EUR,ES,V9824,low,PO667865,,paid,False,
CASE-00198,INV-000198,Invoice received,2026-01-06T07:05:00,Coupa,System,system,1941.9,EUR,NL,V3511,low,PO100538,,completed,False,
CASE-00198,INV-000198,Validate invoice data,2026-01-06T07:29:00,Coupa,AP Clerk,ap10,1941.9,EUR,NL,V3511,low,PO100538,,completed,False,
CASE-00198,INV-000198,Check PO exists,2026-01-06T07:47:00,SAP,System,system,1941.9,EUR,NL,V3511,low,PO100538,,completed,False,
CASE-00198,INV-000198,Run three-way match,2026-01-06T08:17:00,SAP,System,system,1941.9,EUR,NL,V3511,low,PO100538,,completed,False,
CASE-00198,INV-000198,Run duplicate invoice check,2026-01-06T08:29:00,SAP,System,system,1941.9,EUR,NL,V3511,low,PO100538,,completed,False,
CASE-00198,INV-000198,Block invoice,2026-01-06T08:35:00,SAP,System,system,1941.9,EUR,NL,V3511,low,PO100538,duplicate,completed,False,
CASE-00198,INV-000198,Finance controller review,2026-01-06T21:27:47.785942,SAP,Finance Controller,ap10,1941.9,EUR,NL,V3511,low,PO100538,duplicate,completed,False,
CASE-00198,INV-000198,Invoice rejected,2026-01-06T21:33:47.785942,SAP,System,system,1941.9,EUR,NL,V3511,low,PO100538,duplicate,rejected,False,
CASE-00199,INV-000199,Invoice received,2026-01-06T07:12:00,Coupa,System,system,4625.51,EUR,ES,V4430,low,PO432352,,completed,False,
CASE-00199,INV-000199,Validate invoice data,2026-01-06T07:36:00,Coupa,AP Clerk,ap23,4625.51,EUR,ES,V4430,low,PO432352,,completed,False,
CASE-00199,INV-000199,Check PO exists,2026-01-06T07:54:00,SAP,System,system,4625.51,EUR,ES,V4430,low,PO432352,,completed,False,
CASE-00199,INV-000199,Run three-way match,2026-01-06T08:24:00,SAP,System,system,4625.51,EUR,ES,V4430,low,PO432352,,completed,False,
CASE-00199,INV-000199,Run duplicate invoice check,2026-01-06T08:36:00,SAP,System,system,4625.51,EUR,ES,V4430,low,PO432352,,completed,False,
CASE-00199,INV-000199,Check vendor risk,2026-01-06T08:48:00,Vendor Master Data,System,system,4625.51,EUR,ES,V4430,low,PO432352,,completed,False,
CASE-00199,INV-000199,Check approval threshold,2026-01-06T08:54:00,SAP,System,system,4625.51,EUR,ES,V4430,low,PO432352,,completed,False,
CASE-00199,INV-000199,Auto approve for payment scheduling,2026-01-06T09:00:00,SAP,System,system,4625.51,EUR,ES,V4430,low,PO432352,,completed,False,
CASE-00199,INV-000199,Schedule payment,2026-01-06T19:08:05.895669,Payment System,System,system,4625.51,EUR,ES,V4430,low,PO432352,,completed,False,
CASE-00199,INV-000199,Send remittance notice,2026-01-06T19:14:05.895669,Payment System,System,system,4625.51,EUR,ES,V4430,low,PO432352,,completed,False,
CASE-00199,INV-000199,Invoice paid,2026-01-06T19:20:05.895669,Payment System,System,system,4625.51,EUR,ES,V4430,low,PO432352,,paid,False,
CASE-00200,INV-000200,Invoice received,2026-01-06T07:19:00,Coupa,System,system,21198.9,EUR,ES,V1344,low,PO319518,,completed,False,
CASE-00200,INV-000200,Validate invoice data,2026-01-06T07:43:00,Coupa,AP Clerk,ap25,21198.9,EUR,ES,V1344,low,PO319518,,completed,False,
CASE-00200,INV-000200,Check PO exists,2026-01-06T08:01:00,SAP,System,system,21198.9,EUR,ES,V1344,low,PO319518,,completed,False,
CASE-00200,INV-000200,Run three-way match,2026-01-06T08:31:00,SAP,System,system,21198.9,EUR,ES,V1344,low,PO319518,,completed,False,
CASE-00200,INV-000200,Run duplicate invoice check,2026-01-06T08:43:00,SAP,System,system,21198.9,EUR,ES,V1344,low,PO319518,,completed,False,
CASE-00200,INV-000200,Check vendor risk,2026-01-06T08:55:00,Vendor Master Data,System,system,21198.9,EUR,ES,V1344,low,PO319518,,completed,False,
CASE-00200,INV-000200,Check approval threshold,2026-01-06T09:01:00,SAP,System,system,21198.9,EUR,ES,V1344,low,PO319518,,completed,False,
CASE-00200,INV-000200,Finance manager approval,2026-01-08T02:00:28.723118,SAP,Finance Manager,ap25,21198.9,EUR,ES,V1344,low,PO319518,,completed,False,
CASE-00200,INV-000200,Schedule payment,2026-01-08T11:36:43.698263,Payment System,System,system,21198.9,EUR,ES,V1344,low,PO319518,,completed,False,
CASE-00200,INV-000200,Send remittance notice,2026-01-08T11:42:43.698263,Payment System,System,system,21198.9,EUR,ES,V1344,low,PO319518,,completed,False,
CASE-00200,INV-000200,Invoice paid,2026-01-08T11:48:43.698263,Payment System,System,system,21198.9,EUR,ES,V1344,low,PO319518,,paid,False,
CASE-00201,INV-000201,Invoice received,2026-01-06T07:26:00,Coupa,System,system,15078.23,EUR,IT,V7496,medium,PO388692,,completed,False,
CASE-00201,INV-000201,Validate invoice data,2026-01-06T07:50:00,Coupa,AP Clerk,ap07,15078.23,EUR,IT,V7496,medium,PO388692,,completed,False,
CASE-00201,INV-000201,Check PO exists,2026-01-06T08:08:00,SAP,System,system,15078.23,EUR,IT,V7496,medium,PO388692,,completed,False,
CASE-00201,INV-000201,Run three-way match,2026-01-06T08:38:00,SAP,System,system,15078.23,EUR,IT,V7496,medium,PO388692,,completed,False,
CASE-00201,INV-000201,Classify exception,2026-01-06T08:50:00,ServiceNow,AP Clerk,ap07,15078.23,EUR,IT,V7496,medium,PO388692,price_mismatch,completed,False,
CASE-00201,INV-000201,Create price mismatch ticket,2026-01-06T09:02:00,ServiceNow,System,system,15078.23,EUR,IT,V7496,medium,PO388692,price_mismatch,completed,False,
CASE-00201,INV-000201,AP review price mismatch,2026-01-11T08:19:29.963612,ServiceNow,AP Clerk,ap07,15078.23,EUR,IT,V7496,medium,PO388692,price_mismatch,completed,False,
CASE-00201,INV-000201,Correction for price mismatch,2026-01-11T21:05:28.989475,SAP,Procurement Specialist,ap07,15078.23,EUR,IT,V7496,medium,PO388692,price_mismatch,completed,False,
CASE-00201,INV-000201,Run three-way match,2026-01-11T21:29:28.989475,SAP,System,system,15078.23,EUR,IT,V7496,medium,PO388692,price_mismatch,completed,False,
CASE-00201,INV-000201,Run duplicate invoice check,2026-01-11T21:41:28.989475,SAP,System,system,15078.23,EUR,IT,V7496,medium,PO388692,,completed,False,
CASE-00201,INV-000201,Check vendor risk,2026-01-11T21:53:28.989475,Vendor Master Data,System,system,15078.23,EUR,IT,V7496,medium,PO388692,,completed,False,
CASE-00201,INV-000201,Check approval threshold,2026-01-11T21:59:28.989475,SAP,System,system,15078.23,EUR,IT,V7496,medium,PO388692,,completed,False,
CASE-00201,INV-000201,Finance manager approval,2026-01-12T06:08:23.444139,SAP,Finance Manager,ap07,15078.23,EUR,IT,V7496,medium,PO388692,,completed,False,
CASE-00201,INV-000201,Schedule payment,2026-01-12T13:12:36.810216,Payment System,System,system,15078.23,EUR,IT,V7496,medium,PO388692,,completed,False,
CASE-00201,INV-000201,Send remittance notice,2026-01-12T13:18:36.810216,Payment System,System,system,15078.23,EUR,IT,V7496,medium,PO388692,,completed,False,
CASE-00201,INV-000201,Invoice paid,2026-01-12T13:24:36.810216,Payment System,System,system,15078.23,EUR,IT,V7496,medium,PO388692,,paid,False,
CASE-00202,INV-000202,Invoice received,2026-01-06T07:33:00,Coupa,System,system,21389.51,EUR,NL,V9032,low,PO618963,,completed,False,
CASE-00202,INV-000202,Validate invoice data,2026-01-06T07:57:00,Coupa,AP Clerk,ap02,21389.51,EUR,NL,V9032,low,PO618963,,completed,False,
CASE-00202,INV-000202,Check PO exists,2026-01-06T08:15:00,SAP,System,system,21389.51,EUR,NL,V9032,low,PO618963,,completed,False,
CASE-00202,INV-000202,Run three-way match,2026-01-06T08:45:00,SAP,System,system,21389.51,EUR,NL,V9032,low,PO618963,,completed,False,
CASE-00202,INV-000202,Classify exception,2026-01-06T08:57:00,ServiceNow,AP Clerk,ap02,21389.51,EUR,NL,V9032,low,PO618963,price_mismatch,completed,False,
CASE-00202,INV-000202,Create price mismatch ticket,2026-01-06T09:09:00,ServiceNow,System,system,21389.51,EUR,NL,V9032,low,PO618963,price_mismatch,completed,False,
CASE-00202,INV-000202,AP review price mismatch,2026-01-10T02:19:22.374352,ServiceNow,AP Clerk,ap02,21389.51,EUR,NL,V9032,low,PO618963,price_mismatch,completed,False,
CASE-00202,INV-000202,Correction for price mismatch,2026-01-10T15:31:43.091113,SAP,Procurement Specialist,ap02,21389.51,EUR,NL,V9032,low,PO618963,price_mismatch,completed,False,
CASE-00202,INV-000202,Run three-way match,2026-01-10T15:55:43.091113,SAP,System,system,21389.51,EUR,NL,V9032,low,PO618963,price_mismatch,completed,False,
CASE-00202,INV-000202,Run duplicate invoice check,2026-01-10T16:07:43.091113,SAP,System,system,21389.51,EUR,NL,V9032,low,PO618963,,completed,False,
CASE-00202,INV-000202,Check vendor risk,2026-01-10T16:19:43.091113,Vendor Master Data,System,system,21389.51,EUR,NL,V9032,low,PO618963,,completed,False,
CASE-00202,INV-000202,Check approval threshold,2026-01-10T16:25:43.091113,SAP,System,system,21389.51,EUR,NL,V9032,low,PO618963,,completed,False,
CASE-00202,INV-000202,Finance manager approval,2026-01-11T08:15:08.953485,SAP,Finance Manager,ap02,21389.51,EUR,NL,V9032,low,PO618963,,completed,False,
CASE-00202,INV-000202,Schedule payment,2026-01-11T12:37:40.394577,Payment System,System,system,21389.51,EUR,NL,V9032,low,PO618963,,completed,False,
CASE-00202,INV-000202,Send remittance notice,2026-01-11T12:43:40.394577,Payment System,System,system,21389.51,EUR,NL,V9032,low,PO618963,,completed,False,
CASE-00202,INV-000202,Invoice paid,2026-01-11T12:49:40.394577,Payment System,System,system,21389.51,EUR,NL,V9032,low,PO618963,,paid,False,
CASE-00203,INV-000203,Invoice received,2026-01-06T07:40:00,Coupa,System,system,3346.29,EUR,ES,V6709,low,PO677151,,completed,False,
CASE-00203,INV-000203,Validate invoice data,2026-01-06T08:04:00,Coupa,AP Clerk,ap22,3346.29,EUR,ES,V6709,low,PO677151,,completed,False,
CASE-00203,INV-000203,Manual Email Review,2026-01-07T16:40:54.814660,Email and Excel,AP Clerk,ap22,3346.29,EUR,ES,V6709,low,PO677151,,completed,True,Manual Email Review
CASE-00203,INV-000203,Check PO exists,2026-01-07T16:58:54.814660,SAP,System,system,3346.29,EUR,ES,V6709,low,PO677151,,completed,False,
CASE-00203,INV-000203,Run three-way match,2026-01-07T17:28:54.814660,SAP,System,system,3346.29,EUR,ES,V6709,low,PO677151,,completed,False,
CASE-00203,INV-000203,Classify exception,2026-01-07T17:40:54.814660,ServiceNow,AP Clerk,ap22,3346.29,EUR,ES,V6709,low,PO677151,missing_gr,completed,False,
CASE-00203,INV-000203,Request goods receipt confirmation,2026-01-08T10:35:43.305222,SAP,Procurement Specialist,ap22,3346.29,EUR,ES,V6709,low,PO677151,missing_gr,completed,False,
CASE-00203,INV-000203,Run three-way match,2026-01-08T10:59:43.305222,SAP,System,system,3346.29,EUR,ES,V6709,low,PO677151,missing_gr,completed,False,
CASE-00203,INV-000203,Run duplicate invoice check,2026-01-08T11:11:43.305222,SAP,System,system,3346.29,EUR,ES,V6709,low,PO677151,,completed,False,
CASE-00203,INV-000203,Check vendor risk,2026-01-08T11:23:43.305222,Vendor Master Data,System,system,3346.29,EUR,ES,V6709,low,PO677151,,completed,False,
CASE-00203,INV-000203,Check approval threshold,2026-01-08T11:29:43.305222,SAP,System,system,3346.29,EUR,ES,V6709,low,PO677151,,completed,False,
CASE-00203,INV-000203,Auto approve for payment scheduling,2026-01-08T11:35:43.305222,SAP,System,system,3346.29,EUR,ES,V6709,low,PO677151,,completed,False,
CASE-00203,INV-000203,Schedule payment,2026-01-08T19:24:41.146100,Payment System,System,system,3346.29,EUR,ES,V6709,low,PO677151,,completed,False,
CASE-00203,INV-000203,Send remittance notice,2026-01-08T19:30:41.146100,Payment System,System,system,3346.29,EUR,ES,V6709,low,PO677151,,completed,False,
CASE-00203,INV-000203,Invoice paid,2026-01-08T19:36:41.146100,Payment System,System,system,3346.29,EUR,ES,V6709,low,PO677151,,paid,False,
CASE-00204,INV-000204,Invoice received,2026-01-06T07:47:00,Coupa,System,system,3781.54,EUR,IT,V7474,low,PO694740,,completed,False,
CASE-00204,INV-000204,Validate invoice data,2026-01-06T08:11:00,Coupa,AP Clerk,ap20,3781.54,EUR,IT,V7474,low,PO694740,,completed,False,
CASE-00204,INV-000204,Check PO exists,2026-01-06T08:29:00,SAP,System,system,3781.54,EUR,IT,V7474,low,PO694740,,completed,False,
CASE-00204,INV-000204,Create missing PO exception,2026-01-06T08:41:00,ServiceNow,System,system,3781.54,EUR,IT,V7474,low,PO694740,missing_po,completed,False,
CASE-00204,INV-000204,AP review missing PO,2026-01-09T12:01:58.952623,ServiceNow,AP Clerk,ap20,3781.54,EUR,IT,V7474,low,PO694740,missing_po,completed,False,
CASE-00204,INV-000204,Procurement correction,2026-01-10T02:13:35.595037,SAP,Procurement Specialist,ap20,3781.54,EUR,IT,V7474,low,PO694740,missing_po,completed,False,
CASE-00204,INV-000204,Check PO exists,2026-01-10T02:25:35.595037,SAP,System,system,3781.54,EUR,IT,V7474,low,PO694740,missing_po,completed,False,
CASE-00204,INV-000204,Run three-way match,2026-01-10T02:55:35.595037,SAP,System,system,3781.54,EUR,IT,V7474,low,PO694740,,completed,False,
CASE-00204,INV-000204,Run duplicate invoice check,2026-01-10T03:07:35.595037,SAP,System,system,3781.54,EUR,IT,V7474,low,PO694740,,completed,False,
CASE-00204,INV-000204,Check vendor risk,2026-01-10T03:19:35.595037,Vendor Master Data,System,system,3781.54,EUR,IT,V7474,low,PO694740,,completed,False,
CASE-00204,INV-000204,Check approval threshold,2026-01-10T03:25:35.595037,SAP,System,system,3781.54,EUR,IT,V7474,low,PO694740,,completed,False,
CASE-00204,INV-000204,Auto approve for payment scheduling,2026-01-10T03:31:35.595037,SAP,System,system,3781.54,EUR,IT,V7474,low,PO694740,,completed,False,
CASE-00204,INV-000204,Schedule payment,2026-01-10T10:56:08.940645,Payment System,System,system,3781.54,EUR,IT,V7474,low,PO694740,,completed,False,
CASE-00204,INV-000204,Send remittance notice,2026-01-10T11:02:08.940645,Payment System,System,system,3781.54,EUR,IT,V7474,low,PO694740,,completed,False,
CASE-00204,INV-000204,Invoice paid,2026-01-10T11:08:08.940645,Payment System,System,system,3781.54,EUR,IT,V7474,low,PO694740,,paid,False,
CASE-00205,INV-000205,Invoice received,2026-01-06T07:54:00,Coupa,System,system,3037.6,EUR,DE,V8260,medium,PO411428,,completed,False,
CASE-00205,INV-000205,Validate invoice data,2026-01-06T08:18:00,Coupa,AP Clerk,ap07,3037.6,EUR,DE,V8260,medium,PO411428,,completed,False,
CASE-00205,INV-000205,Check PO exists,2026-01-06T08:36:00,SAP,System,system,3037.6,EUR,DE,V8260,medium,PO411428,,completed,False,
CASE-00205,INV-000205,Run three-way match,2026-01-06T09:06:00,SAP,System,system,3037.6,EUR,DE,V8260,medium,PO411428,,completed,False,
CASE-00205,INV-000205,Run duplicate invoice check,2026-01-06T09:18:00,SAP,System,system,3037.6,EUR,DE,V8260,medium,PO411428,,completed,False,
CASE-00205,INV-000205,Check vendor risk,2026-01-06T09:30:00,Vendor Master Data,System,system,3037.6,EUR,DE,V8260,medium,PO411428,,completed,False,
CASE-00205,INV-000205,Check approval threshold,2026-01-06T09:36:00,SAP,System,system,3037.6,EUR,DE,V8260,medium,PO411428,,completed,False,
CASE-00205,INV-000205,Auto approve for payment scheduling,2026-01-06T09:42:00,SAP,System,system,3037.6,EUR,DE,V8260,medium,PO411428,,completed,False,
CASE-00205,INV-000205,Schedule payment,2026-01-06T15:43:05.077555,Payment System,System,system,3037.6,EUR,DE,V8260,medium,PO411428,,completed,False,
CASE-00205,INV-000205,Send remittance notice,2026-01-06T15:49:05.077555,Payment System,System,system,3037.6,EUR,DE,V8260,medium,PO411428,,completed,False,
CASE-00205,INV-000205,Invoice paid,2026-01-06T15:55:05.077555,Payment System,System,system,3037.6,EUR,DE,V8260,medium,PO411428,,paid,False,
CASE-00206,INV-000206,Invoice received,2026-01-06T08:01:00,Coupa,System,system,15222.63,EUR,ES,V8906,low,PO144114,,completed,False,
CASE-00206,INV-000206,Validate invoice data,2026-01-06T08:25:00,Coupa,AP Clerk,ap17,15222.63,EUR,ES,V8906,low,PO144114,,completed,False,
CASE-00206,INV-000206,Check PO exists,2026-01-06T08:43:00,SAP,System,system,15222.63,EUR,ES,V8906,low,PO144114,,completed,False,
CASE-00206,INV-000206,Run three-way match,2026-01-06T09:13:00,SAP,System,system,15222.63,EUR,ES,V8906,low,PO144114,,completed,False,
CASE-00206,INV-000206,Run duplicate invoice check,2026-01-06T09:25:00,SAP,System,system,15222.63,EUR,ES,V8906,low,PO144114,,completed,False,
CASE-00206,INV-000206,Check vendor risk,2026-01-06T09:37:00,Vendor Master Data,System,system,15222.63,EUR,ES,V8906,low,PO144114,,completed,False,
CASE-00206,INV-000206,Check approval threshold,2026-01-06T09:43:00,SAP,System,system,15222.63,EUR,ES,V8906,low,PO144114,,completed,False,
CASE-00206,INV-000206,Finance manager approval,2026-01-07T02:00:27.222994,SAP,Finance Manager,ap17,15222.63,EUR,ES,V8906,low,PO144114,,completed,False,
CASE-00206,INV-000206,Schedule payment,2026-01-07T12:40:49.005342,Payment System,System,system,15222.63,EUR,ES,V8906,low,PO144114,,completed,False,
CASE-00206,INV-000206,Send remittance notice,2026-01-07T12:46:49.005342,Payment System,System,system,15222.63,EUR,ES,V8906,low,PO144114,,completed,False,
CASE-00206,INV-000206,Invoice paid,2026-01-07T12:52:49.005342,Payment System,System,system,15222.63,EUR,ES,V8906,low,PO144114,,paid,False,
CASE-00207,INV-000207,Invoice received,2026-01-06T08:08:00,Coupa,System,system,6141.52,EUR,DE,V5482,medium,PO363103,,completed,False,
CASE-00207,INV-000207,Validate invoice data,2026-01-06T08:32:00,Coupa,AP Clerk,ap07,6141.52,EUR,DE,V5482,medium,PO363103,,completed,False,
CASE-00207,INV-000207,Check PO exists,2026-01-06T08:50:00,SAP,System,system,6141.52,EUR,DE,V5482,medium,PO363103,,completed,False,
CASE-00207,INV-000207,Run three-way match,2026-01-06T09:20:00,SAP,System,system,6141.52,EUR,DE,V5482,medium,PO363103,,completed,False,
CASE-00207,INV-000207,Run duplicate invoice check,2026-01-06T09:32:00,SAP,System,system,6141.52,EUR,DE,V5482,medium,PO363103,,completed,False,
CASE-00207,INV-000207,Check vendor risk,2026-01-06T09:44:00,Vendor Master Data,System,system,6141.52,EUR,DE,V5482,medium,PO363103,,completed,False,
CASE-00207,INV-000207,Check approval threshold,2026-01-06T09:50:00,SAP,System,system,6141.52,EUR,DE,V5482,medium,PO363103,,completed,False,
CASE-00207,INV-000207,Auto approve for payment scheduling,2026-01-06T09:56:00,SAP,System,system,6141.52,EUR,DE,V5482,medium,PO363103,,completed,False,
CASE-00207,INV-000207,Schedule payment,2026-01-06T19:39:50.146573,Payment System,System,system,6141.52,EUR,DE,V5482,medium,PO363103,,completed,False,
CASE-00207,INV-000207,Send remittance notice,2026-01-06T19:45:50.146573,Payment System,System,system,6141.52,EUR,DE,V5482,medium,PO363103,,completed,False,
CASE-00207,INV-000207,Invoice paid,2026-01-06T19:51:50.146573,Payment System,System,system,6141.52,EUR,DE,V5482,medium,PO363103,,paid,False,
CASE-00208,INV-000208,Invoice received,2026-01-06T08:15:00,Coupa,System,system,8311.42,EUR,ES,V8746,low,PO732322,,completed,False,
CASE-00208,INV-000208,Validate invoice data,2026-01-06T08:39:00,Coupa,AP Clerk,ap09,8311.42,EUR,ES,V8746,low,PO732322,,completed,False,
CASE-00208,INV-000208,Manual Email Review,2026-01-07T17:43:08.467855,Email and Excel,AP Clerk,ap09,8311.42,EUR,ES,V8746,low,PO732322,,completed,True,Manual Email Review
CASE-00208,INV-000208,Check PO exists,2026-01-07T18:01:08.467855,SAP,System,system,8311.42,EUR,ES,V8746,low,PO732322,,completed,False,
CASE-00208,INV-000208,Run three-way match,2026-01-07T18:31:08.467855,SAP,System,system,8311.42,EUR,ES,V8746,low,PO732322,,completed,False,
CASE-00208,INV-000208,Run duplicate invoice check,2026-01-07T18:43:08.467855,SAP,System,system,8311.42,EUR,ES,V8746,low,PO732322,,completed,False,
CASE-00208,INV-000208,Check vendor risk,2026-01-07T18:55:08.467855,Vendor Master Data,System,system,8311.42,EUR,ES,V8746,low,PO732322,,completed,False,
CASE-00208,INV-000208,Check approval threshold,2026-01-07T19:01:08.467855,SAP,System,system,8311.42,EUR,ES,V8746,low,PO732322,,completed,False,
CASE-00208,INV-000208,Auto approve for payment scheduling,2026-01-07T19:07:08.467855,SAP,System,system,8311.42,EUR,ES,V8746,low,PO732322,,completed,False,
CASE-00208,INV-000208,Schedule payment,2026-01-08T02:28:50.681659,Payment System,System,system,8311.42,EUR,ES,V8746,low,PO732322,,completed,False,
CASE-00208,INV-000208,Send remittance notice,2026-01-08T02:34:50.681659,Payment System,System,system,8311.42,EUR,ES,V8746,low,PO732322,,completed,False,
CASE-00208,INV-000208,Invoice paid,2026-01-08T02:40:50.681659,Payment System,System,system,8311.42,EUR,ES,V8746,low,PO732322,,paid,False,
CASE-00209,INV-000209,Invoice received,2026-01-06T08:22:00,Coupa,System,system,4100.55,EUR,NL,V8356,medium,PO142981,,completed,False,
CASE-00209,INV-000209,Validate invoice data,2026-01-06T08:46:00,Coupa,AP Clerk,ap08,4100.55,EUR,NL,V8356,medium,PO142981,,completed,False,
CASE-00209,INV-000209,Check PO exists,2026-01-06T09:04:00,SAP,System,system,4100.55,EUR,NL,V8356,medium,PO142981,,completed,False,
CASE-00209,INV-000209,Run three-way match,2026-01-06T09:34:00,SAP,System,system,4100.55,EUR,NL,V8356,medium,PO142981,,completed,False,
CASE-00209,INV-000209,Run duplicate invoice check,2026-01-06T09:46:00,SAP,System,system,4100.55,EUR,NL,V8356,medium,PO142981,,completed,False,
CASE-00209,INV-000209,Check vendor risk,2026-01-06T09:58:00,Vendor Master Data,System,system,4100.55,EUR,NL,V8356,medium,PO142981,,completed,False,
CASE-00209,INV-000209,Check approval threshold,2026-01-06T10:04:00,SAP,System,system,4100.55,EUR,NL,V8356,medium,PO142981,,completed,False,
CASE-00209,INV-000209,Auto approve for payment scheduling,2026-01-06T10:10:00,SAP,System,system,4100.55,EUR,NL,V8356,medium,PO142981,,completed,False,
CASE-00209,INV-000209,Schedule payment,2026-01-06T16:19:47.515366,Payment System,System,system,4100.55,EUR,NL,V8356,medium,PO142981,,completed,False,
CASE-00209,INV-000209,Send remittance notice,2026-01-06T16:25:47.515366,Payment System,System,system,4100.55,EUR,NL,V8356,medium,PO142981,,completed,False,
CASE-00209,INV-000209,Invoice paid,2026-01-06T16:31:47.515366,Payment System,System,system,4100.55,EUR,NL,V8356,medium,PO142981,,paid,False,
CASE-00210,INV-000210,Invoice received,2026-01-06T08:29:00,Coupa,System,system,663.92,EUR,FR,V9611,medium,PO221373,,completed,False,
CASE-00210,INV-000210,Validate invoice data,2026-01-06T08:53:00,Coupa,AP Clerk,ap02,663.92,EUR,FR,V9611,medium,PO221373,,completed,False,
CASE-00210,INV-000210,Check PO exists,2026-01-06T09:11:00,SAP,System,system,663.92,EUR,FR,V9611,medium,PO221373,,completed,False,
CASE-00210,INV-000210,Run three-way match,2026-01-06T09:41:00,SAP,System,system,663.92,EUR,FR,V9611,medium,PO221373,,completed,False,
CASE-00210,INV-000210,Run duplicate invoice check,2026-01-06T09:53:00,SAP,System,system,663.92,EUR,FR,V9611,medium,PO221373,,completed,False,
CASE-00210,INV-000210,Check vendor risk,2026-01-06T10:05:00,Vendor Master Data,System,system,663.92,EUR,FR,V9611,medium,PO221373,,completed,False,
CASE-00210,INV-000210,Check approval threshold,2026-01-06T10:11:00,SAP,System,system,663.92,EUR,FR,V9611,medium,PO221373,,completed,False,
CASE-00210,INV-000210,Auto approve for payment scheduling,2026-01-06T10:17:00,SAP,System,system,663.92,EUR,FR,V9611,medium,PO221373,,completed,False,
CASE-00210,INV-000210,Schedule payment,2026-01-06T19:39:13.373029,Payment System,System,system,663.92,EUR,FR,V9611,medium,PO221373,,completed,False,
CASE-00210,INV-000210,Send remittance notice,2026-01-06T19:45:13.373029,Payment System,System,system,663.92,EUR,FR,V9611,medium,PO221373,,completed,False,
CASE-00210,INV-000210,Invoice paid,2026-01-06T19:51:13.373029,Payment System,System,system,663.92,EUR,FR,V9611,medium,PO221373,,paid,False,
CASE-00211,INV-000211,Invoice received,2026-01-06T08:36:00,Coupa,System,system,3041.91,EUR,FR,V9536,low,PO525952,,completed,False,
CASE-00211,INV-000211,Validate invoice data,2026-01-06T09:00:00,Coupa,AP Clerk,ap11,3041.91,EUR,FR,V9536,low,PO525952,,completed,False,
CASE-00211,INV-000211,Check PO exists,2026-01-06T09:18:00,SAP,System,system,3041.91,EUR,FR,V9536,low,PO525952,,completed,False,
CASE-00211,INV-000211,Run three-way match,2026-01-06T09:48:00,SAP,System,system,3041.91,EUR,FR,V9536,low,PO525952,,completed,False,
CASE-00211,INV-000211,Run duplicate invoice check,2026-01-06T10:00:00,SAP,System,system,3041.91,EUR,FR,V9536,low,PO525952,,completed,False,
CASE-00211,INV-000211,Check vendor risk,2026-01-06T10:12:00,Vendor Master Data,System,system,3041.91,EUR,FR,V9536,low,PO525952,,completed,False,
CASE-00211,INV-000211,Check approval threshold,2026-01-06T10:18:00,SAP,System,system,3041.91,EUR,FR,V9536,low,PO525952,,completed,False,
CASE-00211,INV-000211,Auto approve for payment scheduling,2026-01-06T10:24:00,SAP,System,system,3041.91,EUR,FR,V9536,low,PO525952,,completed,False,
CASE-00211,INV-000211,Schedule payment,2026-01-06T22:23:40.748671,Payment System,System,system,3041.91,EUR,FR,V9536,low,PO525952,,completed,False,
CASE-00211,INV-000211,Send remittance notice,2026-01-06T22:29:40.748671,Payment System,System,system,3041.91,EUR,FR,V9536,low,PO525952,,completed,False,
CASE-00211,INV-000211,Invoice paid,2026-01-06T22:35:40.748671,Payment System,System,system,3041.91,EUR,FR,V9536,low,PO525952,,paid,False,
CASE-00212,INV-000212,Invoice received,2026-01-06T08:43:00,Coupa,System,system,1465.51,EUR,NL,V3742,low,PO791294,,completed,False,
CASE-00212,INV-000212,Validate invoice data,2026-01-06T09:07:00,Coupa,AP Clerk,ap21,1465.51,EUR,NL,V3742,low,PO791294,,completed,False,
CASE-00212,INV-000212,Manual Email Review,2026-01-07T18:18:45.334609,Email and Excel,AP Clerk,ap21,1465.51,EUR,NL,V3742,low,PO791294,,completed,True,Manual Email Review
CASE-00212,INV-000212,Check PO exists,2026-01-07T18:36:45.334609,SAP,System,system,1465.51,EUR,NL,V3742,low,PO791294,,completed,False,
CASE-00212,INV-000212,Run three-way match,2026-01-07T19:06:45.334609,SAP,System,system,1465.51,EUR,NL,V3742,low,PO791294,,completed,False,
CASE-00212,INV-000212,Run duplicate invoice check,2026-01-07T19:18:45.334609,SAP,System,system,1465.51,EUR,NL,V3742,low,PO791294,,completed,False,
CASE-00212,INV-000212,Check vendor risk,2026-01-07T19:30:45.334609,Vendor Master Data,System,system,1465.51,EUR,NL,V3742,low,PO791294,,completed,False,
CASE-00212,INV-000212,Check approval threshold,2026-01-07T19:36:45.334609,SAP,System,system,1465.51,EUR,NL,V3742,low,PO791294,,completed,False,
CASE-00212,INV-000212,Auto approve for payment scheduling,2026-01-07T19:42:45.334609,SAP,System,system,1465.51,EUR,NL,V3742,low,PO791294,,completed,False,
CASE-00212,INV-000212,Schedule payment,2026-01-08T05:05:48.180643,Payment System,System,system,1465.51,EUR,NL,V3742,low,PO791294,,completed,False,
CASE-00212,INV-000212,Send remittance notice,2026-01-08T05:11:48.180643,Payment System,System,system,1465.51,EUR,NL,V3742,low,PO791294,,completed,False,
CASE-00212,INV-000212,Invoice paid,2026-01-08T05:17:48.180643,Payment System,System,system,1465.51,EUR,NL,V3742,low,PO791294,,paid,False,
CASE-00213,INV-000213,Invoice received,2026-01-06T08:50:00,Coupa,System,system,1142.44,EUR,DE,V6104,low,PO727551,,completed,False,
CASE-00213,INV-000213,Validate invoice data,2026-01-06T09:14:00,Coupa,AP Clerk,ap17,1142.44,EUR,DE,V6104,low,PO727551,,completed,False,
CASE-00213,INV-000213,Check PO exists,2026-01-06T09:32:00,SAP,System,system,1142.44,EUR,DE,V6104,low,PO727551,,completed,False,
CASE-00213,INV-000213,Run three-way match,2026-01-06T10:02:00,SAP,System,system,1142.44,EUR,DE,V6104,low,PO727551,,completed,False,
CASE-00213,INV-000213,Run duplicate invoice check,2026-01-06T10:14:00,SAP,System,system,1142.44,EUR,DE,V6104,low,PO727551,,completed,False,
CASE-00213,INV-000213,Block invoice,2026-01-06T10:20:00,SAP,System,system,1142.44,EUR,DE,V6104,low,PO727551,duplicate,completed,False,
CASE-00213,INV-000213,Finance controller review,2026-01-07T22:41:37.968628,SAP,Finance Controller,ap17,1142.44,EUR,DE,V6104,low,PO727551,duplicate,completed,False,
CASE-00213,INV-000213,Invoice rejected,2026-01-07T22:47:37.968628,SAP,System,system,1142.44,EUR,DE,V6104,low,PO727551,duplicate,rejected,False,
CASE-00214,INV-000214,Invoice received,2026-01-06T08:57:00,Coupa,System,system,13453.93,EUR,NL,V9928,medium,PO789992,,completed,False,
CASE-00214,INV-000214,Validate invoice data,2026-01-06T09:21:00,Coupa,AP Clerk,ap18,13453.93,EUR,NL,V9928,medium,PO789992,,completed,False,
CASE-00214,INV-000214,Check PO exists,2026-01-06T09:39:00,SAP,System,system,13453.93,EUR,NL,V9928,medium,PO789992,,completed,False,
CASE-00214,INV-000214,Run three-way match,2026-01-06T10:09:00,SAP,System,system,13453.93,EUR,NL,V9928,medium,PO789992,,completed,False,
CASE-00214,INV-000214,Run duplicate invoice check,2026-01-06T10:21:00,SAP,System,system,13453.93,EUR,NL,V9928,medium,PO789992,,completed,False,
CASE-00214,INV-000214,Check vendor risk,2026-01-06T10:33:00,Vendor Master Data,System,system,13453.93,EUR,NL,V9928,medium,PO789992,,completed,False,
CASE-00214,INV-000214,Check approval threshold,2026-01-06T10:39:00,SAP,System,system,13453.93,EUR,NL,V9928,medium,PO789992,,completed,False,
CASE-00214,INV-000214,Finance manager approval,2026-01-07T17:38:13.000102,SAP,Finance Manager,ap18,13453.93,EUR,NL,V9928,medium,PO789992,,completed,False,
CASE-00214,INV-000214,Schedule payment,2026-01-08T04:00:44.672387,Payment System,System,system,13453.93,EUR,NL,V9928,medium,PO789992,,completed,False,
CASE-00214,INV-000214,Send remittance notice,2026-01-08T04:06:44.672387,Payment System,System,system,13453.93,EUR,NL,V9928,medium,PO789992,,completed,False,
CASE-00214,INV-000214,Invoice paid,2026-01-08T04:12:44.672387,Payment System,System,system,13453.93,EUR,NL,V9928,medium,PO789992,,paid,False,
CASE-00215,INV-000215,Invoice received,2026-01-06T09:04:00,Coupa,System,system,19891.82,EUR,ES,V2005,low,PO670515,,completed,False,
CASE-00215,INV-000215,Validate invoice data,2026-01-06T09:28:00,Coupa,AP Clerk,ap17,19891.82,EUR,ES,V2005,low,PO670515,,completed,False,
CASE-00215,INV-000215,Check PO exists,2026-01-06T09:46:00,SAP,System,system,19891.82,EUR,ES,V2005,low,PO670515,,completed,False,
CASE-00215,INV-000215,Run three-way match,2026-01-06T10:16:00,SAP,System,system,19891.82,EUR,ES,V2005,low,PO670515,,completed,False,
CASE-00215,INV-000215,Run duplicate invoice check,2026-01-06T10:28:00,SAP,System,system,19891.82,EUR,ES,V2005,low,PO670515,,completed,False,
CASE-00215,INV-000215,Check vendor risk,2026-01-06T10:40:00,Vendor Master Data,System,system,19891.82,EUR,ES,V2005,low,PO670515,,completed,False,
CASE-00215,INV-000215,Check approval threshold,2026-01-06T10:46:00,SAP,System,system,19891.82,EUR,ES,V2005,low,PO670515,,completed,False,
CASE-00215,INV-000215,Finance manager approval,2026-01-06T15:33:43.351901,SAP,Finance Manager,ap17,19891.82,EUR,ES,V2005,low,PO670515,,completed,False,
CASE-00215,INV-000215,Schedule payment,2026-01-06T20:11:30.076183,Payment System,System,system,19891.82,EUR,ES,V2005,low,PO670515,,completed,False,
CASE-00215,INV-000215,Send remittance notice,2026-01-06T20:17:30.076183,Payment System,System,system,19891.82,EUR,ES,V2005,low,PO670515,,completed,False,
CASE-00215,INV-000215,Invoice paid,2026-01-06T20:23:30.076183,Payment System,System,system,19891.82,EUR,ES,V2005,low,PO670515,,paid,False,
CASE-00216,INV-000216,Invoice received,2026-01-06T09:11:00,Coupa,System,system,5310.65,EUR,ES,V4079,high,PO214139,,completed,False,
CASE-00216,INV-000216,Validate invoice data,2026-01-06T09:35:00,Coupa,AP Clerk,ap03,5310.65,EUR,ES,V4079,high,PO214139,,completed,False,
CASE-00216,INV-000216,Check PO exists,2026-01-06T09:53:00,SAP,System,system,5310.65,EUR,ES,V4079,high,PO214139,,completed,False,
CASE-00216,INV-000216,Run three-way match,2026-01-06T10:23:00,SAP,System,system,5310.65,EUR,ES,V4079,high,PO214139,,completed,False,
CASE-00216,INV-000216,Run duplicate invoice check,2026-01-06T10:35:00,SAP,System,system,5310.65,EUR,ES,V4079,high,PO214139,,completed,False,
CASE-00216,INV-000216,Check vendor risk,2026-01-06T10:47:00,Vendor Master Data,System,system,5310.65,EUR,ES,V4079,high,PO214139,,completed,False,
CASE-00216,INV-000216,Compliance review,2026-01-08T16:31:31.933641,Vendor Master Data,Compliance Officer,ap03,5310.65,EUR,ES,V4079,high,PO214139,,completed,False,
CASE-00216,INV-000216,Check approval threshold,2026-01-08T16:37:31.933641,SAP,System,system,5310.65,EUR,ES,V4079,high,PO214139,,completed,False,
CASE-00216,INV-000216,Auto approve for payment scheduling,2026-01-08T16:43:31.933641,SAP,System,system,5310.65,EUR,ES,V4079,high,PO214139,,completed,False,
CASE-00216,INV-000216,Schedule payment,2026-01-08T23:58:30.688315,Payment System,System,system,5310.65,EUR,ES,V4079,high,PO214139,,completed,False,
CASE-00216,INV-000216,Send remittance notice,2026-01-09T00:04:30.688315,Payment System,System,system,5310.65,EUR,ES,V4079,high,PO214139,,completed,False,
CASE-00216,INV-000216,Invoice paid,2026-01-09T00:10:30.688315,Payment System,System,system,5310.65,EUR,ES,V4079,high,PO214139,,paid,False,
CASE-00217,INV-000217,Invoice received,2026-01-06T09:18:00,Coupa,System,system,8251.62,EUR,ES,V9108,low,PO940773,,completed,False,
CASE-00217,INV-000217,Validate invoice data,2026-01-06T09:42:00,Coupa,AP Clerk,ap24,8251.62,EUR,ES,V9108,low,PO940773,,completed,False,
CASE-00217,INV-000217,Check PO exists,2026-01-06T10:00:00,SAP,System,system,8251.62,EUR,ES,V9108,low,PO940773,,completed,False,
CASE-00217,INV-000217,Run three-way match,2026-01-06T10:30:00,SAP,System,system,8251.62,EUR,ES,V9108,low,PO940773,,completed,False,
CASE-00217,INV-000217,Run duplicate invoice check,2026-01-06T10:42:00,SAP,System,system,8251.62,EUR,ES,V9108,low,PO940773,,completed,False,
CASE-00217,INV-000217,Check vendor risk,2026-01-06T10:54:00,Vendor Master Data,System,system,8251.62,EUR,ES,V9108,low,PO940773,,completed,False,
CASE-00217,INV-000217,Check approval threshold,2026-01-06T11:00:00,SAP,System,system,8251.62,EUR,ES,V9108,low,PO940773,,completed,False,
CASE-00217,INV-000217,Auto approve for payment scheduling,2026-01-06T11:06:00,SAP,System,system,8251.62,EUR,ES,V9108,low,PO940773,,completed,False,
CASE-00217,INV-000217,Schedule payment,2026-01-06T19:05:20.663064,Payment System,System,system,8251.62,EUR,ES,V9108,low,PO940773,,completed,False,
CASE-00217,INV-000217,Send remittance notice,2026-01-06T19:11:20.663064,Payment System,System,system,8251.62,EUR,ES,V9108,low,PO940773,,completed,False,
CASE-00217,INV-000217,Invoice paid,2026-01-06T19:17:20.663064,Payment System,System,system,8251.62,EUR,ES,V9108,low,PO940773,,paid,False,
CASE-00218,INV-000218,Invoice received,2026-01-06T09:25:00,Coupa,System,system,1746.67,EUR,NL,V7681,low,PO540996,,completed,False,
CASE-00218,INV-000218,Validate invoice data,2026-01-06T09:49:00,Coupa,AP Clerk,ap19,1746.67,EUR,NL,V7681,low,PO540996,,completed,False,
CASE-00218,INV-000218,Check PO exists,2026-01-06T10:07:00,SAP,System,system,1746.67,EUR,NL,V7681,low,PO540996,,completed,False,
CASE-00218,INV-000218,Run three-way match,2026-01-06T10:37:00,SAP,System,system,1746.67,EUR,NL,V7681,low,PO540996,,completed,False,
CASE-00218,INV-000218,Run duplicate invoice check,2026-01-06T10:49:00,SAP,System,system,1746.67,EUR,NL,V7681,low,PO540996,,completed,False,
CASE-00218,INV-000218,Block invoice,2026-01-06T10:55:00,SAP,System,system,1746.67,EUR,NL,V7681,low,PO540996,duplicate,completed,False,
CASE-00218,INV-000218,Finance controller review,2026-01-07T15:11:08.681672,SAP,Finance Controller,ap19,1746.67,EUR,NL,V7681,low,PO540996,duplicate,completed,False,
CASE-00218,INV-000218,Invoice rejected,2026-01-07T15:17:08.681672,SAP,System,system,1746.67,EUR,NL,V7681,low,PO540996,duplicate,rejected,False,
CASE-00219,INV-000219,Invoice received,2026-01-06T09:32:00,Coupa,System,system,16286.91,EUR,IT,V3981,low,PO152379,,completed,False,
CASE-00219,INV-000219,Validate invoice data,2026-01-06T09:56:00,Coupa,AP Clerk,ap11,16286.91,EUR,IT,V3981,low,PO152379,,completed,False,
CASE-00219,INV-000219,Check PO exists,2026-01-06T10:14:00,SAP,System,system,16286.91,EUR,IT,V3981,low,PO152379,,completed,False,
CASE-00219,INV-000219,Run three-way match,2026-01-06T10:44:00,SAP,System,system,16286.91,EUR,IT,V3981,low,PO152379,,completed,False,
CASE-00219,INV-000219,Run duplicate invoice check,2026-01-06T10:56:00,SAP,System,system,16286.91,EUR,IT,V3981,low,PO152379,,completed,False,
CASE-00219,INV-000219,Check vendor risk,2026-01-06T11:08:00,Vendor Master Data,System,system,16286.91,EUR,IT,V3981,low,PO152379,,completed,False,
CASE-00219,INV-000219,Check approval threshold,2026-01-06T11:14:00,SAP,System,system,16286.91,EUR,IT,V3981,low,PO152379,,completed,False,
CASE-00219,INV-000219,Finance manager approval,2026-01-06T21:24:32.274229,SAP,Finance Manager,ap11,16286.91,EUR,IT,V3981,low,PO152379,,completed,False,
CASE-00219,INV-000219,Schedule payment,2026-01-07T06:51:01.066105,Payment System,System,system,16286.91,EUR,IT,V3981,low,PO152379,,completed,False,
CASE-00219,INV-000219,Send remittance notice,2026-01-07T06:57:01.066105,Payment System,System,system,16286.91,EUR,IT,V3981,low,PO152379,,completed,False,
CASE-00219,INV-000219,Invoice paid,2026-01-07T07:03:01.066105,Payment System,System,system,16286.91,EUR,IT,V3981,low,PO152379,,paid,False,
CASE-00220,INV-000220,Invoice received,2026-01-06T09:39:00,Coupa,System,system,14054.44,EUR,ES,V4615,high,PO335177,,completed,False,
CASE-00220,INV-000220,Validate invoice data,2026-01-06T10:03:00,Coupa,AP Clerk,ap21,14054.44,EUR,ES,V4615,high,PO335177,,completed,False,
CASE-00220,INV-000220,Check PO exists,2026-01-06T10:21:00,SAP,System,system,14054.44,EUR,ES,V4615,high,PO335177,,completed,False,
CASE-00220,INV-000220,Run three-way match,2026-01-06T10:51:00,SAP,System,system,14054.44,EUR,ES,V4615,high,PO335177,,completed,False,
CASE-00220,INV-000220,Classify exception,2026-01-06T11:03:00,ServiceNow,AP Clerk,ap21,14054.44,EUR,ES,V4615,high,PO335177,price_mismatch,completed,False,
CASE-00220,INV-000220,Create price mismatch ticket,2026-01-06T11:15:00,ServiceNow,System,system,14054.44,EUR,ES,V4615,high,PO335177,price_mismatch,completed,False,
CASE-00220,INV-000220,AP review price mismatch,2026-01-07T16:04:45.860134,ServiceNow,AP Clerk,ap21,14054.44,EUR,ES,V4615,high,PO335177,price_mismatch,completed,False,
CASE-00220,INV-000220,Correction for price mismatch,2026-01-08T06:47:27.000936,SAP,Procurement Specialist,ap21,14054.44,EUR,ES,V4615,high,PO335177,price_mismatch,completed,False,
CASE-00220,INV-000220,Run three-way match,2026-01-08T07:11:27.000936,SAP,System,system,14054.44,EUR,ES,V4615,high,PO335177,price_mismatch,completed,False,
CASE-00220,INV-000220,Run duplicate invoice check,2026-01-08T07:23:27.000936,SAP,System,system,14054.44,EUR,ES,V4615,high,PO335177,,completed,False,
CASE-00220,INV-000220,Check vendor risk,2026-01-08T07:35:27.000936,Vendor Master Data,System,system,14054.44,EUR,ES,V4615,high,PO335177,,completed,False,
CASE-00220,INV-000220,Compliance review,2026-01-09T20:58:54.934055,Vendor Master Data,Compliance Officer,ap21,14054.44,EUR,ES,V4615,high,PO335177,,completed,False,
CASE-00220,INV-000220,Check approval threshold,2026-01-09T21:04:54.934055,SAP,System,system,14054.44,EUR,ES,V4615,high,PO335177,,completed,False,
CASE-00220,INV-000220,Finance manager approval,2026-01-11T00:20:03.405253,SAP,Finance Manager,ap21,14054.44,EUR,ES,V4615,high,PO335177,,completed,False,
CASE-00220,INV-000220,Schedule payment,2026-01-11T09:27:24.871959,Payment System,System,system,14054.44,EUR,ES,V4615,high,PO335177,,completed,False,
CASE-00220,INV-000220,Send remittance notice,2026-01-11T09:33:24.871959,Payment System,System,system,14054.44,EUR,ES,V4615,high,PO335177,,completed,False,
CASE-00220,INV-000220,Invoice paid,2026-01-11T09:39:24.871959,Payment System,System,system,14054.44,EUR,ES,V4615,high,PO335177,,paid,False,
CASE-00221,INV-000221,Invoice received,2026-01-06T09:46:00,Coupa,System,system,13000.56,EUR,NL,V5746,low,PO863570,,completed,False,
CASE-00221,INV-000221,Validate invoice data,2026-01-06T10:10:00,Coupa,AP Clerk,ap21,13000.56,EUR,NL,V5746,low,PO863570,,completed,False,
CASE-00221,INV-000221,Check PO exists,2026-01-06T10:28:00,SAP,System,system,13000.56,EUR,NL,V5746,low,PO863570,,completed,False,
CASE-00221,INV-000221,Create missing PO exception,2026-01-06T10:40:00,ServiceNow,System,system,13000.56,EUR,NL,V5746,low,PO863570,missing_po,completed,False,
CASE-00221,INV-000221,AP review missing PO,2026-01-08T07:30:42.395062,ServiceNow,AP Clerk,ap21,13000.56,EUR,NL,V5746,low,PO863570,missing_po,completed,False,
CASE-00221,INV-000221,Procurement correction,2026-01-09T06:06:14.661827,SAP,Procurement Specialist,ap21,13000.56,EUR,NL,V5746,low,PO863570,missing_po,completed,False,
CASE-00221,INV-000221,Check PO exists,2026-01-09T06:18:14.661827,SAP,System,system,13000.56,EUR,NL,V5746,low,PO863570,missing_po,completed,False,
CASE-00221,INV-000221,Run three-way match,2026-01-09T06:48:14.661827,SAP,System,system,13000.56,EUR,NL,V5746,low,PO863570,,completed,False,
CASE-00221,INV-000221,Run duplicate invoice check,2026-01-09T07:00:14.661827,SAP,System,system,13000.56,EUR,NL,V5746,low,PO863570,,completed,False,
CASE-00221,INV-000221,Check vendor risk,2026-01-09T07:12:14.661827,Vendor Master Data,System,system,13000.56,EUR,NL,V5746,low,PO863570,,completed,False,
CASE-00221,INV-000221,Check approval threshold,2026-01-09T07:18:14.661827,SAP,System,system,13000.56,EUR,NL,V5746,low,PO863570,,completed,False,
CASE-00221,INV-000221,Finance manager approval,2026-01-10T08:36:24.422853,SAP,Finance Manager,ap21,13000.56,EUR,NL,V5746,low,PO863570,,completed,False,
CASE-00221,INV-000221,Schedule payment,2026-01-10T13:45:44.451035,Payment System,System,system,13000.56,EUR,NL,V5746,low,PO863570,,completed,False,
CASE-00221,INV-000221,Send remittance notice,2026-01-10T13:51:44.451035,Payment System,System,system,13000.56,EUR,NL,V5746,low,PO863570,,completed,False,
CASE-00221,INV-000221,Invoice paid,2026-01-10T13:57:44.451035,Payment System,System,system,13000.56,EUR,NL,V5746,low,PO863570,,paid,False,
CASE-00222,INV-000222,Invoice received,2026-01-06T09:53:00,Coupa,System,system,8062.3,EUR,FR,V9876,medium,PO929721,,completed,False,
CASE-00222,INV-000222,Validate invoice data,2026-01-06T10:17:00,Coupa,AP Clerk,ap21,8062.3,EUR,FR,V9876,medium,PO929721,,completed,False,
CASE-00222,INV-000222,Check PO exists,2026-01-06T10:35:00,SAP,System,system,8062.3,EUR,FR,V9876,medium,PO929721,,completed,False,
CASE-00222,INV-000222,Run three-way match,2026-01-06T11:05:00,SAP,System,system,8062.3,EUR,FR,V9876,medium,PO929721,,completed,False,
CASE-00222,INV-000222,Run duplicate invoice check,2026-01-06T11:17:00,SAP,System,system,8062.3,EUR,FR,V9876,medium,PO929721,,completed,False,
CASE-00222,INV-000222,Check vendor risk,2026-01-06T11:29:00,Vendor Master Data,System,system,8062.3,EUR,FR,V9876,medium,PO929721,,completed,False,
CASE-00222,INV-000222,Check approval threshold,2026-01-06T11:35:00,SAP,System,system,8062.3,EUR,FR,V9876,medium,PO929721,,completed,False,
CASE-00222,INV-000222,Auto approve for payment scheduling,2026-01-06T11:41:00,SAP,System,system,8062.3,EUR,FR,V9876,medium,PO929721,,completed,False,
CASE-00222,INV-000222,Schedule payment,2026-01-06T16:42:59.173686,Payment System,System,system,8062.3,EUR,FR,V9876,medium,PO929721,,completed,False,
CASE-00222,INV-000222,Send remittance notice,2026-01-06T16:48:59.173686,Payment System,System,system,8062.3,EUR,FR,V9876,medium,PO929721,,completed,False,
CASE-00222,INV-000222,Invoice paid,2026-01-06T16:54:59.173686,Payment System,System,system,8062.3,EUR,FR,V9876,medium,PO929721,,paid,False,
CASE-00223,INV-000223,Invoice received,2026-01-06T10:00:00,Coupa,System,system,20885.66,EUR,DE,V3563,medium,PO310201,,completed,False,
CASE-00223,INV-000223,Validate invoice data,2026-01-06T10:24:00,Coupa,AP Clerk,ap10,20885.66,EUR,DE,V3563,medium,PO310201,,completed,False,
CASE-00223,INV-000223,Check PO exists,2026-01-06T10:42:00,SAP,System,system,20885.66,EUR,DE,V3563,medium,PO310201,,completed,False,
CASE-00223,INV-000223,Run three-way match,2026-01-06T11:12:00,SAP,System,system,20885.66,EUR,DE,V3563,medium,PO310201,,completed,False,
CASE-00223,INV-000223,Run duplicate invoice check,2026-01-06T11:24:00,SAP,System,system,20885.66,EUR,DE,V3563,medium,PO310201,,completed,False,
CASE-00223,INV-000223,Check vendor risk,2026-01-06T11:36:00,Vendor Master Data,System,system,20885.66,EUR,DE,V3563,medium,PO310201,,completed,False,
CASE-00223,INV-000223,Check approval threshold,2026-01-06T11:42:00,SAP,System,system,20885.66,EUR,DE,V3563,medium,PO310201,,completed,False,
CASE-00223,INV-000223,Finance manager approval,2026-01-07T01:55:39.306663,SAP,Finance Manager,ap10,20885.66,EUR,DE,V3563,medium,PO310201,,completed,False,
CASE-00223,INV-000223,Schedule payment,2026-01-07T13:07:28.476951,Payment System,System,system,20885.66,EUR,DE,V3563,medium,PO310201,,completed,False,
CASE-00223,INV-000223,Send remittance notice,2026-01-07T13:13:28.476951,Payment System,System,system,20885.66,EUR,DE,V3563,medium,PO310201,,completed,False,
CASE-00223,INV-000223,Invoice paid,2026-01-07T13:19:28.476951,Payment System,System,system,20885.66,EUR,DE,V3563,medium,PO310201,,paid,False,
CASE-00224,INV-000224,Invoice received,2026-01-06T10:07:00,Coupa,System,system,11679.66,EUR,DE,V1872,medium,PO936210,,completed,False,
CASE-00224,INV-000224,Validate invoice data,2026-01-06T10:31:00,Coupa,AP Clerk,ap11,11679.66,EUR,DE,V1872,medium,PO936210,,completed,False,
CASE-00224,INV-000224,Manual Email Review,2026-01-06T23:17:12.454355,Email and Excel,AP Clerk,ap11,11679.66,EUR,DE,V1872,medium,PO936210,,completed,True,Manual Email Review
CASE-00224,INV-000224,Check PO exists,2026-01-06T23:35:12.454355,SAP,System,system,11679.66,EUR,DE,V1872,medium,PO936210,,completed,False,
CASE-00224,INV-000224,Run three-way match,2026-01-07T00:05:12.454355,SAP,System,system,11679.66,EUR,DE,V1872,medium,PO936210,,completed,False,
CASE-00224,INV-000224,Classify exception,2026-01-07T00:17:12.454355,ServiceNow,AP Clerk,ap11,11679.66,EUR,DE,V1872,medium,PO936210,price_mismatch,completed,False,
CASE-00224,INV-000224,Create price mismatch ticket,2026-01-07T00:29:12.454355,ServiceNow,System,system,11679.66,EUR,DE,V1872,medium,PO936210,price_mismatch,completed,False,
CASE-00224,INV-000224,AP review price mismatch,2026-01-14T02:11:29.581431,ServiceNow,AP Clerk,ap11,11679.66,EUR,DE,V1872,medium,PO936210,price_mismatch,completed,False,
CASE-00224,INV-000224,Correction for price mismatch,2026-01-14T18:31:21.460841,SAP,Procurement Specialist,ap11,11679.66,EUR,DE,V1872,medium,PO936210,price_mismatch,completed,False,
CASE-00224,INV-000224,Run three-way match,2026-01-14T18:55:21.460841,SAP,System,system,11679.66,EUR,DE,V1872,medium,PO936210,price_mismatch,completed,False,
CASE-00224,INV-000224,Run duplicate invoice check,2026-01-14T19:07:21.460841,SAP,System,system,11679.66,EUR,DE,V1872,medium,PO936210,,completed,False,
CASE-00224,INV-000224,Check vendor risk,2026-01-14T19:19:21.460841,Vendor Master Data,System,system,11679.66,EUR,DE,V1872,medium,PO936210,,completed,False,
CASE-00224,INV-000224,Check approval threshold,2026-01-14T19:25:21.460841,SAP,System,system,11679.66,EUR,DE,V1872,medium,PO936210,,completed,False,
CASE-00224,INV-000224,Finance manager approval,2026-01-15T05:27:58.754221,SAP,Finance Manager,ap11,11679.66,EUR,DE,V1872,medium,PO936210,,completed,False,
CASE-00224,INV-000224,Schedule payment,2026-01-15T11:29:04.101366,Payment System,System,system,11679.66,EUR,DE,V1872,medium,PO936210,,completed,False,
CASE-00224,INV-000224,Send remittance notice,2026-01-15T11:35:04.101366,Payment System,System,system,11679.66,EUR,DE,V1872,medium,PO936210,,completed,False,
CASE-00224,INV-000224,Invoice paid,2026-01-15T11:41:04.101366,Payment System,System,system,11679.66,EUR,DE,V1872,medium,PO936210,,paid,False,
CASE-00225,INV-000225,Invoice received,2026-01-06T10:14:00,Coupa,System,system,1675.11,EUR,NL,V4395,low,PO197041,,completed,False,
CASE-00225,INV-000225,Validate invoice data,2026-01-06T10:38:00,Coupa,AP Clerk,ap08,1675.11,EUR,NL,V4395,low,PO197041,,completed,False,
CASE-00225,INV-000225,Check PO exists,2026-01-06T10:56:00,SAP,System,system,1675.11,EUR,NL,V4395,low,PO197041,,completed,False,
CASE-00225,INV-000225,Run three-way match,2026-01-06T11:26:00,SAP,System,system,1675.11,EUR,NL,V4395,low,PO197041,,completed,False,
CASE-00225,INV-000225,Run duplicate invoice check,2026-01-06T11:38:00,SAP,System,system,1675.11,EUR,NL,V4395,low,PO197041,,completed,False,
CASE-00225,INV-000225,Check vendor risk,2026-01-06T11:50:00,Vendor Master Data,System,system,1675.11,EUR,NL,V4395,low,PO197041,,completed,False,
CASE-00225,INV-000225,Check approval threshold,2026-01-06T11:56:00,SAP,System,system,1675.11,EUR,NL,V4395,low,PO197041,,completed,False,
CASE-00225,INV-000225,Auto approve for payment scheduling,2026-01-06T12:02:00,SAP,System,system,1675.11,EUR,NL,V4395,low,PO197041,,completed,False,
CASE-00225,INV-000225,Schedule payment,2026-01-06T22:59:05.463690,Payment System,System,system,1675.11,EUR,NL,V4395,low,PO197041,,completed,False,
CASE-00225,INV-000225,Send remittance notice,2026-01-06T23:05:05.463690,Payment System,System,system,1675.11,EUR,NL,V4395,low,PO197041,,completed,False,
CASE-00225,INV-000225,Invoice paid,2026-01-06T23:11:05.463690,Payment System,System,system,1675.11,EUR,NL,V4395,low,PO197041,,paid,False,
CASE-00226,INV-000226,Invoice received,2026-01-06T10:21:00,Coupa,System,system,8173.45,EUR,IT,V3906,low,PO203485,,completed,False,
CASE-00226,INV-000226,Validate invoice data,2026-01-06T10:45:00,Coupa,AP Clerk,ap17,8173.45,EUR,IT,V3906,low,PO203485,,completed,False,
CASE-00226,INV-000226,Check PO exists,2026-01-06T11:03:00,SAP,System,system,8173.45,EUR,IT,V3906,low,PO203485,,completed,False,
CASE-00226,INV-000226,Run three-way match,2026-01-06T11:33:00,SAP,System,system,8173.45,EUR,IT,V3906,low,PO203485,,completed,False,
CASE-00226,INV-000226,Classify exception,2026-01-06T11:45:00,ServiceNow,AP Clerk,ap17,8173.45,EUR,IT,V3906,low,PO203485,price_mismatch,completed,False,
CASE-00226,INV-000226,Create price mismatch ticket,2026-01-06T11:57:00,ServiceNow,System,system,8173.45,EUR,IT,V3906,low,PO203485,price_mismatch,completed,False,
CASE-00226,INV-000226,AP review price mismatch,2026-01-11T02:09:37.074362,ServiceNow,AP Clerk,ap17,8173.45,EUR,IT,V3906,low,PO203485,price_mismatch,completed,False,
CASE-00226,INV-000226,Correction for price mismatch,2026-01-11T14:22:52.531156,SAP,Procurement Specialist,ap17,8173.45,EUR,IT,V3906,low,PO203485,price_mismatch,completed,False,
CASE-00226,INV-000226,Run three-way match,2026-01-11T14:46:52.531156,SAP,System,system,8173.45,EUR,IT,V3906,low,PO203485,price_mismatch,completed,False,
CASE-00226,INV-000226,Run duplicate invoice check,2026-01-11T14:58:52.531156,SAP,System,system,8173.45,EUR,IT,V3906,low,PO203485,,completed,False,
CASE-00226,INV-000226,Check vendor risk,2026-01-11T15:10:52.531156,Vendor Master Data,System,system,8173.45,EUR,IT,V3906,low,PO203485,,completed,False,
CASE-00226,INV-000226,Check approval threshold,2026-01-11T15:16:52.531156,SAP,System,system,8173.45,EUR,IT,V3906,low,PO203485,,completed,False,
CASE-00226,INV-000226,Auto approve for payment scheduling,2026-01-11T15:22:52.531156,SAP,System,system,8173.45,EUR,IT,V3906,low,PO203485,,completed,False,
CASE-00226,INV-000226,Schedule payment,2026-01-12T02:43:59.458993,Payment System,System,system,8173.45,EUR,IT,V3906,low,PO203485,,completed,False,
CASE-00226,INV-000226,Send remittance notice,2026-01-12T02:49:59.458993,Payment System,System,system,8173.45,EUR,IT,V3906,low,PO203485,,completed,False,
CASE-00226,INV-000226,Invoice paid,2026-01-12T02:55:59.458993,Payment System,System,system,8173.45,EUR,IT,V3906,low,PO203485,,paid,False,
CASE-00227,INV-000227,Invoice received,2026-01-06T10:28:00,Coupa,System,system,4903.56,EUR,DE,V6396,low,PO258988,,completed,False,
CASE-00227,INV-000227,Validate invoice data,2026-01-06T10:52:00,Coupa,AP Clerk,ap20,4903.56,EUR,DE,V6396,low,PO258988,,completed,False,
CASE-00227,INV-000227,Manual Email Review,2026-01-07T21:09:54.095501,Email and Excel,AP Clerk,ap20,4903.56,EUR,DE,V6396,low,PO258988,,completed,True,Manual Email Review
CASE-00227,INV-000227,Check PO exists,2026-01-07T21:27:54.095501,SAP,System,system,4903.56,EUR,DE,V6396,low,PO258988,,completed,False,
CASE-00227,INV-000227,Run three-way match,2026-01-07T21:57:54.095501,SAP,System,system,4903.56,EUR,DE,V6396,low,PO258988,,completed,False,
CASE-00227,INV-000227,Run duplicate invoice check,2026-01-07T22:09:54.095501,SAP,System,system,4903.56,EUR,DE,V6396,low,PO258988,,completed,False,
CASE-00227,INV-000227,Check vendor risk,2026-01-07T22:21:54.095501,Vendor Master Data,System,system,4903.56,EUR,DE,V6396,low,PO258988,,completed,False,
CASE-00227,INV-000227,Check approval threshold,2026-01-07T22:27:54.095501,SAP,System,system,4903.56,EUR,DE,V6396,low,PO258988,,completed,False,
CASE-00227,INV-000227,Auto approve for payment scheduling,2026-01-07T22:33:54.095501,SAP,System,system,4903.56,EUR,DE,V6396,low,PO258988,,completed,False,
CASE-00227,INV-000227,Schedule payment,2026-01-08T06:13:54.887963,Payment System,System,system,4903.56,EUR,DE,V6396,low,PO258988,,completed,False,
CASE-00227,INV-000227,Send remittance notice,2026-01-08T06:19:54.887963,Payment System,System,system,4903.56,EUR,DE,V6396,low,PO258988,,completed,False,
CASE-00227,INV-000227,Invoice paid,2026-01-08T06:25:54.887963,Payment System,System,system,4903.56,EUR,DE,V6396,low,PO258988,,paid,False,
CASE-00228,INV-000228,Invoice received,2026-01-06T10:35:00,Coupa,System,system,2551.02,EUR,ES,V3767,low,PO942736,,completed,False,
CASE-00228,INV-000228,Validate invoice data,2026-01-06T10:59:00,Coupa,AP Clerk,ap16,2551.02,EUR,ES,V3767,low,PO942736,,completed,False,
CASE-00228,INV-000228,Check PO exists,2026-01-06T11:17:00,SAP,System,system,2551.02,EUR,ES,V3767,low,PO942736,,completed,False,
CASE-00228,INV-000228,Run three-way match,2026-01-06T11:47:00,SAP,System,system,2551.02,EUR,ES,V3767,low,PO942736,,completed,False,
CASE-00228,INV-000228,Classify exception,2026-01-06T11:59:00,ServiceNow,AP Clerk,ap16,2551.02,EUR,ES,V3767,low,PO942736,quantity_mismatch,completed,False,
CASE-00228,INV-000228,Create quantity mismatch ticket,2026-01-06T12:11:00,ServiceNow,System,system,2551.02,EUR,ES,V3767,low,PO942736,quantity_mismatch,completed,False,
CASE-00228,INV-000228,AP review quantity mismatch,2026-01-07T13:43:37.804290,ServiceNow,AP Clerk,ap16,2551.02,EUR,ES,V3767,low,PO942736,quantity_mismatch,completed,False,
CASE-00228,INV-000228,Correction for quantity mismatch,2026-01-08T10:29:41.415805,SAP,Procurement Specialist,ap16,2551.02,EUR,ES,V3767,low,PO942736,quantity_mismatch,completed,False,
CASE-00228,INV-000228,Run three-way match,2026-01-08T10:53:41.415805,SAP,System,system,2551.02,EUR,ES,V3767,low,PO942736,quantity_mismatch,completed,False,
CASE-00228,INV-000228,Run duplicate invoice check,2026-01-08T11:05:41.415805,SAP,System,system,2551.02,EUR,ES,V3767,low,PO942736,,completed,False,
CASE-00228,INV-000228,Check vendor risk,2026-01-08T11:17:41.415805,Vendor Master Data,System,system,2551.02,EUR,ES,V3767,low,PO942736,,completed,False,
CASE-00228,INV-000228,Check approval threshold,2026-01-08T11:23:41.415805,SAP,System,system,2551.02,EUR,ES,V3767,low,PO942736,,completed,False,
CASE-00228,INV-000228,Auto approve for payment scheduling,2026-01-08T11:29:41.415805,SAP,System,system,2551.02,EUR,ES,V3767,low,PO942736,,completed,False,
CASE-00228,INV-000228,Schedule payment,2026-01-08T20:44:46.150703,Payment System,System,system,2551.02,EUR,ES,V3767,low,PO942736,,completed,False,
CASE-00228,INV-000228,Send remittance notice,2026-01-08T20:50:46.150703,Payment System,System,system,2551.02,EUR,ES,V3767,low,PO942736,,completed,False,
CASE-00228,INV-000228,Invoice paid,2026-01-08T20:56:46.150703,Payment System,System,system,2551.02,EUR,ES,V3767,low,PO942736,,paid,False,
CASE-00229,INV-000229,Invoice received,2026-01-06T10:42:00,Coupa,System,system,13452.98,EUR,NL,V4470,medium,PO630804,,completed,False,
CASE-00229,INV-000229,Validate invoice data,2026-01-06T11:06:00,Coupa,AP Clerk,ap10,13452.98,EUR,NL,V4470,medium,PO630804,,completed,False,
CASE-00229,INV-000229,Check PO exists,2026-01-06T11:24:00,SAP,System,system,13452.98,EUR,NL,V4470,medium,PO630804,,completed,False,
CASE-00229,INV-000229,Run three-way match,2026-01-06T11:54:00,SAP,System,system,13452.98,EUR,NL,V4470,medium,PO630804,,completed,False,
CASE-00229,INV-000229,Classify exception,2026-01-06T12:06:00,ServiceNow,AP Clerk,ap10,13452.98,EUR,NL,V4470,medium,PO630804,price_mismatch,completed,False,
CASE-00229,INV-000229,Create price mismatch ticket,2026-01-06T12:18:00,ServiceNow,System,system,13452.98,EUR,NL,V4470,medium,PO630804,price_mismatch,completed,False,
CASE-00229,INV-000229,AP review price mismatch,2026-01-11T00:55:49.753199,ServiceNow,AP Clerk,ap10,13452.98,EUR,NL,V4470,medium,PO630804,price_mismatch,completed,False,
CASE-00229,INV-000229,Correction for price mismatch,2026-01-11T20:59:02.986854,SAP,Procurement Specialist,ap10,13452.98,EUR,NL,V4470,medium,PO630804,price_mismatch,completed,False,
CASE-00229,INV-000229,Run three-way match,2026-01-11T21:23:02.986854,SAP,System,system,13452.98,EUR,NL,V4470,medium,PO630804,price_mismatch,completed,False,
CASE-00229,INV-000229,Run duplicate invoice check,2026-01-11T21:35:02.986854,SAP,System,system,13452.98,EUR,NL,V4470,medium,PO630804,,completed,False,
CASE-00229,INV-000229,Check vendor risk,2026-01-11T21:47:02.986854,Vendor Master Data,System,system,13452.98,EUR,NL,V4470,medium,PO630804,,completed,False,
CASE-00229,INV-000229,Check approval threshold,2026-01-11T21:53:02.986854,SAP,System,system,13452.98,EUR,NL,V4470,medium,PO630804,,completed,False,
CASE-00229,INV-000229,Finance manager approval,2026-01-13T07:04:40.305196,SAP,Finance Manager,ap10,13452.98,EUR,NL,V4470,medium,PO630804,,completed,False,
CASE-00229,INV-000229,Schedule payment,2026-01-13T14:39:17.511113,Payment System,System,system,13452.98,EUR,NL,V4470,medium,PO630804,,completed,False,
CASE-00229,INV-000229,Send remittance notice,2026-01-13T14:45:17.511113,Payment System,System,system,13452.98,EUR,NL,V4470,medium,PO630804,,completed,False,
CASE-00229,INV-000229,Invoice paid,2026-01-13T14:51:17.511113,Payment System,System,system,13452.98,EUR,NL,V4470,medium,PO630804,,paid,False,
CASE-00230,INV-000230,Invoice received,2026-01-06T10:49:00,Coupa,System,system,19866.6,EUR,NL,V9381,low,PO467098,,completed,False,
CASE-00230,INV-000230,Validate invoice data,2026-01-06T11:13:00,Coupa,AP Clerk,ap10,19866.6,EUR,NL,V9381,low,PO467098,,completed,False,
CASE-00230,INV-000230,Check PO exists,2026-01-06T11:31:00,SAP,System,system,19866.6,EUR,NL,V9381,low,PO467098,,completed,False,
CASE-00230,INV-000230,Run three-way match,2026-01-06T12:01:00,SAP,System,system,19866.6,EUR,NL,V9381,low,PO467098,,completed,False,
CASE-00230,INV-000230,Classify exception,2026-01-06T12:13:00,ServiceNow,AP Clerk,ap10,19866.6,EUR,NL,V9381,low,PO467098,price_mismatch,completed,False,
CASE-00230,INV-000230,Create price mismatch ticket,2026-01-06T12:25:00,ServiceNow,System,system,19866.6,EUR,NL,V9381,low,PO467098,price_mismatch,completed,False,
CASE-00230,INV-000230,AP review price mismatch,2026-01-07T21:39:48.139234,ServiceNow,AP Clerk,ap10,19866.6,EUR,NL,V9381,low,PO467098,price_mismatch,completed,False,
CASE-00230,INV-000230,Correction for price mismatch,2026-01-08T20:11:56.858045,SAP,Procurement Specialist,ap10,19866.6,EUR,NL,V9381,low,PO467098,price_mismatch,completed,False,
CASE-00230,INV-000230,Run three-way match,2026-01-08T20:35:56.858045,SAP,System,system,19866.6,EUR,NL,V9381,low,PO467098,price_mismatch,completed,False,
CASE-00230,INV-000230,Run duplicate invoice check,2026-01-08T20:47:56.858045,SAP,System,system,19866.6,EUR,NL,V9381,low,PO467098,,completed,False,
CASE-00230,INV-000230,Check vendor risk,2026-01-08T20:59:56.858045,Vendor Master Data,System,system,19866.6,EUR,NL,V9381,low,PO467098,,completed,False,
CASE-00230,INV-000230,Check approval threshold,2026-01-08T21:05:56.858045,SAP,System,system,19866.6,EUR,NL,V9381,low,PO467098,,completed,False,
CASE-00230,INV-000230,Finance manager approval,2026-01-09T01:26:20.357505,SAP,Finance Manager,ap10,19866.6,EUR,NL,V9381,low,PO467098,,completed,False,
CASE-00230,INV-000230,Schedule payment,2026-01-09T06:24:44.663898,Payment System,System,system,19866.6,EUR,NL,V9381,low,PO467098,,completed,False,
CASE-00230,INV-000230,Send remittance notice,2026-01-09T06:30:44.663898,Payment System,System,system,19866.6,EUR,NL,V9381,low,PO467098,,completed,False,
CASE-00230,INV-000230,Invoice paid,2026-01-09T06:36:44.663898,Payment System,System,system,19866.6,EUR,NL,V9381,low,PO467098,,paid,False,
CASE-00231,INV-000231,Invoice received,2026-01-06T10:56:00,Coupa,System,system,23076.1,EUR,IT,V1645,low,PO251244,,completed,False,
CASE-00231,INV-000231,Validate invoice data,2026-01-06T11:20:00,Coupa,AP Clerk,ap21,23076.1,EUR,IT,V1645,low,PO251244,,completed,False,
CASE-00231,INV-000231,Check PO exists,2026-01-06T11:38:00,SAP,System,system,23076.1,EUR,IT,V1645,low,PO251244,,completed,False,
CASE-00231,INV-000231,Run three-way match,2026-01-06T12:08:00,SAP,System,system,23076.1,EUR,IT,V1645,low,PO251244,,completed,False,
CASE-00231,INV-000231,Run duplicate invoice check,2026-01-06T12:20:00,SAP,System,system,23076.1,EUR,IT,V1645,low,PO251244,,completed,False,
CASE-00231,INV-000231,Check vendor risk,2026-01-06T12:32:00,Vendor Master Data,System,system,23076.1,EUR,IT,V1645,low,PO251244,,completed,False,
CASE-00231,INV-000231,Check approval threshold,2026-01-06T12:38:00,SAP,System,system,23076.1,EUR,IT,V1645,low,PO251244,,completed,False,
CASE-00231,INV-000231,Finance manager approval,2026-01-08T11:03:23.259534,SAP,Finance Manager,ap21,23076.1,EUR,IT,V1645,low,PO251244,,completed,False,
CASE-00231,INV-000231,Schedule payment,2026-01-08T16:41:33.557227,Payment System,System,system,23076.1,EUR,IT,V1645,low,PO251244,,completed,False,
CASE-00231,INV-000231,Send remittance notice,2026-01-08T16:47:33.557227,Payment System,System,system,23076.1,EUR,IT,V1645,low,PO251244,,completed,False,
CASE-00231,INV-000231,Invoice paid,2026-01-08T16:53:33.557227,Payment System,System,system,23076.1,EUR,IT,V1645,low,PO251244,,paid,False,
CASE-00232,INV-000232,Invoice received,2026-01-06T11:03:00,Coupa,System,system,1234.73,EUR,ES,V4326,medium,PO805495,,completed,False,
CASE-00232,INV-000232,Validate invoice data,2026-01-06T11:27:00,Coupa,AP Clerk,ap14,1234.73,EUR,ES,V4326,medium,PO805495,,completed,False,
CASE-00232,INV-000232,Check PO exists,2026-01-06T11:45:00,SAP,System,system,1234.73,EUR,ES,V4326,medium,PO805495,,completed,False,
CASE-00232,INV-000232,Run three-way match,2026-01-06T12:15:00,SAP,System,system,1234.73,EUR,ES,V4326,medium,PO805495,,completed,False,
CASE-00232,INV-000232,Classify exception,2026-01-06T12:27:00,ServiceNow,AP Clerk,ap14,1234.73,EUR,ES,V4326,medium,PO805495,price_mismatch,completed,False,
CASE-00232,INV-000232,Create price mismatch ticket,2026-01-06T12:39:00,ServiceNow,System,system,1234.73,EUR,ES,V4326,medium,PO805495,price_mismatch,completed,False,
CASE-00232,INV-000232,AP review price mismatch,2026-01-12T19:08:52.724298,ServiceNow,AP Clerk,ap14,1234.73,EUR,ES,V4326,medium,PO805495,price_mismatch,completed,False,
CASE-00232,INV-000232,Correction for price mismatch,2026-01-13T11:11:03.579149,SAP,Procurement Specialist,ap14,1234.73,EUR,ES,V4326,medium,PO805495,price_mismatch,completed,False,
CASE-00232,INV-000232,Run three-way match,2026-01-13T11:35:03.579149,SAP,System,system,1234.73,EUR,ES,V4326,medium,PO805495,price_mismatch,completed,False,
CASE-00232,INV-000232,Run duplicate invoice check,2026-01-13T11:47:03.579149,SAP,System,system,1234.73,EUR,ES,V4326,medium,PO805495,,completed,False,
CASE-00232,INV-000232,Check vendor risk,2026-01-13T11:59:03.579149,Vendor Master Data,System,system,1234.73,EUR,ES,V4326,medium,PO805495,,completed,False,
CASE-00232,INV-000232,Check approval threshold,2026-01-13T12:05:03.579149,SAP,System,system,1234.73,EUR,ES,V4326,medium,PO805495,,completed,False,
CASE-00232,INV-000232,Auto approve for payment scheduling,2026-01-13T12:11:03.579149,SAP,System,system,1234.73,EUR,ES,V4326,medium,PO805495,,completed,False,
CASE-00232,INV-000232,Schedule payment,2026-01-13T19:54:55.803033,Payment System,System,system,1234.73,EUR,ES,V4326,medium,PO805495,,completed,False,
CASE-00232,INV-000232,Send remittance notice,2026-01-13T20:00:55.803033,Payment System,System,system,1234.73,EUR,ES,V4326,medium,PO805495,,completed,False,
CASE-00232,INV-000232,Invoice paid,2026-01-13T20:06:55.803033,Payment System,System,system,1234.73,EUR,ES,V4326,medium,PO805495,,paid,False,
CASE-00233,INV-000233,Invoice received,2026-01-06T11:10:00,Coupa,System,system,17994.73,EUR,IT,V5990,high,PO754560,,completed,False,
CASE-00233,INV-000233,Validate invoice data,2026-01-06T11:34:00,Coupa,AP Clerk,ap01,17994.73,EUR,IT,V5990,high,PO754560,,completed,False,
CASE-00233,INV-000233,Manual Email Review,2026-01-07T02:09:53.217185,Email and Excel,AP Clerk,ap01,17994.73,EUR,IT,V5990,high,PO754560,,completed,True,Manual Email Review
CASE-00233,INV-000233,Check PO exists,2026-01-07T02:27:53.217185,SAP,System,system,17994.73,EUR,IT,V5990,high,PO754560,,completed,False,
CASE-00233,INV-000233,Run three-way match,2026-01-07T02:57:53.217185,SAP,System,system,17994.73,EUR,IT,V5990,high,PO754560,,completed,False,
CASE-00233,INV-000233,Run duplicate invoice check,2026-01-07T03:09:53.217185,SAP,System,system,17994.73,EUR,IT,V5990,high,PO754560,,completed,False,
CASE-00233,INV-000233,Check vendor risk,2026-01-07T03:21:53.217185,Vendor Master Data,System,system,17994.73,EUR,IT,V5990,high,PO754560,,completed,False,
CASE-00233,INV-000233,Compliance review,2026-01-08T19:16:27.872118,Vendor Master Data,Compliance Officer,ap01,17994.73,EUR,IT,V5990,high,PO754560,,completed,False,
CASE-00233,INV-000233,Check approval threshold,2026-01-08T19:22:27.872118,SAP,System,system,17994.73,EUR,IT,V5990,high,PO754560,,completed,False,
CASE-00233,INV-000233,Finance manager approval,2026-01-09T17:44:57.787753,SAP,Finance Manager,ap01,17994.73,EUR,IT,V5990,high,PO754560,,completed,False,
CASE-00233,INV-000233,Schedule payment,2026-01-10T00:08:41.732437,Payment System,System,system,17994.73,EUR,IT,V5990,high,PO754560,,completed,False,
CASE-00233,INV-000233,Send remittance notice,2026-01-10T00:14:41.732437,Payment System,System,system,17994.73,EUR,IT,V5990,high,PO754560,,completed,False,
CASE-00233,INV-000233,Invoice paid,2026-01-10T00:20:41.732437,Payment System,System,system,17994.73,EUR,IT,V5990,high,PO754560,,paid,False,
CASE-00234,INV-000234,Invoice received,2026-01-06T11:17:00,Coupa,System,system,17761.39,EUR,IT,V1411,low,PO504389,,completed,False,
CASE-00234,INV-000234,Validate invoice data,2026-01-06T11:41:00,Coupa,AP Clerk,ap17,17761.39,EUR,IT,V1411,low,PO504389,,completed,False,
CASE-00234,INV-000234,Check PO exists,2026-01-06T11:59:00,SAP,System,system,17761.39,EUR,IT,V1411,low,PO504389,,completed,False,
CASE-00234,INV-000234,Run three-way match,2026-01-06T12:29:00,SAP,System,system,17761.39,EUR,IT,V1411,low,PO504389,,completed,False,
CASE-00234,INV-000234,Run duplicate invoice check,2026-01-06T12:41:00,SAP,System,system,17761.39,EUR,IT,V1411,low,PO504389,,completed,False,
CASE-00234,INV-000234,Block invoice,2026-01-06T12:47:00,SAP,System,system,17761.39,EUR,IT,V1411,low,PO504389,duplicate,completed,False,
CASE-00234,INV-000234,Finance controller review,2026-01-07T06:57:27.282856,SAP,Finance Controller,ap17,17761.39,EUR,IT,V1411,low,PO504389,duplicate,completed,False,
CASE-00234,INV-000234,Invoice rejected,2026-01-07T07:03:27.282856,SAP,System,system,17761.39,EUR,IT,V1411,low,PO504389,duplicate,rejected,False,
CASE-00235,INV-000235,Invoice received,2026-01-06T11:24:00,Coupa,System,system,5701.26,EUR,IT,V8460,high,PO652059,,completed,False,
CASE-00235,INV-000235,Validate invoice data,2026-01-06T11:48:00,Coupa,AP Clerk,ap13,5701.26,EUR,IT,V8460,high,PO652059,,completed,False,
CASE-00235,INV-000235,Check PO exists,2026-01-06T12:06:00,SAP,System,system,5701.26,EUR,IT,V8460,high,PO652059,,completed,False,
CASE-00235,INV-000235,Run three-way match,2026-01-06T12:36:00,SAP,System,system,5701.26,EUR,IT,V8460,high,PO652059,,completed,False,
CASE-00235,INV-000235,Run duplicate invoice check,2026-01-06T12:48:00,SAP,System,system,5701.26,EUR,IT,V8460,high,PO652059,,completed,False,
CASE-00235,INV-000235,Check vendor risk,2026-01-06T13:00:00,Vendor Master Data,System,system,5701.26,EUR,IT,V8460,high,PO652059,,completed,False,
CASE-00235,INV-000235,Compliance review,2026-01-08T22:04:56.911812,Vendor Master Data,Compliance Officer,ap13,5701.26,EUR,IT,V8460,high,PO652059,,completed,False,
CASE-00235,INV-000235,Check approval threshold,2026-01-08T22:10:56.911812,SAP,System,system,5701.26,EUR,IT,V8460,high,PO652059,,completed,False,
CASE-00235,INV-000235,Auto approve for payment scheduling,2026-01-08T22:16:56.911812,SAP,System,system,5701.26,EUR,IT,V8460,high,PO652059,,completed,False,
CASE-00235,INV-000235,Schedule payment,2026-01-09T09:40:54.020373,Payment System,System,system,5701.26,EUR,IT,V8460,high,PO652059,,completed,False,
CASE-00235,INV-000235,Send remittance notice,2026-01-09T09:46:54.020373,Payment System,System,system,5701.26,EUR,IT,V8460,high,PO652059,,completed,False,
CASE-00235,INV-000235,Invoice paid,2026-01-09T09:52:54.020373,Payment System,System,system,5701.26,EUR,IT,V8460,high,PO652059,,paid,False,
CASE-00236,INV-000236,Invoice received,2026-01-06T11:31:00,Coupa,System,system,18210.37,EUR,ES,V5205,high,PO253605,,completed,False,
CASE-00236,INV-000236,Validate invoice data,2026-01-06T11:55:00,Coupa,AP Clerk,ap18,18210.37,EUR,ES,V5205,high,PO253605,,completed,False,
CASE-00236,INV-000236,Check PO exists,2026-01-06T12:13:00,SAP,System,system,18210.37,EUR,ES,V5205,high,PO253605,,completed,False,
CASE-00236,INV-000236,Run three-way match,2026-01-06T12:43:00,SAP,System,system,18210.37,EUR,ES,V5205,high,PO253605,,completed,False,
CASE-00236,INV-000236,Run duplicate invoice check,2026-01-06T12:55:00,SAP,System,system,18210.37,EUR,ES,V5205,high,PO253605,,completed,False,
CASE-00236,INV-000236,Check vendor risk,2026-01-06T13:07:00,Vendor Master Data,System,system,18210.37,EUR,ES,V5205,high,PO253605,,completed,False,
CASE-00236,INV-000236,Compliance review,2026-01-07T12:23:42.854744,Vendor Master Data,Compliance Officer,ap18,18210.37,EUR,ES,V5205,high,PO253605,,completed,False,
CASE-00236,INV-000236,Check approval threshold,2026-01-07T12:29:42.854744,SAP,System,system,18210.37,EUR,ES,V5205,high,PO253605,,completed,False,
CASE-00236,INV-000236,Finance manager approval,2026-01-08T20:18:08.788379,SAP,Finance Manager,ap18,18210.37,EUR,ES,V5205,high,PO253605,,completed,False,
CASE-00236,INV-000236,Schedule payment,2026-01-09T04:26:14.918573,Payment System,System,system,18210.37,EUR,ES,V5205,high,PO253605,,completed,False,
CASE-00236,INV-000236,Send remittance notice,2026-01-09T04:32:14.918573,Payment System,System,system,18210.37,EUR,ES,V5205,high,PO253605,,completed,False,
CASE-00236,INV-000236,Invoice paid,2026-01-09T04:38:14.918573,Payment System,System,system,18210.37,EUR,ES,V5205,high,PO253605,,paid,False,
CASE-00237,INV-000237,Invoice received,2026-01-06T11:38:00,Coupa,System,system,9343.2,EUR,FR,V7834,low,PO850370,,completed,False,
CASE-00237,INV-000237,Validate invoice data,2026-01-06T12:02:00,Coupa,AP Clerk,ap19,9343.2,EUR,FR,V7834,low,PO850370,,completed,False,
CASE-00237,INV-000237,Check PO exists,2026-01-06T12:20:00,SAP,System,system,9343.2,EUR,FR,V7834,low,PO850370,,completed,False,
CASE-00237,INV-000237,Run three-way match,2026-01-06T12:50:00,SAP,System,system,9343.2,EUR,FR,V7834,low,PO850370,,completed,False,
CASE-00237,INV-000237,Run duplicate invoice check,2026-01-06T13:02:00,SAP,System,system,9343.2,EUR,FR,V7834,low,PO850370,,completed,False,
CASE-00237,INV-000237,Check vendor risk,2026-01-06T13:14:00,Vendor Master Data,System,system,9343.2,EUR,FR,V7834,low,PO850370,,completed,False,
CASE-00237,INV-000237,Check approval threshold,2026-01-06T13:20:00,SAP,System,system,9343.2,EUR,FR,V7834,low,PO850370,,completed,False,
CASE-00237,INV-000237,Auto approve for payment scheduling,2026-01-06T13:26:00,SAP,System,system,9343.2,EUR,FR,V7834,low,PO850370,,completed,False,
CASE-00237,INV-000237,Schedule payment,2026-01-06T20:47:50.264239,Payment System,System,system,9343.2,EUR,FR,V7834,low,PO850370,,completed,False,
CASE-00237,INV-000237,Send remittance notice,2026-01-06T20:53:50.264239,Payment System,System,system,9343.2,EUR,FR,V7834,low,PO850370,,completed,False,
CASE-00237,INV-000237,Invoice paid,2026-01-06T20:59:50.264239,Payment System,System,system,9343.2,EUR,FR,V7834,low,PO850370,,paid,False,
CASE-00238,INV-000238,Invoice received,2026-01-06T11:45:00,Coupa,System,system,14420.2,EUR,FR,V6890,low,PO683931,,completed,False,
CASE-00238,INV-000238,Validate invoice data,2026-01-06T12:09:00,Coupa,AP Clerk,ap14,14420.2,EUR,FR,V6890,low,PO683931,,completed,False,
CASE-00238,INV-000238,Check PO exists,2026-01-06T12:27:00,SAP,System,system,14420.2,EUR,FR,V6890,low,PO683931,,completed,False,
CASE-00238,INV-000238,Run three-way match,2026-01-06T12:57:00,SAP,System,system,14420.2,EUR,FR,V6890,low,PO683931,,completed,False,
CASE-00238,INV-000238,Run duplicate invoice check,2026-01-06T13:09:00,SAP,System,system,14420.2,EUR,FR,V6890,low,PO683931,,completed,False,
CASE-00238,INV-000238,Check vendor risk,2026-01-06T13:21:00,Vendor Master Data,System,system,14420.2,EUR,FR,V6890,low,PO683931,,completed,False,
CASE-00238,INV-000238,Check approval threshold,2026-01-06T13:27:00,SAP,System,system,14420.2,EUR,FR,V6890,low,PO683931,,completed,False,
CASE-00238,INV-000238,Finance manager approval,2026-01-07T21:41:17.788981,SAP,Finance Manager,ap14,14420.2,EUR,FR,V6890,low,PO683931,,completed,False,
CASE-00238,INV-000238,Schedule payment,2026-01-08T05:56:21.009100,Payment System,System,system,14420.2,EUR,FR,V6890,low,PO683931,,completed,False,
CASE-00238,INV-000238,Send remittance notice,2026-01-08T06:02:21.009100,Payment System,System,system,14420.2,EUR,FR,V6890,low,PO683931,,completed,False,
CASE-00238,INV-000238,Invoice paid,2026-01-08T06:08:21.009100,Payment System,System,system,14420.2,EUR,FR,V6890,low,PO683931,,paid,False,
CASE-00239,INV-000239,Invoice received,2026-01-06T11:52:00,Coupa,System,system,7950.96,EUR,IT,V8124,low,PO485396,,completed,False,
CASE-00239,INV-000239,Validate invoice data,2026-01-06T12:16:00,Coupa,AP Clerk,ap17,7950.96,EUR,IT,V8124,low,PO485396,,completed,False,
CASE-00239,INV-000239,Manual Email Review,2026-01-07T11:00:35.354966,Email and Excel,AP Clerk,ap17,7950.96,EUR,IT,V8124,low,PO485396,,completed,True,Manual Email Review
CASE-00239,INV-000239,Check PO exists,2026-01-07T11:18:35.354966,SAP,System,system,7950.96,EUR,IT,V8124,low,PO485396,,completed,False,
CASE-00239,INV-000239,Run three-way match,2026-01-07T11:48:35.354966,SAP,System,system,7950.96,EUR,IT,V8124,low,PO485396,,completed,False,
CASE-00239,INV-000239,Classify exception,2026-01-07T12:00:35.354966,ServiceNow,AP Clerk,ap17,7950.96,EUR,IT,V8124,low,PO485396,price_mismatch,completed,False,
CASE-00239,INV-000239,Create price mismatch ticket,2026-01-07T12:12:35.354966,ServiceNow,System,system,7950.96,EUR,IT,V8124,low,PO485396,price_mismatch,completed,False,
CASE-00239,INV-000239,AP review price mismatch,2026-01-10T10:30:50.937095,ServiceNow,AP Clerk,ap17,7950.96,EUR,IT,V8124,low,PO485396,price_mismatch,completed,False,
CASE-00239,INV-000239,Correction for price mismatch,2026-01-10T20:38:23.177031,SAP,Procurement Specialist,ap17,7950.96,EUR,IT,V8124,low,PO485396,price_mismatch,completed,False,
CASE-00239,INV-000239,Run three-way match,2026-01-10T21:02:23.177031,SAP,System,system,7950.96,EUR,IT,V8124,low,PO485396,price_mismatch,completed,False,
CASE-00239,INV-000239,Run duplicate invoice check,2026-01-10T21:14:23.177031,SAP,System,system,7950.96,EUR,IT,V8124,low,PO485396,,completed,False,
CASE-00239,INV-000239,Check vendor risk,2026-01-10T21:26:23.177031,Vendor Master Data,System,system,7950.96,EUR,IT,V8124,low,PO485396,,completed,False,
CASE-00239,INV-000239,Check approval threshold,2026-01-10T21:32:23.177031,SAP,System,system,7950.96,EUR,IT,V8124,low,PO485396,,completed,False,
CASE-00239,INV-000239,Auto approve for payment scheduling,2026-01-10T21:38:23.177031,SAP,System,system,7950.96,EUR,IT,V8124,low,PO485396,,completed,False,
CASE-00239,INV-000239,Schedule payment,2026-01-11T04:53:08.319371,Payment System,System,system,7950.96,EUR,IT,V8124,low,PO485396,,completed,False,
CASE-00239,INV-000239,Send remittance notice,2026-01-11T04:59:08.319371,Payment System,System,system,7950.96,EUR,IT,V8124,low,PO485396,,completed,False,
CASE-00239,INV-000239,Invoice paid,2026-01-11T05:05:08.319371,Payment System,System,system,7950.96,EUR,IT,V8124,low,PO485396,,paid,False,
CASE-00240,INV-000240,Invoice received,2026-01-06T11:59:00,Coupa,System,system,7210.5,EUR,NL,V8871,low,PO792506,,completed,False,
CASE-00240,INV-000240,Validate invoice data,2026-01-06T12:23:00,Coupa,AP Clerk,ap07,7210.5,EUR,NL,V8871,low,PO792506,,completed,False,
CASE-00240,INV-000240,Check PO exists,2026-01-06T12:41:00,SAP,System,system,7210.5,EUR,NL,V8871,low,PO792506,,completed,False,
CASE-00240,INV-000240,Run three-way match,2026-01-06T13:11:00,SAP,System,system,7210.5,EUR,NL,V8871,low,PO792506,,completed,False,
CASE-00240,INV-000240,Classify exception,2026-01-06T13:23:00,ServiceNow,AP Clerk,ap07,7210.5,EUR,NL,V8871,low,PO792506,price_mismatch,completed,False,
CASE-00240,INV-000240,Create price mismatch ticket,2026-01-06T13:35:00,ServiceNow,System,system,7210.5,EUR,NL,V8871,low,PO792506,price_mismatch,completed,False,
CASE-00240,INV-000240,AP review price mismatch,2026-01-09T15:23:02.844349,ServiceNow,AP Clerk,ap07,7210.5,EUR,NL,V8871,low,PO792506,price_mismatch,completed,False,
CASE-00240,INV-000240,Correction for price mismatch,2026-01-10T01:40:06.041316,SAP,Procurement Specialist,ap07,7210.5,EUR,NL,V8871,low,PO792506,price_mismatch,completed,False,
CASE-00240,INV-000240,Run three-way match,2026-01-10T02:04:06.041316,SAP,System,system,7210.5,EUR,NL,V8871,low,PO792506,price_mismatch,completed,False,
CASE-00240,INV-000240,Run duplicate invoice check,2026-01-10T02:16:06.041316,SAP,System,system,7210.5,EUR,NL,V8871,low,PO792506,,completed,False,
CASE-00240,INV-000240,Check vendor risk,2026-01-10T02:28:06.041316,Vendor Master Data,System,system,7210.5,EUR,NL,V8871,low,PO792506,,completed,False,
CASE-00240,INV-000240,Check approval threshold,2026-01-10T02:34:06.041316,SAP,System,system,7210.5,EUR,NL,V8871,low,PO792506,,completed,False,
CASE-00240,INV-000240,Auto approve for payment scheduling,2026-01-10T02:40:06.041316,SAP,System,system,7210.5,EUR,NL,V8871,low,PO792506,,completed,False,
CASE-00240,INV-000240,Schedule payment,2026-01-10T11:42:32.208801,Payment System,System,system,7210.5,EUR,NL,V8871,low,PO792506,,completed,False,
CASE-00240,INV-000240,Send remittance notice,2026-01-10T11:48:32.208801,Payment System,System,system,7210.5,EUR,NL,V8871,low,PO792506,,completed,False,
CASE-00240,INV-000240,Invoice paid,2026-01-10T11:54:32.208801,Payment System,System,system,7210.5,EUR,NL,V8871,low,PO792506,,paid,False,
CASE-00241,INV-000241,Invoice received,2026-01-06T12:06:00,Coupa,System,system,6127.73,EUR,IT,V7054,medium,PO791805,,completed,False,
CASE-00241,INV-000241,Validate invoice data,2026-01-06T12:30:00,Coupa,AP Clerk,ap13,6127.73,EUR,IT,V7054,medium,PO791805,,completed,False,
CASE-00241,INV-000241,Check PO exists,2026-01-06T12:48:00,SAP,System,system,6127.73,EUR,IT,V7054,medium,PO791805,,completed,False,
CASE-00241,INV-000241,Run three-way match,2026-01-06T13:18:00,SAP,System,system,6127.73,EUR,IT,V7054,medium,PO791805,,completed,False,
CASE-00241,INV-000241,Classify exception,2026-01-06T13:30:00,ServiceNow,AP Clerk,ap13,6127.73,EUR,IT,V7054,medium,PO791805,price_mismatch,completed,False,
CASE-00241,INV-000241,Create price mismatch ticket,2026-01-06T13:42:00,ServiceNow,System,system,6127.73,EUR,IT,V7054,medium,PO791805,price_mismatch,completed,False,
CASE-00241,INV-000241,AP review price mismatch,2026-01-10T11:39:43.191699,ServiceNow,AP Clerk,ap13,6127.73,EUR,IT,V7054,medium,PO791805,price_mismatch,completed,False,
CASE-00241,INV-000241,Correction for price mismatch,2026-01-10T17:36:51.653595,SAP,Procurement Specialist,ap13,6127.73,EUR,IT,V7054,medium,PO791805,price_mismatch,completed,False,
CASE-00241,INV-000241,Run three-way match,2026-01-10T18:00:51.653595,SAP,System,system,6127.73,EUR,IT,V7054,medium,PO791805,price_mismatch,completed,False,
CASE-00241,INV-000241,Run duplicate invoice check,2026-01-10T18:12:51.653595,SAP,System,system,6127.73,EUR,IT,V7054,medium,PO791805,,completed,False,
CASE-00241,INV-000241,Check vendor risk,2026-01-10T18:24:51.653595,Vendor Master Data,System,system,6127.73,EUR,IT,V7054,medium,PO791805,,completed,False,
CASE-00241,INV-000241,Check approval threshold,2026-01-10T18:30:51.653595,SAP,System,system,6127.73,EUR,IT,V7054,medium,PO791805,,completed,False,
CASE-00241,INV-000241,Auto approve for payment scheduling,2026-01-10T18:36:51.653595,SAP,System,system,6127.73,EUR,IT,V7054,medium,PO791805,,completed,False,
CASE-00241,INV-000241,Schedule payment,2026-01-11T02:54:06.107675,Payment System,System,system,6127.73,EUR,IT,V7054,medium,PO791805,,completed,False,
CASE-00241,INV-000241,Send remittance notice,2026-01-11T03:00:06.107675,Payment System,System,system,6127.73,EUR,IT,V7054,medium,PO791805,,completed,False,
CASE-00241,INV-000241,Invoice paid,2026-01-11T03:06:06.107675,Payment System,System,system,6127.73,EUR,IT,V7054,medium,PO791805,,paid,False,
CASE-00242,INV-000242,Invoice received,2026-01-06T12:13:00,Coupa,System,system,8830.96,EUR,DE,V2549,low,PO109008,,completed,False,
CASE-00242,INV-000242,Validate invoice data,2026-01-06T12:37:00,Coupa,AP Clerk,ap15,8830.96,EUR,DE,V2549,low,PO109008,,completed,False,
CASE-00242,INV-000242,Check PO exists,2026-01-06T12:55:00,SAP,System,system,8830.96,EUR,DE,V2549,low,PO109008,,completed,False,
CASE-00242,INV-000242,Create missing PO exception,2026-01-06T13:07:00,ServiceNow,System,system,8830.96,EUR,DE,V2549,low,PO109008,missing_po,completed,False,
CASE-00242,INV-000242,AP review missing PO,2026-01-08T13:12:07.963051,ServiceNow,AP Clerk,ap15,8830.96,EUR,DE,V2549,low,PO109008,missing_po,completed,False,
CASE-00242,INV-000242,Procurement correction,2026-01-09T14:57:40.611719,SAP,Procurement Specialist,ap15,8830.96,EUR,DE,V2549,low,PO109008,missing_po,completed,False,
CASE-00242,INV-000242,Check PO exists,2026-01-09T15:09:40.611719,SAP,System,system,8830.96,EUR,DE,V2549,low,PO109008,missing_po,completed,False,
CASE-00242,INV-000242,Run three-way match,2026-01-09T15:39:40.611719,SAP,System,system,8830.96,EUR,DE,V2549,low,PO109008,,completed,False,
CASE-00242,INV-000242,Run duplicate invoice check,2026-01-09T15:51:40.611719,SAP,System,system,8830.96,EUR,DE,V2549,low,PO109008,,completed,False,
CASE-00242,INV-000242,Check vendor risk,2026-01-09T16:03:40.611719,Vendor Master Data,System,system,8830.96,EUR,DE,V2549,low,PO109008,,completed,False,
CASE-00242,INV-000242,Check approval threshold,2026-01-09T16:09:40.611719,SAP,System,system,8830.96,EUR,DE,V2549,low,PO109008,,completed,False,
CASE-00242,INV-000242,Auto approve for payment scheduling,2026-01-09T16:15:40.611719,SAP,System,system,8830.96,EUR,DE,V2549,low,PO109008,,completed,False,
CASE-00242,INV-000242,Schedule payment,2026-01-09T20:49:32.339540,Payment System,System,system,8830.96,EUR,DE,V2549,low,PO109008,,completed,False,
CASE-00242,INV-000242,Send remittance notice,2026-01-09T20:55:32.339540,Payment System,System,system,8830.96,EUR,DE,V2549,low,PO109008,,completed,False,
CASE-00242,INV-000242,Invoice paid,2026-01-09T21:01:32.339540,Payment System,System,system,8830.96,EUR,DE,V2549,low,PO109008,,paid,False,
CASE-00243,INV-000243,Invoice received,2026-01-06T12:20:00,Coupa,System,system,643.28,EUR,IT,V9352,low,PO186484,,completed,False,
CASE-00243,INV-000243,Validate invoice data,2026-01-06T12:44:00,Coupa,AP Clerk,ap18,643.28,EUR,IT,V9352,low,PO186484,,completed,False,
CASE-00243,INV-000243,Check PO exists,2026-01-06T13:02:00,SAP,System,system,643.28,EUR,IT,V9352,low,PO186484,,completed,False,
CASE-00243,INV-000243,Run three-way match,2026-01-06T13:32:00,SAP,System,system,643.28,EUR,IT,V9352,low,PO186484,,completed,False,
CASE-00243,INV-000243,Run duplicate invoice check,2026-01-06T13:44:00,SAP,System,system,643.28,EUR,IT,V9352,low,PO186484,,completed,False,
CASE-00243,INV-000243,Check vendor risk,2026-01-06T13:56:00,Vendor Master Data,System,system,643.28,EUR,IT,V9352,low,PO186484,,completed,False,
CASE-00243,INV-000243,Check approval threshold,2026-01-06T14:02:00,SAP,System,system,643.28,EUR,IT,V9352,low,PO186484,,completed,False,
CASE-00243,INV-000243,Auto approve for payment scheduling,2026-01-06T14:08:00,SAP,System,system,643.28,EUR,IT,V9352,low,PO186484,,completed,False,
CASE-00243,INV-000243,Schedule payment,2026-01-07T01:26:37.709041,Payment System,System,system,643.28,EUR,IT,V9352,low,PO186484,,completed,False,
CASE-00243,INV-000243,Send remittance notice,2026-01-07T01:32:37.709041,Payment System,System,system,643.28,EUR,IT,V9352,low,PO186484,,completed,False,
CASE-00243,INV-000243,Invoice paid,2026-01-07T01:38:37.709041,Payment System,System,system,643.28,EUR,IT,V9352,low,PO186484,,paid,False,
CASE-00244,INV-000244,Invoice received,2026-01-06T12:27:00,Coupa,System,system,10208.28,EUR,IT,V8443,low,PO866641,,completed,False,
CASE-00244,INV-000244,Validate invoice data,2026-01-06T12:51:00,Coupa,AP Clerk,ap19,10208.28,EUR,IT,V8443,low,PO866641,,completed,False,
CASE-00244,INV-000244,Check PO exists,2026-01-06T13:09:00,SAP,System,system,10208.28,EUR,IT,V8443,low,PO866641,,completed,False,
CASE-00244,INV-000244,Run three-way match,2026-01-06T13:39:00,SAP,System,system,10208.28,EUR,IT,V8443,low,PO866641,,completed,False,
CASE-00244,INV-000244,Run duplicate invoice check,2026-01-06T13:51:00,SAP,System,system,10208.28,EUR,IT,V8443,low,PO866641,,completed,False,
CASE-00244,INV-000244,Check vendor risk,2026-01-06T14:03:00,Vendor Master Data,System,system,10208.28,EUR,IT,V8443,low,PO866641,,completed,False,
CASE-00244,INV-000244,Check approval threshold,2026-01-06T14:09:00,SAP,System,system,10208.28,EUR,IT,V8443,low,PO866641,,completed,False,
CASE-00244,INV-000244,Finance manager approval,2026-01-07T02:28:53.699231,SAP,Finance Manager,ap19,10208.28,EUR,IT,V8443,low,PO866641,,completed,False,
CASE-00244,INV-000244,Schedule payment,2026-01-07T10:14:52.995590,Payment System,System,system,10208.28,EUR,IT,V8443,low,PO866641,,completed,False,
CASE-00244,INV-000244,Send remittance notice,2026-01-07T10:20:52.995590,Payment System,System,system,10208.28,EUR,IT,V8443,low,PO866641,,completed,False,
CASE-00244,INV-000244,Invoice paid,2026-01-07T10:26:52.995590,Payment System,System,system,10208.28,EUR,IT,V8443,low,PO866641,,paid,False,
CASE-00245,INV-000245,Invoice received,2026-01-06T12:34:00,Coupa,System,system,21940.86,EUR,FR,V7704,low,PO800164,,completed,False,
CASE-00245,INV-000245,Validate invoice data,2026-01-06T12:58:00,Coupa,AP Clerk,ap20,21940.86,EUR,FR,V7704,low,PO800164,,completed,False,
CASE-00245,INV-000245,Check PO exists,2026-01-06T13:16:00,SAP,System,system,21940.86,EUR,FR,V7704,low,PO800164,,completed,False,
CASE-00245,INV-000245,Create missing PO exception,2026-01-06T13:28:00,ServiceNow,System,system,21940.86,EUR,FR,V7704,low,PO800164,missing_po,completed,False,
CASE-00245,INV-000245,AP review missing PO,2026-01-09T18:35:43.553348,ServiceNow,AP Clerk,ap20,21940.86,EUR,FR,V7704,low,PO800164,missing_po,completed,False,
CASE-00245,INV-000245,Procurement correction,2026-01-11T07:03:51.419723,SAP,Procurement Specialist,ap20,21940.86,EUR,FR,V7704,low,PO800164,missing_po,completed,False,
CASE-00245,INV-000245,Check PO exists,2026-01-11T07:15:51.419723,SAP,System,system,21940.86,EUR,FR,V7704,low,PO800164,missing_po,completed,False,
CASE-00245,INV-000245,Run three-way match,2026-01-11T07:45:51.419723,SAP,System,system,21940.86,EUR,FR,V7704,low,PO800164,,completed,False,
CASE-00245,INV-000245,Run duplicate invoice check,2026-01-11T07:57:51.419723,SAP,System,system,21940.86,EUR,FR,V7704,low,PO800164,,completed,False,
CASE-00245,INV-000245,Check vendor risk,2026-01-11T08:09:51.419723,Vendor Master Data,System,system,21940.86,EUR,FR,V7704,low,PO800164,,completed,False,
CASE-00245,INV-000245,Check approval threshold,2026-01-11T08:15:51.419723,SAP,System,system,21940.86,EUR,FR,V7704,low,PO800164,,completed,False,
CASE-00245,INV-000245,Finance manager approval,2026-01-13T02:38:00.970167,SAP,Finance Manager,ap20,21940.86,EUR,FR,V7704,low,PO800164,,completed,False,
CASE-00245,INV-000245,Schedule payment,2026-01-13T11:57:08.046394,Payment System,System,system,21940.86,EUR,FR,V7704,low,PO800164,,completed,False,
CASE-00245,INV-000245,Send remittance notice,2026-01-13T12:03:08.046394,Payment System,System,system,21940.86,EUR,FR,V7704,low,PO800164,,completed,False,
CASE-00245,INV-000245,Invoice paid,2026-01-13T12:09:08.046394,Payment System,System,system,21940.86,EUR,FR,V7704,low,PO800164,,paid,False,
CASE-00246,INV-000246,Invoice received,2026-01-06T12:41:00,Coupa,System,system,21857.18,EUR,FR,V7138,low,PO706995,,completed,False,
CASE-00246,INV-000246,Validate invoice data,2026-01-06T13:05:00,Coupa,AP Clerk,ap24,21857.18,EUR,FR,V7138,low,PO706995,,completed,False,
CASE-00246,INV-000246,Manual Email Review,2026-01-07T20:27:28.097006,Email and Excel,AP Clerk,ap24,21857.18,EUR,FR,V7138,low,PO706995,,completed,True,Manual Email Review
CASE-00246,INV-000246,Check PO exists,2026-01-07T20:45:28.097006,SAP,System,system,21857.18,EUR,FR,V7138,low,PO706995,,completed,False,
CASE-00246,INV-000246,Run three-way match,2026-01-07T21:15:28.097006,SAP,System,system,21857.18,EUR,FR,V7138,low,PO706995,,completed,False,
CASE-00246,INV-000246,Run duplicate invoice check,2026-01-07T21:27:28.097006,SAP,System,system,21857.18,EUR,FR,V7138,low,PO706995,,completed,False,
CASE-00246,INV-000246,Check vendor risk,2026-01-07T21:39:28.097006,Vendor Master Data,System,system,21857.18,EUR,FR,V7138,low,PO706995,,completed,False,
CASE-00246,INV-000246,Check approval threshold,2026-01-07T21:45:28.097006,SAP,System,system,21857.18,EUR,FR,V7138,low,PO706995,,completed,False,
CASE-00246,INV-000246,Finance manager approval,2026-01-09T09:36:00.661942,SAP,Finance Manager,ap24,21857.18,EUR,FR,V7138,low,PO706995,,completed,False,
CASE-00246,INV-000246,Schedule payment,2026-01-09T15:59:36.561135,Payment System,System,system,21857.18,EUR,FR,V7138,low,PO706995,,completed,False,
CASE-00246,INV-000246,Send remittance notice,2026-01-09T16:05:36.561135,Payment System,System,system,21857.18,EUR,FR,V7138,low,PO706995,,completed,False,
CASE-00246,INV-000246,Invoice paid,2026-01-09T16:11:36.561135,Payment System,System,system,21857.18,EUR,FR,V7138,low,PO706995,,paid,False,
CASE-00247,INV-000247,Invoice received,2026-01-06T12:48:00,Coupa,System,system,22715.98,EUR,ES,V7000,medium,PO214453,,completed,False,
CASE-00247,INV-000247,Validate invoice data,2026-01-06T13:12:00,Coupa,AP Clerk,ap12,22715.98,EUR,ES,V7000,medium,PO214453,,completed,False,
CASE-00247,INV-000247,Check PO exists,2026-01-06T13:30:00,SAP,System,system,22715.98,EUR,ES,V7000,medium,PO214453,,completed,False,
CASE-00247,INV-000247,Run three-way match,2026-01-06T14:00:00,SAP,System,system,22715.98,EUR,ES,V7000,medium,PO214453,,completed,False,
CASE-00247,INV-000247,Run duplicate invoice check,2026-01-06T14:12:00,SAP,System,system,22715.98,EUR,ES,V7000,medium,PO214453,,completed,False,
CASE-00247,INV-000247,Check vendor risk,2026-01-06T14:24:00,Vendor Master Data,System,system,22715.98,EUR,ES,V7000,medium,PO214453,,completed,False,
CASE-00247,INV-000247,Check approval threshold,2026-01-06T14:30:00,SAP,System,system,22715.98,EUR,ES,V7000,medium,PO214453,,completed,False,
CASE-00247,INV-000247,Finance manager approval,2026-01-08T01:07:11.908842,SAP,Finance Manager,ap12,22715.98,EUR,ES,V7000,medium,PO214453,,completed,False,
CASE-00247,INV-000247,Schedule payment,2026-01-08T12:08:36.564322,Payment System,System,system,22715.98,EUR,ES,V7000,medium,PO214453,,completed,False,
CASE-00247,INV-000247,Send remittance notice,2026-01-08T12:14:36.564322,Payment System,System,system,22715.98,EUR,ES,V7000,medium,PO214453,,completed,False,
CASE-00247,INV-000247,Invoice paid,2026-01-08T12:20:36.564322,Payment System,System,system,22715.98,EUR,ES,V7000,medium,PO214453,,paid,False,
CASE-00248,INV-000248,Invoice received,2026-01-06T12:55:00,Coupa,System,system,1211.52,EUR,FR,V8935,medium,PO450655,,completed,False,
CASE-00248,INV-000248,Validate invoice data,2026-01-06T13:19:00,Coupa,AP Clerk,ap03,1211.52,EUR,FR,V8935,medium,PO450655,,completed,False,
CASE-00248,INV-000248,Check PO exists,2026-01-06T13:37:00,SAP,System,system,1211.52,EUR,FR,V8935,medium,PO450655,,completed,False,
CASE-00248,INV-000248,Run three-way match,2026-01-06T14:07:00,SAP,System,system,1211.52,EUR,FR,V8935,medium,PO450655,,completed,False,
CASE-00248,INV-000248,Classify exception,2026-01-06T14:19:00,ServiceNow,AP Clerk,ap03,1211.52,EUR,FR,V8935,medium,PO450655,quantity_mismatch,completed,False,
CASE-00248,INV-000248,Create quantity mismatch ticket,2026-01-06T14:31:00,ServiceNow,System,system,1211.52,EUR,FR,V8935,medium,PO450655,quantity_mismatch,completed,False,
CASE-00248,INV-000248,AP review quantity mismatch,2026-01-10T11:45:50.743399,ServiceNow,AP Clerk,ap03,1211.52,EUR,FR,V8935,medium,PO450655,quantity_mismatch,completed,False,
CASE-00248,INV-000248,Correction for quantity mismatch,2026-01-11T09:08:11.415412,SAP,Procurement Specialist,ap03,1211.52,EUR,FR,V8935,medium,PO450655,quantity_mismatch,completed,False,
CASE-00248,INV-000248,Run three-way match,2026-01-11T09:32:11.415412,SAP,System,system,1211.52,EUR,FR,V8935,medium,PO450655,quantity_mismatch,completed,False,
CASE-00248,INV-000248,Run duplicate invoice check,2026-01-11T09:44:11.415412,SAP,System,system,1211.52,EUR,FR,V8935,medium,PO450655,,completed,False,
CASE-00248,INV-000248,Check vendor risk,2026-01-11T09:56:11.415412,Vendor Master Data,System,system,1211.52,EUR,FR,V8935,medium,PO450655,,completed,False,
CASE-00248,INV-000248,Check approval threshold,2026-01-11T10:02:11.415412,SAP,System,system,1211.52,EUR,FR,V8935,medium,PO450655,,completed,False,
CASE-00248,INV-000248,Auto approve for payment scheduling,2026-01-11T10:08:11.415412,SAP,System,system,1211.52,EUR,FR,V8935,medium,PO450655,,completed,False,
CASE-00248,INV-000248,Schedule payment,2026-01-11T19:58:15.310176,Payment System,System,system,1211.52,EUR,FR,V8935,medium,PO450655,,completed,False,
CASE-00248,INV-000248,Send remittance notice,2026-01-11T20:04:15.310176,Payment System,System,system,1211.52,EUR,FR,V8935,medium,PO450655,,completed,False,
CASE-00248,INV-000248,Invoice paid,2026-01-11T20:10:15.310176,Payment System,System,system,1211.52,EUR,FR,V8935,medium,PO450655,,paid,False,
CASE-00249,INV-000249,Invoice received,2026-01-06T13:02:00,Coupa,System,system,12546.88,EUR,ES,V7572,low,PO886054,,completed,False,
CASE-00249,INV-000249,Validate invoice data,2026-01-06T13:26:00,Coupa,AP Clerk,ap21,12546.88,EUR,ES,V7572,low,PO886054,,completed,False,
CASE-00249,INV-000249,Check PO exists,2026-01-06T13:44:00,SAP,System,system,12546.88,EUR,ES,V7572,low,PO886054,,completed,False,
CASE-00249,INV-000249,Create missing PO exception,2026-01-06T13:56:00,ServiceNow,System,system,12546.88,EUR,ES,V7572,low,PO886054,missing_po,completed,False,
CASE-00249,INV-000249,AP review missing PO,2026-01-10T19:27:43.416836,ServiceNow,AP Clerk,ap21,12546.88,EUR,ES,V7572,low,PO886054,missing_po,completed,False,
CASE-00249,INV-000249,Procurement correction,2026-01-11T16:02:43.508583,SAP,Procurement Specialist,ap21,12546.88,EUR,ES,V7572,low,PO886054,missing_po,completed,False,
CASE-00249,INV-000249,Check PO exists,2026-01-11T16:14:43.508583,SAP,System,system,12546.88,EUR,ES,V7572,low,PO886054,missing_po,completed,False,
CASE-00249,INV-000249,Run three-way match,2026-01-11T16:44:43.508583,SAP,System,system,12546.88,EUR,ES,V7572,low,PO886054,,completed,False,
CASE-00249,INV-000249,Run duplicate invoice check,2026-01-11T16:56:43.508583,SAP,System,system,12546.88,EUR,ES,V7572,low,PO886054,,completed,False,
CASE-00249,INV-000249,Check vendor risk,2026-01-11T17:08:43.508583,Vendor Master Data,System,system,12546.88,EUR,ES,V7572,low,PO886054,,completed,False,
CASE-00249,INV-000249,Check approval threshold,2026-01-11T17:14:43.508583,SAP,System,system,12546.88,EUR,ES,V7572,low,PO886054,,completed,False,
CASE-00249,INV-000249,Finance manager approval,2026-01-12T07:37:24.203009,SAP,Finance Manager,ap21,12546.88,EUR,ES,V7572,low,PO886054,,completed,False,
CASE-00249,INV-000249,Schedule payment,2026-01-12T15:13:16.094672,Payment System,System,system,12546.88,EUR,ES,V7572,low,PO886054,,completed,False,
CASE-00249,INV-000249,Send remittance notice,2026-01-12T15:19:16.094672,Payment System,System,system,12546.88,EUR,ES,V7572,low,PO886054,,completed,False,
CASE-00249,INV-000249,Invoice paid,2026-01-12T15:25:16.094672,Payment System,System,system,12546.88,EUR,ES,V7572,low,PO886054,,paid,False,
CASE-00250,INV-000250,Invoice received,2026-01-06T13:09:00,Coupa,System,system,10965.97,EUR,FR,V4813,medium,PO727687,,completed,False,
CASE-00250,INV-000250,Validate invoice data,2026-01-06T13:33:00,Coupa,AP Clerk,ap02,10965.97,EUR,FR,V4813,medium,PO727687,,completed,False,
CASE-00250,INV-000250,Manual Email Review,2026-01-07T07:12:47.646143,Email and Excel,AP Clerk,ap02,10965.97,EUR,FR,V4813,medium,PO727687,,completed,True,Manual Email Review
CASE-00250,INV-000250,Check PO exists,2026-01-07T07:30:47.646143,SAP,System,system,10965.97,EUR,FR,V4813,medium,PO727687,,completed,False,
CASE-00250,INV-000250,Run three-way match,2026-01-07T08:00:47.646143,SAP,System,system,10965.97,EUR,FR,V4813,medium,PO727687,,completed,False,
CASE-00250,INV-000250,Classify exception,2026-01-07T08:12:47.646143,ServiceNow,AP Clerk,ap02,10965.97,EUR,FR,V4813,medium,PO727687,price_mismatch,completed,False,
CASE-00250,INV-000250,Create price mismatch ticket,2026-01-07T08:24:47.646143,ServiceNow,System,system,10965.97,EUR,FR,V4813,medium,PO727687,price_mismatch,completed,False,
CASE-00250,INV-000250,AP review price mismatch,2026-01-08T19:38:39.445763,ServiceNow,AP Clerk,ap02,10965.97,EUR,FR,V4813,medium,PO727687,price_mismatch,completed,False,
CASE-00250,INV-000250,Correction for price mismatch,2026-01-09T12:14:44.819546,SAP,Procurement Specialist,ap02,10965.97,EUR,FR,V4813,medium,PO727687,price_mismatch,completed,False,
CASE-00250,INV-000250,Run three-way match,2026-01-09T12:38:44.819546,SAP,System,system,10965.97,EUR,FR,V4813,medium,PO727687,price_mismatch,completed,False,
CASE-00250,INV-000250,Run duplicate invoice check,2026-01-09T12:50:44.819546,SAP,System,system,10965.97,EUR,FR,V4813,medium,PO727687,,completed,False,
CASE-00250,INV-000250,Check vendor risk,2026-01-09T13:02:44.819546,Vendor Master Data,System,system,10965.97,EUR,FR,V4813,medium,PO727687,,completed,False,
CASE-00250,INV-000250,Check approval threshold,2026-01-09T13:08:44.819546,SAP,System,system,10965.97,EUR,FR,V4813,medium,PO727687,,completed,False,
CASE-00250,INV-000250,Finance manager approval,2026-01-09T19:05:12.448049,SAP,Finance Manager,ap02,10965.97,EUR,FR,V4813,medium,PO727687,,completed,False,
CASE-00250,INV-000250,Schedule payment,2026-01-10T03:19:22.503468,Payment System,System,system,10965.97,EUR,FR,V4813,medium,PO727687,,completed,False,
CASE-00250,INV-000250,Send remittance notice,2026-01-10T03:25:22.503468,Payment System,System,system,10965.97,EUR,FR,V4813,medium,PO727687,,completed,False,
CASE-00250,INV-000250,Invoice paid,2026-01-10T03:31:22.503468,Payment System,System,system,10965.97,EUR,FR,V4813,medium,PO727687,,paid,False,
CASE-00251,INV-000251,Invoice received,2026-01-06T13:16:00,Coupa,System,system,18105.43,EUR,NL,V1806,low,PO397272,,completed,False,
CASE-00251,INV-000251,Validate invoice data,2026-01-06T13:40:00,Coupa,AP Clerk,ap14,18105.43,EUR,NL,V1806,low,PO397272,,completed,False,
CASE-00251,INV-000251,Check PO exists,2026-01-06T13:58:00,SAP,System,system,18105.43,EUR,NL,V1806,low,PO397272,,completed,False,
CASE-00251,INV-000251,Run three-way match,2026-01-06T14:28:00,SAP,System,system,18105.43,EUR,NL,V1806,low,PO397272,,completed,False,
CASE-00251,INV-000251,Run duplicate invoice check,2026-01-06T14:40:00,SAP,System,system,18105.43,EUR,NL,V1806,low,PO397272,,completed,False,
CASE-00251,INV-000251,Check vendor risk,2026-01-06T14:52:00,Vendor Master Data,System,system,18105.43,EUR,NL,V1806,low,PO397272,,completed,False,
CASE-00251,INV-000251,Check approval threshold,2026-01-06T14:58:00,SAP,System,system,18105.43,EUR,NL,V1806,low,PO397272,,completed,False,
CASE-00251,INV-000251,Finance manager approval,2026-01-07T02:05:51.336747,SAP,Finance Manager,ap14,18105.43,EUR,NL,V1806,low,PO397272,,completed,False,
CASE-00251,INV-000251,Schedule payment,2026-01-07T11:30:36.040502,Payment System,System,system,18105.43,EUR,NL,V1806,low,PO397272,,completed,False,
CASE-00251,INV-000251,Send remittance notice,2026-01-07T11:36:36.040502,Payment System,System,system,18105.43,EUR,NL,V1806,low,PO397272,,completed,False,
CASE-00251,INV-000251,Invoice paid,2026-01-07T11:42:36.040502,Payment System,System,system,18105.43,EUR,NL,V1806,low,PO397272,,paid,False,
CASE-00252,INV-000252,Invoice received,2026-01-06T13:23:00,Coupa,System,system,14231.65,EUR,DE,V8989,medium,PO762827,,completed,False,
CASE-00252,INV-000252,Validate invoice data,2026-01-06T13:47:00,Coupa,AP Clerk,ap05,14231.65,EUR,DE,V8989,medium,PO762827,,completed,False,
CASE-00252,INV-000252,Check PO exists,2026-01-06T14:05:00,SAP,System,system,14231.65,EUR,DE,V8989,medium,PO762827,,completed,False,
CASE-00252,INV-000252,Run three-way match,2026-01-06T14:35:00,SAP,System,system,14231.65,EUR,DE,V8989,medium,PO762827,,completed,False,
CASE-00252,INV-000252,Run duplicate invoice check,2026-01-06T14:47:00,SAP,System,system,14231.65,EUR,DE,V8989,medium,PO762827,,completed,False,
CASE-00252,INV-000252,Check vendor risk,2026-01-06T14:59:00,Vendor Master Data,System,system,14231.65,EUR,DE,V8989,medium,PO762827,,completed,False,
CASE-00252,INV-000252,Check approval threshold,2026-01-06T15:05:00,SAP,System,system,14231.65,EUR,DE,V8989,medium,PO762827,,completed,False,
CASE-00252,INV-000252,Finance manager approval,2026-01-06T20:09:43.146721,SAP,Finance Manager,ap05,14231.65,EUR,DE,V8989,medium,PO762827,,completed,False,
CASE-00252,INV-000252,Schedule payment,2026-01-07T03:48:13.446919,Payment System,System,system,14231.65,EUR,DE,V8989,medium,PO762827,,completed,False,
CASE-00252,INV-000252,Send remittance notice,2026-01-07T03:54:13.446919,Payment System,System,system,14231.65,EUR,DE,V8989,medium,PO762827,,completed,False,
CASE-00252,INV-000252,Invoice paid,2026-01-07T04:00:13.446919,Payment System,System,system,14231.65,EUR,DE,V8989,medium,PO762827,,paid,False,
CASE-00253,INV-000253,Invoice received,2026-01-06T13:30:00,Coupa,System,system,23162.99,EUR,NL,V3150,low,PO371561,,completed,False,
CASE-00253,INV-000253,Validate invoice data,2026-01-06T13:54:00,Coupa,AP Clerk,ap21,23162.99,EUR,NL,V3150,low,PO371561,,completed,False,
CASE-00253,INV-000253,Check PO exists,2026-01-06T14:12:00,SAP,System,system,23162.99,EUR,NL,V3150,low,PO371561,,completed,False,
CASE-00253,INV-000253,Run three-way match,2026-01-06T14:42:00,SAP,System,system,23162.99,EUR,NL,V3150,low,PO371561,,completed,False,
CASE-00253,INV-000253,Classify exception,2026-01-06T14:54:00,ServiceNow,AP Clerk,ap21,23162.99,EUR,NL,V3150,low,PO371561,price_mismatch,completed,False,
CASE-00253,INV-000253,Create price mismatch ticket,2026-01-06T15:06:00,ServiceNow,System,system,23162.99,EUR,NL,V3150,low,PO371561,price_mismatch,completed,False,
CASE-00253,INV-000253,AP review price mismatch,2026-01-09T22:18:10.361822,ServiceNow,AP Clerk,ap21,23162.99,EUR,NL,V3150,low,PO371561,price_mismatch,completed,False,
CASE-00253,INV-000253,Correction for price mismatch,2026-01-10T12:10:14.994995,SAP,Procurement Specialist,ap21,23162.99,EUR,NL,V3150,low,PO371561,price_mismatch,completed,False,
CASE-00253,INV-000253,Run three-way match,2026-01-10T12:34:14.994995,SAP,System,system,23162.99,EUR,NL,V3150,low,PO371561,price_mismatch,completed,False,
CASE-00253,INV-000253,Run duplicate invoice check,2026-01-10T12:46:14.994995,SAP,System,system,23162.99,EUR,NL,V3150,low,PO371561,,completed,False,
CASE-00253,INV-000253,Check vendor risk,2026-01-10T12:58:14.994995,Vendor Master Data,System,system,23162.99,EUR,NL,V3150,low,PO371561,,completed,False,
CASE-00253,INV-000253,Check approval threshold,2026-01-10T13:04:14.994995,SAP,System,system,23162.99,EUR,NL,V3150,low,PO371561,,completed,False,
CASE-00253,INV-000253,Finance manager approval,2026-01-10T20:41:20.624906,SAP,Finance Manager,ap21,23162.99,EUR,NL,V3150,low,PO371561,,completed,False,
CASE-00253,INV-000253,Schedule payment,2026-01-11T04:14:03.121814,Payment System,System,system,23162.99,EUR,NL,V3150,low,PO371561,,completed,False,
CASE-00253,INV-000253,Send remittance notice,2026-01-11T04:20:03.121814,Payment System,System,system,23162.99,EUR,NL,V3150,low,PO371561,,completed,False,
CASE-00253,INV-000253,Invoice paid,2026-01-11T04:26:03.121814,Payment System,System,system,23162.99,EUR,NL,V3150,low,PO371561,,paid,False,
CASE-00254,INV-000254,Invoice received,2026-01-06T13:37:00,Coupa,System,system,18149.24,EUR,IT,V9713,low,PO143442,,completed,False,
CASE-00254,INV-000254,Validate invoice data,2026-01-06T14:01:00,Coupa,AP Clerk,ap11,18149.24,EUR,IT,V9713,low,PO143442,,completed,False,
CASE-00254,INV-000254,Check PO exists,2026-01-06T14:19:00,SAP,System,system,18149.24,EUR,IT,V9713,low,PO143442,,completed,False,
CASE-00254,INV-000254,Run three-way match,2026-01-06T14:49:00,SAP,System,system,18149.24,EUR,IT,V9713,low,PO143442,,completed,False,
CASE-00254,INV-000254,Run duplicate invoice check,2026-01-06T15:01:00,SAP,System,system,18149.24,EUR,IT,V9713,low,PO143442,,completed,False,
CASE-00254,INV-000254,Check vendor risk,2026-01-06T15:13:00,Vendor Master Data,System,system,18149.24,EUR,IT,V9713,low,PO143442,,completed,False,
CASE-00254,INV-000254,Check approval threshold,2026-01-06T15:19:00,SAP,System,system,18149.24,EUR,IT,V9713,low,PO143442,,completed,False,
CASE-00254,INV-000254,Finance manager approval,2026-01-08T06:33:21.901812,SAP,Finance Manager,ap11,18149.24,EUR,IT,V9713,low,PO143442,,completed,False,
CASE-00254,INV-000254,Schedule payment,2026-01-08T11:04:12.869968,Payment System,System,system,18149.24,EUR,IT,V9713,low,PO143442,,completed,False,
CASE-00254,INV-000254,Send remittance notice,2026-01-08T11:10:12.869968,Payment System,System,system,18149.24,EUR,IT,V9713,low,PO143442,,completed,False,
CASE-00254,INV-000254,Invoice paid,2026-01-08T11:16:12.869968,Payment System,System,system,18149.24,EUR,IT,V9713,low,PO143442,,paid,False,
CASE-00255,INV-000255,Invoice received,2026-01-06T13:44:00,Coupa,System,system,3538.75,EUR,DE,V5737,low,PO180459,,completed,False,
CASE-00255,INV-000255,Validate invoice data,2026-01-06T14:08:00,Coupa,AP Clerk,ap06,3538.75,EUR,DE,V5737,low,PO180459,,completed,False,
CASE-00255,INV-000255,Check PO exists,2026-01-06T14:26:00,SAP,System,system,3538.75,EUR,DE,V5737,low,PO180459,,completed,False,
CASE-00255,INV-000255,Run three-way match,2026-01-06T14:56:00,SAP,System,system,3538.75,EUR,DE,V5737,low,PO180459,,completed,False,
CASE-00255,INV-000255,Run duplicate invoice check,2026-01-06T15:08:00,SAP,System,system,3538.75,EUR,DE,V5737,low,PO180459,,completed,False,
CASE-00255,INV-000255,Check vendor risk,2026-01-06T15:20:00,Vendor Master Data,System,system,3538.75,EUR,DE,V5737,low,PO180459,,completed,False,
CASE-00255,INV-000255,Check approval threshold,2026-01-06T15:26:00,SAP,System,system,3538.75,EUR,DE,V5737,low,PO180459,,completed,False,
CASE-00255,INV-000255,Auto approve for payment scheduling,2026-01-06T15:32:00,SAP,System,system,3538.75,EUR,DE,V5737,low,PO180459,,completed,False,
CASE-00255,INV-000255,Schedule payment,2026-01-06T22:30:21.097261,Payment System,System,system,3538.75,EUR,DE,V5737,low,PO180459,,completed,False,
CASE-00255,INV-000255,Send remittance notice,2026-01-06T22:36:21.097261,Payment System,System,system,3538.75,EUR,DE,V5737,low,PO180459,,completed,False,
CASE-00255,INV-000255,Invoice paid,2026-01-06T22:42:21.097261,Payment System,System,system,3538.75,EUR,DE,V5737,low,PO180459,,paid,False,
CASE-00256,INV-000256,Invoice received,2026-01-06T13:51:00,Coupa,System,system,17992.47,EUR,IT,V6180,medium,PO202047,,completed,False,
CASE-00256,INV-000256,Validate invoice data,2026-01-06T14:15:00,Coupa,AP Clerk,ap14,17992.47,EUR,IT,V6180,medium,PO202047,,completed,False,
CASE-00256,INV-000256,Check PO exists,2026-01-06T14:33:00,SAP,System,system,17992.47,EUR,IT,V6180,medium,PO202047,,completed,False,
CASE-00256,INV-000256,Run three-way match,2026-01-06T15:03:00,SAP,System,system,17992.47,EUR,IT,V6180,medium,PO202047,,completed,False,
CASE-00256,INV-000256,Classify exception,2026-01-06T15:15:00,ServiceNow,AP Clerk,ap14,17992.47,EUR,IT,V6180,medium,PO202047,missing_gr,completed,False,
CASE-00256,INV-000256,Request goods receipt confirmation,2026-01-07T12:40:22.948563,SAP,Procurement Specialist,ap14,17992.47,EUR,IT,V6180,medium,PO202047,missing_gr,completed,False,
CASE-00256,INV-000256,Run three-way match,2026-01-07T13:04:22.948563,SAP,System,system,17992.47,EUR,IT,V6180,medium,PO202047,missing_gr,completed,False,
CASE-00256,INV-000256,Run duplicate invoice check,2026-01-07T13:16:22.948563,SAP,System,system,17992.47,EUR,IT,V6180,medium,PO202047,,completed,False,
CASE-00256,INV-000256,Check vendor risk,2026-01-07T13:28:22.948563,Vendor Master Data,System,system,17992.47,EUR,IT,V6180,medium,PO202047,,completed,False,
CASE-00256,INV-000256,Check approval threshold,2026-01-07T13:34:22.948563,SAP,System,system,17992.47,EUR,IT,V6180,medium,PO202047,,completed,False,
CASE-00256,INV-000256,Finance manager approval,2026-01-08T23:33:41.797504,SAP,Finance Manager,ap14,17992.47,EUR,IT,V6180,medium,PO202047,,completed,False,
CASE-00256,INV-000256,Schedule payment,2026-01-09T06:15:42.855446,Payment System,System,system,17992.47,EUR,IT,V6180,medium,PO202047,,completed,False,
CASE-00256,INV-000256,Send remittance notice,2026-01-09T06:21:42.855446,Payment System,System,system,17992.47,EUR,IT,V6180,medium,PO202047,,completed,False,
CASE-00256,INV-000256,Invoice paid,2026-01-09T06:27:42.855446,Payment System,System,system,17992.47,EUR,IT,V6180,medium,PO202047,,paid,False,
CASE-00257,INV-000257,Invoice received,2026-01-06T13:58:00,Coupa,System,system,13213.49,EUR,FR,V5460,low,PO545872,,completed,False,
CASE-00257,INV-000257,Validate invoice data,2026-01-06T14:22:00,Coupa,AP Clerk,ap22,13213.49,EUR,FR,V5460,low,PO545872,,completed,False,
CASE-00257,INV-000257,Manual Email Review,2026-01-07T22:56:35.017639,Email and Excel,AP Clerk,ap22,13213.49,EUR,FR,V5460,low,PO545872,,completed,True,Manual Email Review
CASE-00257,INV-000257,Check PO exists,2026-01-07T23:14:35.017639,SAP,System,system,13213.49,EUR,FR,V5460,low,PO545872,,completed,False,
CASE-00257,INV-000257,Run three-way match,2026-01-07T23:44:35.017639,SAP,System,system,13213.49,EUR,FR,V5460,low,PO545872,,completed,False,
CASE-00257,INV-000257,Classify exception,2026-01-07T23:56:35.017639,ServiceNow,AP Clerk,ap22,13213.49,EUR,FR,V5460,low,PO545872,price_mismatch,completed,False,
CASE-00257,INV-000257,Create price mismatch ticket,2026-01-08T00:08:35.017639,ServiceNow,System,system,13213.49,EUR,FR,V5460,low,PO545872,price_mismatch,completed,False,
CASE-00257,INV-000257,AP review price mismatch,2026-01-10T18:33:43.983635,ServiceNow,AP Clerk,ap22,13213.49,EUR,FR,V5460,low,PO545872,price_mismatch,completed,False,
CASE-00257,INV-000257,Correction for price mismatch,2026-01-10T23:47:14.040179,SAP,Procurement Specialist,ap22,13213.49,EUR,FR,V5460,low,PO545872,price_mismatch,completed,False,
CASE-00257,INV-000257,Run three-way match,2026-01-11T00:11:14.040179,SAP,System,system,13213.49,EUR,FR,V5460,low,PO545872,price_mismatch,completed,False,
CASE-00257,INV-000257,Run duplicate invoice check,2026-01-11T00:23:14.040179,SAP,System,system,13213.49,EUR,FR,V5460,low,PO545872,,completed,False,
CASE-00257,INV-000257,Check vendor risk,2026-01-11T00:35:14.040179,Vendor Master Data,System,system,13213.49,EUR,FR,V5460,low,PO545872,,completed,False,
CASE-00257,INV-000257,Check approval threshold,2026-01-11T00:41:14.040179,SAP,System,system,13213.49,EUR,FR,V5460,low,PO545872,,completed,False,
CASE-00257,INV-000257,Finance manager approval,2026-01-11T05:30:01.883031,SAP,Finance Manager,ap22,13213.49,EUR,FR,V5460,low,PO545872,,completed,False,
CASE-00257,INV-000257,Schedule payment,2026-01-11T14:00:36.571192,Payment System,System,system,13213.49,EUR,FR,V5460,low,PO545872,,completed,False,
CASE-00257,INV-000257,Send remittance notice,2026-01-11T14:06:36.571192,Payment System,System,system,13213.49,EUR,FR,V5460,low,PO545872,,completed,False,
CASE-00257,INV-000257,Invoice paid,2026-01-11T14:12:36.571192,Payment System,System,system,13213.49,EUR,FR,V5460,low,PO545872,,paid,False,
CASE-00258,INV-000258,Invoice received,2026-01-06T14:05:00,Coupa,System,system,7211.58,EUR,FR,V2102,low,PO749637,,completed,False,
CASE-00258,INV-000258,Validate invoice data,2026-01-06T14:29:00,Coupa,AP Clerk,ap16,7211.58,EUR,FR,V2102,low,PO749637,,completed,False,
CASE-00258,INV-000258,Check PO exists,2026-01-06T14:47:00,SAP,System,system,7211.58,EUR,FR,V2102,low,PO749637,,completed,False,
CASE-00258,INV-000258,Run three-way match,2026-01-06T15:17:00,SAP,System,system,7211.58,EUR,FR,V2102,low,PO749637,,completed,False,
CASE-00258,INV-000258,Run duplicate invoice check,2026-01-06T15:29:00,SAP,System,system,7211.58,EUR,FR,V2102,low,PO749637,,completed,False,
CASE-00258,INV-000258,Check vendor risk,2026-01-06T15:41:00,Vendor Master Data,System,system,7211.58,EUR,FR,V2102,low,PO749637,,completed,False,
CASE-00258,INV-000258,Check approval threshold,2026-01-06T15:47:00,SAP,System,system,7211.58,EUR,FR,V2102,low,PO749637,,completed,False,
CASE-00258,INV-000258,Auto approve for payment scheduling,2026-01-06T15:53:00,SAP,System,system,7211.58,EUR,FR,V2102,low,PO749637,,completed,False,
CASE-00258,INV-000258,Schedule payment,2026-01-06T22:30:52.884654,Payment System,System,system,7211.58,EUR,FR,V2102,low,PO749637,,completed,False,
CASE-00258,INV-000258,Send remittance notice,2026-01-06T22:36:52.884654,Payment System,System,system,7211.58,EUR,FR,V2102,low,PO749637,,completed,False,
CASE-00258,INV-000258,Invoice paid,2026-01-06T22:42:52.884654,Payment System,System,system,7211.58,EUR,FR,V2102,low,PO749637,,paid,False,
CASE-00259,INV-000259,Invoice received,2026-01-06T14:12:00,Coupa,System,system,6775.24,EUR,FR,V7783,low,PO376390,,completed,False,
CASE-00259,INV-000259,Validate invoice data,2026-01-06T14:36:00,Coupa,AP Clerk,ap06,6775.24,EUR,FR,V7783,low,PO376390,,completed,False,
CASE-00259,INV-000259,Check PO exists,2026-01-06T14:54:00,SAP,System,system,6775.24,EUR,FR,V7783,low,PO376390,,completed,False,
CASE-00259,INV-000259,Run three-way match,2026-01-06T15:24:00,SAP,System,system,6775.24,EUR,FR,V7783,low,PO376390,,completed,False,
CASE-00259,INV-000259,Run duplicate invoice check,2026-01-06T15:36:00,SAP,System,system,6775.24,EUR,FR,V7783,low,PO376390,,completed,False,
CASE-00259,INV-000259,Check vendor risk,2026-01-06T15:48:00,Vendor Master Data,System,system,6775.24,EUR,FR,V7783,low,PO376390,,completed,False,
CASE-00259,INV-000259,Check approval threshold,2026-01-06T15:54:00,SAP,System,system,6775.24,EUR,FR,V7783,low,PO376390,,completed,False,
CASE-00259,INV-000259,Auto approve for payment scheduling,2026-01-06T16:00:00,SAP,System,system,6775.24,EUR,FR,V7783,low,PO376390,,completed,False,
CASE-00259,INV-000259,Schedule payment,2026-01-06T23:59:11.297069,Payment System,System,system,6775.24,EUR,FR,V7783,low,PO376390,,completed,False,
CASE-00259,INV-000259,Send remittance notice,2026-01-07T00:05:11.297069,Payment System,System,system,6775.24,EUR,FR,V7783,low,PO376390,,completed,False,
CASE-00259,INV-000259,Invoice paid,2026-01-07T00:11:11.297069,Payment System,System,system,6775.24,EUR,FR,V7783,low,PO376390,,paid,False,
CASE-00260,INV-000260,Invoice received,2026-01-06T14:19:00,Coupa,System,system,20566.25,EUR,NL,V6496,low,PO337361,,completed,False,
CASE-00260,INV-000260,Validate invoice data,2026-01-06T14:43:00,Coupa,AP Clerk,ap16,20566.25,EUR,NL,V6496,low,PO337361,,completed,False,
CASE-00260,INV-000260,Check PO exists,2026-01-06T15:01:00,SAP,System,system,20566.25,EUR,NL,V6496,low,PO337361,,completed,False,
CASE-00260,INV-000260,Run three-way match,2026-01-06T15:31:00,SAP,System,system,20566.25,EUR,NL,V6496,low,PO337361,,completed,False,
CASE-00260,INV-000260,Classify exception,2026-01-06T15:43:00,ServiceNow,AP Clerk,ap16,20566.25,EUR,NL,V6496,low,PO337361,price_mismatch,completed,False,
CASE-00260,INV-000260,Create price mismatch ticket,2026-01-06T15:55:00,ServiceNow,System,system,20566.25,EUR,NL,V6496,low,PO337361,price_mismatch,completed,False,
CASE-00260,INV-000260,AP review price mismatch,2026-01-10T09:04:16.036883,ServiceNow,AP Clerk,ap16,20566.25,EUR,NL,V6496,low,PO337361,price_mismatch,completed,False,
CASE-00260,INV-000260,Correction for price mismatch,2026-01-10T14:22:29.197131,SAP,Procurement Specialist,ap16,20566.25,EUR,NL,V6496,low,PO337361,price_mismatch,completed,False,
CASE-00260,INV-000260,Run three-way match,2026-01-10T14:46:29.197131,SAP,System,system,20566.25,EUR,NL,V6496,low,PO337361,price_mismatch,completed,False,
CASE-00260,INV-000260,Run duplicate invoice check,2026-01-10T14:58:29.197131,SAP,System,system,20566.25,EUR,NL,V6496,low,PO337361,,completed,False,
CASE-00260,INV-000260,Check vendor risk,2026-01-10T15:10:29.197131,Vendor Master Data,System,system,20566.25,EUR,NL,V6496,low,PO337361,,completed,False,
CASE-00260,INV-000260,Check approval threshold,2026-01-10T15:16:29.197131,SAP,System,system,20566.25,EUR,NL,V6496,low,PO337361,,completed,False,
CASE-00260,INV-000260,Finance manager approval,2026-01-11T20:10:23.388153,SAP,Finance Manager,ap16,20566.25,EUR,NL,V6496,low,PO337361,,completed,False,
CASE-00260,INV-000260,Schedule payment,2026-01-12T05:23:07.266609,Payment System,System,system,20566.25,EUR,NL,V6496,low,PO337361,,completed,False,
CASE-00260,INV-000260,Send remittance notice,2026-01-12T05:29:07.266609,Payment System,System,system,20566.25,EUR,NL,V6496,low,PO337361,,completed,False,
CASE-00260,INV-000260,Invoice paid,2026-01-12T05:35:07.266609,Payment System,System,system,20566.25,EUR,NL,V6496,low,PO337361,,paid,False,
CASE-00261,INV-000261,Invoice received,2026-01-06T14:26:00,Coupa,System,system,7976.73,EUR,FR,V3035,low,PO382562,,completed,False,
CASE-00261,INV-000261,Validate invoice data,2026-01-06T14:50:00,Coupa,AP Clerk,ap17,7976.73,EUR,FR,V3035,low,PO382562,,completed,False,
CASE-00261,INV-000261,Check PO exists,2026-01-06T15:08:00,SAP,System,system,7976.73,EUR,FR,V3035,low,PO382562,,completed,False,
CASE-00261,INV-000261,Run three-way match,2026-01-06T15:38:00,SAP,System,system,7976.73,EUR,FR,V3035,low,PO382562,,completed,False,
CASE-00261,INV-000261,Run duplicate invoice check,2026-01-06T15:50:00,SAP,System,system,7976.73,EUR,FR,V3035,low,PO382562,,completed,False,
CASE-00261,INV-000261,Check vendor risk,2026-01-06T16:02:00,Vendor Master Data,System,system,7976.73,EUR,FR,V3035,low,PO382562,,completed,False,
CASE-00261,INV-000261,Check approval threshold,2026-01-06T16:08:00,SAP,System,system,7976.73,EUR,FR,V3035,low,PO382562,,completed,False,
CASE-00261,INV-000261,Auto approve for payment scheduling,2026-01-06T16:14:00,SAP,System,system,7976.73,EUR,FR,V3035,low,PO382562,,completed,False,
CASE-00261,INV-000261,Schedule payment,2026-01-06T22:45:45.330358,Payment System,System,system,7976.73,EUR,FR,V3035,low,PO382562,,completed,False,
CASE-00261,INV-000261,Send remittance notice,2026-01-06T22:51:45.330358,Payment System,System,system,7976.73,EUR,FR,V3035,low,PO382562,,completed,False,
CASE-00261,INV-000261,Invoice paid,2026-01-06T22:57:45.330358,Payment System,System,system,7976.73,EUR,FR,V3035,low,PO382562,,paid,False,
CASE-00262,INV-000262,Invoice received,2026-01-06T14:33:00,Coupa,System,system,10724.31,EUR,NL,V7707,low,PO122092,,completed,False,
CASE-00262,INV-000262,Validate invoice data,2026-01-06T14:57:00,Coupa,AP Clerk,ap13,10724.31,EUR,NL,V7707,low,PO122092,,completed,False,
CASE-00262,INV-000262,Check PO exists,2026-01-06T15:15:00,SAP,System,system,10724.31,EUR,NL,V7707,low,PO122092,,completed,False,
CASE-00262,INV-000262,Run three-way match,2026-01-06T15:45:00,SAP,System,system,10724.31,EUR,NL,V7707,low,PO122092,,completed,False,
CASE-00262,INV-000262,Run duplicate invoice check,2026-01-06T15:57:00,SAP,System,system,10724.31,EUR,NL,V7707,low,PO122092,,completed,False,
CASE-00262,INV-000262,Block invoice,2026-01-06T16:03:00,SAP,System,system,10724.31,EUR,NL,V7707,low,PO122092,duplicate,completed,False,
CASE-00262,INV-000262,Finance controller review,2026-01-07T17:34:40.262404,SAP,Finance Controller,ap13,10724.31,EUR,NL,V7707,low,PO122092,duplicate,completed,False,
CASE-00262,INV-000262,Invoice rejected,2026-01-07T17:40:40.262404,SAP,System,system,10724.31,EUR,NL,V7707,low,PO122092,duplicate,rejected,False,
CASE-00263,INV-000263,Invoice received,2026-01-06T14:40:00,Coupa,System,system,14085.9,EUR,FR,V7439,low,PO592315,,completed,False,
CASE-00263,INV-000263,Validate invoice data,2026-01-06T15:04:00,Coupa,AP Clerk,ap03,14085.9,EUR,FR,V7439,low,PO592315,,completed,False,
CASE-00263,INV-000263,Check PO exists,2026-01-06T15:22:00,SAP,System,system,14085.9,EUR,FR,V7439,low,PO592315,,completed,False,
CASE-00263,INV-000263,Run three-way match,2026-01-06T15:52:00,SAP,System,system,14085.9,EUR,FR,V7439,low,PO592315,,completed,False,
CASE-00263,INV-000263,Run duplicate invoice check,2026-01-06T16:04:00,SAP,System,system,14085.9,EUR,FR,V7439,low,PO592315,,completed,False,
CASE-00263,INV-000263,Check vendor risk,2026-01-06T16:16:00,Vendor Master Data,System,system,14085.9,EUR,FR,V7439,low,PO592315,,completed,False,
CASE-00263,INV-000263,Check approval threshold,2026-01-06T16:22:00,SAP,System,system,14085.9,EUR,FR,V7439,low,PO592315,,completed,False,
CASE-00263,INV-000263,Finance manager approval,2026-01-07T00:27:35.097447,SAP,Finance Manager,ap03,14085.9,EUR,FR,V7439,low,PO592315,,completed,False,
CASE-00263,INV-000263,Schedule payment,2026-01-07T10:26:04.064924,Payment System,System,system,14085.9,EUR,FR,V7439,low,PO592315,,completed,False,
CASE-00263,INV-000263,Send remittance notice,2026-01-07T10:32:04.064924,Payment System,System,system,14085.9,EUR,FR,V7439,low,PO592315,,completed,False,
CASE-00263,INV-000263,Invoice paid,2026-01-07T10:38:04.064924,Payment System,System,system,14085.9,EUR,FR,V7439,low,PO592315,,paid,False,
CASE-00264,INV-000264,Invoice received,2026-01-06T14:47:00,Coupa,System,system,8837.74,EUR,IT,V2559,medium,PO480055,,completed,False,
CASE-00264,INV-000264,Validate invoice data,2026-01-06T15:11:00,Coupa,AP Clerk,ap15,8837.74,EUR,IT,V2559,medium,PO480055,,completed,False,
CASE-00264,INV-000264,Check PO exists,2026-01-06T15:29:00,SAP,System,system,8837.74,EUR,IT,V2559,medium,PO480055,,completed,False,
CASE-00264,INV-000264,Run three-way match,2026-01-06T15:59:00,SAP,System,system,8837.74,EUR,IT,V2559,medium,PO480055,,completed,False,
CASE-00264,INV-000264,Classify exception,2026-01-06T16:11:00,ServiceNow,AP Clerk,ap15,8837.74,EUR,IT,V2559,medium,PO480055,price_mismatch,completed,False,
CASE-00264,INV-000264,Create price mismatch ticket,2026-01-06T16:23:00,ServiceNow,System,system,8837.74,EUR,IT,V2559,medium,PO480055,price_mismatch,completed,False,
CASE-00264,INV-000264,AP review price mismatch,2026-01-08T07:14:37.002252,ServiceNow,AP Clerk,ap15,8837.74,EUR,IT,V2559,medium,PO480055,price_mismatch,completed,False,
CASE-00264,INV-000264,Correction for price mismatch,2026-01-08T23:43:09.091905,SAP,Procurement Specialist,ap15,8837.74,EUR,IT,V2559,medium,PO480055,price_mismatch,completed,False,
CASE-00264,INV-000264,Run three-way match,2026-01-09T00:07:09.091905,SAP,System,system,8837.74,EUR,IT,V2559,medium,PO480055,price_mismatch,completed,False,
CASE-00264,INV-000264,Run duplicate invoice check,2026-01-09T00:19:09.091905,SAP,System,system,8837.74,EUR,IT,V2559,medium,PO480055,,completed,False,
CASE-00264,INV-000264,Check vendor risk,2026-01-09T00:31:09.091905,Vendor Master Data,System,system,8837.74,EUR,IT,V2559,medium,PO480055,,completed,False,
CASE-00264,INV-000264,Check approval threshold,2026-01-09T00:37:09.091905,SAP,System,system,8837.74,EUR,IT,V2559,medium,PO480055,,completed,False,
CASE-00264,INV-000264,Auto approve for payment scheduling,2026-01-09T00:43:09.091905,SAP,System,system,8837.74,EUR,IT,V2559,medium,PO480055,,completed,False,
CASE-00264,INV-000264,Schedule payment,2026-01-09T12:07:43.821420,Payment System,System,system,8837.74,EUR,IT,V2559,medium,PO480055,,completed,False,
CASE-00264,INV-000264,Send remittance notice,2026-01-09T12:13:43.821420,Payment System,System,system,8837.74,EUR,IT,V2559,medium,PO480055,,completed,False,
CASE-00264,INV-000264,Invoice paid,2026-01-09T12:19:43.821420,Payment System,System,system,8837.74,EUR,IT,V2559,medium,PO480055,,paid,False,
CASE-00265,INV-000265,Invoice received,2026-01-06T14:54:00,Coupa,System,system,386.88,EUR,FR,V5812,low,PO583920,,completed,False,
CASE-00265,INV-000265,Validate invoice data,2026-01-06T15:18:00,Coupa,AP Clerk,ap24,386.88,EUR,FR,V5812,low,PO583920,,completed,False,
CASE-00265,INV-000265,Check PO exists,2026-01-06T15:36:00,SAP,System,system,386.88,EUR,FR,V5812,low,PO583920,,completed,False,
CASE-00265,INV-000265,Run three-way match,2026-01-06T16:06:00,SAP,System,system,386.88,EUR,FR,V5812,low,PO583920,,completed,False,
CASE-00265,INV-000265,Classify exception,2026-01-06T16:18:00,ServiceNow,AP Clerk,ap24,386.88,EUR,FR,V5812,low,PO583920,missing_gr,completed,False,
CASE-00265,INV-000265,Request goods receipt confirmation,2026-01-07T18:17:49.788927,SAP,Procurement Specialist,ap24,386.88,EUR,FR,V5812,low,PO583920,missing_gr,completed,False,
CASE-00265,INV-000265,Ticket Reopened,2026-01-08T09:06:04.546796,ServiceNow,AP Clerk,ap24,386.88,EUR,FR,V5812,low,PO583920,missing_gr,completed,True,Ticket Reopened
CASE-00265,INV-000265,AP review quantity mismatch,2026-01-09T04:22:37.404611,ServiceNow,AP Clerk,ap24,386.88,EUR,FR,V5812,low,PO583920,missing_gr,completed,False,
CASE-00265,INV-000265,Run three-way match,2026-01-09T04:46:37.404611,SAP,System,system,386.88,EUR,FR,V5812,low,PO583920,missing_gr,completed,False,
CASE-00265,INV-000265,Run duplicate invoice check,2026-01-09T04:58:37.404611,SAP,System,system,386.88,EUR,FR,V5812,low,PO583920,,completed,False,
CASE-00265,INV-000265,Check vendor risk,2026-01-09T05:10:37.404611,Vendor Master Data,System,system,386.88,EUR,FR,V5812,low,PO583920,,completed,False,
CASE-00265,INV-000265,Check approval threshold,2026-01-09T05:16:37.404611,SAP,System,system,386.88,EUR,FR,V5812,low,PO583920,,completed,False,
CASE-00265,INV-000265,Auto approve for payment scheduling,2026-01-09T05:22:37.404611,SAP,System,system,386.88,EUR,FR,V5812,low,PO583920,,completed,False,
CASE-00265,INV-000265,Schedule payment,2026-01-09T13:54:43.398526,Payment System,System,system,386.88,EUR,FR,V5812,low,PO583920,,completed,False,
CASE-00265,INV-000265,Send remittance notice,2026-01-09T14:00:43.398526,Payment System,System,system,386.88,EUR,FR,V5812,low,PO583920,,completed,False,
CASE-00265,INV-000265,Invoice paid,2026-01-09T14:06:43.398526,Payment System,System,system,386.88,EUR,FR,V5812,low,PO583920,,paid,False,
CASE-00266,INV-000266,Invoice received,2026-01-06T15:01:00,Coupa,System,system,22337.1,EUR,NL,V5741,low,PO892504,,completed,False,
CASE-00266,INV-000266,Validate invoice data,2026-01-06T15:25:00,Coupa,AP Clerk,ap05,22337.1,EUR,NL,V5741,low,PO892504,,completed,False,
CASE-00266,INV-000266,Check PO exists,2026-01-06T15:43:00,SAP,System,system,22337.1,EUR,NL,V5741,low,PO892504,,completed,False,
CASE-00266,INV-000266,Run three-way match,2026-01-06T16:13:00,SAP,System,system,22337.1,EUR,NL,V5741,low,PO892504,,completed,False,
CASE-00266,INV-000266,Run duplicate invoice check,2026-01-06T16:25:00,SAP,System,system,22337.1,EUR,NL,V5741,low,PO892504,,completed,False,
CASE-00266,INV-000266,Block invoice,2026-01-06T16:31:00,SAP,System,system,22337.1,EUR,NL,V5741,low,PO892504,duplicate,completed,False,
CASE-00266,INV-000266,Finance controller review,2026-01-07T08:43:43.019914,SAP,Finance Controller,ap05,22337.1,EUR,NL,V5741,low,PO892504,duplicate,completed,False,
CASE-00266,INV-000266,Invoice rejected,2026-01-07T08:49:43.019914,SAP,System,system,22337.1,EUR,NL,V5741,low,PO892504,duplicate,rejected,False,
CASE-00267,INV-000267,Invoice received,2026-01-06T15:08:00,Coupa,System,system,715.29,EUR,NL,V3040,low,PO792552,,completed,False,
CASE-00267,INV-000267,Validate invoice data,2026-01-06T15:32:00,Coupa,AP Clerk,ap04,715.29,EUR,NL,V3040,low,PO792552,,completed,False,
CASE-00267,INV-000267,Check PO exists,2026-01-06T15:50:00,SAP,System,system,715.29,EUR,NL,V3040,low,PO792552,,completed,False,
CASE-00267,INV-000267,Run three-way match,2026-01-06T16:20:00,SAP,System,system,715.29,EUR,NL,V3040,low,PO792552,,completed,False,
CASE-00267,INV-000267,Classify exception,2026-01-06T16:32:00,ServiceNow,AP Clerk,ap04,715.29,EUR,NL,V3040,low,PO792552,price_mismatch,completed,False,
CASE-00267,INV-000267,Create price mismatch ticket,2026-01-06T16:44:00,ServiceNow,System,system,715.29,EUR,NL,V3040,low,PO792552,price_mismatch,completed,False,
CASE-00267,INV-000267,AP review price mismatch,2026-01-08T20:40:15.094290,ServiceNow,AP Clerk,ap04,715.29,EUR,NL,V3040,low,PO792552,price_mismatch,completed,False,
CASE-00267,INV-000267,Excel Price Correction,2026-01-09T01:06:37.141067,Email and Excel,AP Clerk,ap04,715.29,EUR,NL,V3040,low,PO792552,price_mismatch,completed,True,Excel Price Correction
CASE-00267,INV-000267,Correction for price mismatch,2026-01-09T18:54:11.125537,SAP,Procurement Specialist,ap04,715.29,EUR,NL,V3040,low,PO792552,price_mismatch,completed,False,
CASE-00267,INV-000267,Run three-way match,2026-01-09T19:18:11.125537,SAP,System,system,715.29,EUR,NL,V3040,low,PO792552,price_mismatch,completed,False,
CASE-00267,INV-000267,Run duplicate invoice check,2026-01-09T19:30:11.125537,SAP,System,system,715.29,EUR,NL,V3040,low,PO792552,,completed,False,
CASE-00267,INV-000267,Check vendor risk,2026-01-09T19:42:11.125537,Vendor Master Data,System,system,715.29,EUR,NL,V3040,low,PO792552,,completed,False,
CASE-00267,INV-000267,Check approval threshold,2026-01-09T19:48:11.125537,SAP,System,system,715.29,EUR,NL,V3040,low,PO792552,,completed,False,
CASE-00267,INV-000267,Auto approve for payment scheduling,2026-01-09T19:54:11.125537,SAP,System,system,715.29,EUR,NL,V3040,low,PO792552,,completed,False,
CASE-00267,INV-000267,Schedule payment,2026-01-10T01:39:17.511536,Payment System,System,system,715.29,EUR,NL,V3040,low,PO792552,,completed,False,
CASE-00267,INV-000267,Send remittance notice,2026-01-10T01:45:17.511536,Payment System,System,system,715.29,EUR,NL,V3040,low,PO792552,,completed,False,
CASE-00267,INV-000267,Invoice paid,2026-01-10T01:51:17.511536,Payment System,System,system,715.29,EUR,NL,V3040,low,PO792552,,paid,False,
CASE-00268,INV-000268,Invoice received,2026-01-06T15:15:00,Coupa,System,system,6121.17,EUR,FR,V6766,low,PO801967,,completed,False,
CASE-00268,INV-000268,Validate invoice data,2026-01-06T15:39:00,Coupa,AP Clerk,ap21,6121.17,EUR,FR,V6766,low,PO801967,,completed,False,
CASE-00268,INV-000268,Manual Email Review,2026-01-07T11:00:32.175545,Email and Excel,AP Clerk,ap21,6121.17,EUR,FR,V6766,low,PO801967,,completed,True,Manual Email Review
CASE-00268,INV-000268,Check PO exists,2026-01-07T11:18:32.175545,SAP,System,system,6121.17,EUR,FR,V6766,low,PO801967,,completed,False,
CASE-00268,INV-000268,Run three-way match,2026-01-07T11:48:32.175545,SAP,System,system,6121.17,EUR,FR,V6766,low,PO801967,,completed,False,
CASE-00268,INV-000268,Run duplicate invoice check,2026-01-07T12:00:32.175545,SAP,System,system,6121.17,EUR,FR,V6766,low,PO801967,,completed,False,
CASE-00268,INV-000268,Check vendor risk,2026-01-07T12:12:32.175545,Vendor Master Data,System,system,6121.17,EUR,FR,V6766,low,PO801967,,completed,False,
CASE-00268,INV-000268,Check approval threshold,2026-01-07T12:18:32.175545,SAP,System,system,6121.17,EUR,FR,V6766,low,PO801967,,completed,False,
CASE-00268,INV-000268,Auto approve for payment scheduling,2026-01-07T12:24:32.175545,SAP,System,system,6121.17,EUR,FR,V6766,low,PO801967,,completed,False,
CASE-00268,INV-000268,Schedule payment,2026-01-08T00:11:19.391157,Payment System,System,system,6121.17,EUR,FR,V6766,low,PO801967,,completed,False,
CASE-00268,INV-000268,Send remittance notice,2026-01-08T00:17:19.391157,Payment System,System,system,6121.17,EUR,FR,V6766,low,PO801967,,completed,False,
CASE-00268,INV-000268,Invoice paid,2026-01-08T00:23:19.391157,Payment System,System,system,6121.17,EUR,FR,V6766,low,PO801967,,paid,False,
CASE-00269,INV-000269,Invoice received,2026-01-06T15:22:00,Coupa,System,system,12813.57,EUR,ES,V9295,medium,PO528418,,completed,False,
CASE-00269,INV-000269,Validate invoice data,2026-01-06T15:46:00,Coupa,AP Clerk,ap17,12813.57,EUR,ES,V9295,medium,PO528418,,completed,False,
CASE-00269,INV-000269,Check PO exists,2026-01-06T16:04:00,SAP,System,system,12813.57,EUR,ES,V9295,medium,PO528418,,completed,False,
CASE-00269,INV-000269,Run three-way match,2026-01-06T16:34:00,SAP,System,system,12813.57,EUR,ES,V9295,medium,PO528418,,completed,False,
CASE-00269,INV-000269,Run duplicate invoice check,2026-01-06T16:46:00,SAP,System,system,12813.57,EUR,ES,V9295,medium,PO528418,,completed,False,
CASE-00269,INV-000269,Check vendor risk,2026-01-06T16:58:00,Vendor Master Data,System,system,12813.57,EUR,ES,V9295,medium,PO528418,,completed,False,
CASE-00269,INV-000269,Check approval threshold,2026-01-06T17:04:00,SAP,System,system,12813.57,EUR,ES,V9295,medium,PO528418,,completed,False,
CASE-00269,INV-000269,Finance manager approval,2026-01-06T22:36:46.639988,SAP,Finance Manager,ap17,12813.57,EUR,ES,V9295,medium,PO528418,,completed,False,
CASE-00269,INV-000269,Schedule payment,2026-01-07T09:38:25.661780,Payment System,System,system,12813.57,EUR,ES,V9295,medium,PO528418,,completed,False,
CASE-00269,INV-000269,Send remittance notice,2026-01-07T09:44:25.661780,Payment System,System,system,12813.57,EUR,ES,V9295,medium,PO528418,,completed,False,
CASE-00269,INV-000269,Invoice paid,2026-01-07T09:50:25.661780,Payment System,System,system,12813.57,EUR,ES,V9295,medium,PO528418,,paid,False,
CASE-00270,INV-000270,Invoice received,2026-01-06T15:29:00,Coupa,System,system,14267.64,EUR,NL,V9261,low,PO299120,,completed,False,
CASE-00270,INV-000270,Validate invoice data,2026-01-06T15:53:00,Coupa,AP Clerk,ap25,14267.64,EUR,NL,V9261,low,PO299120,,completed,False,
CASE-00270,INV-000270,Manual Email Review,2026-01-07T08:28:31.975241,Email and Excel,AP Clerk,ap25,14267.64,EUR,NL,V9261,low,PO299120,,completed,True,Manual Email Review
CASE-00270,INV-000270,Check PO exists,2026-01-07T08:46:31.975241,SAP,System,system,14267.64,EUR,NL,V9261,low,PO299120,,completed,False,
CASE-00270,INV-000270,Create missing PO exception,2026-01-07T08:58:31.975241,ServiceNow,System,system,14267.64,EUR,NL,V9261,low,PO299120,missing_po,completed,False,
CASE-00270,INV-000270,AP review missing PO,2026-01-08T14:19:54.877521,ServiceNow,AP Clerk,ap25,14267.64,EUR,NL,V9261,low,PO299120,missing_po,completed,False,
CASE-00270,INV-000270,Procurement correction,2026-01-09T11:36:59.723728,SAP,Procurement Specialist,ap25,14267.64,EUR,NL,V9261,low,PO299120,missing_po,completed,False,
CASE-00270,INV-000270,Check PO exists,2026-01-09T11:48:59.723728,SAP,System,system,14267.64,EUR,NL,V9261,low,PO299120,missing_po,completed,False,
CASE-00270,INV-000270,Run three-way match,2026-01-09T12:18:59.723728,SAP,System,system,14267.64,EUR,NL,V9261,low,PO299120,,completed,False,
CASE-00270,INV-000270,Run duplicate invoice check,2026-01-09T12:30:59.723728,SAP,System,system,14267.64,EUR,NL,V9261,low,PO299120,,completed,False,
CASE-00270,INV-000270,Check vendor risk,2026-01-09T12:42:59.723728,Vendor Master Data,System,system,14267.64,EUR,NL,V9261,low,PO299120,,completed,False,
CASE-00270,INV-000270,Check approval threshold,2026-01-09T12:48:59.723728,SAP,System,system,14267.64,EUR,NL,V9261,low,PO299120,,completed,False,
CASE-00270,INV-000270,Finance manager approval,2026-01-09T23:07:30.290508,SAP,Finance Manager,ap25,14267.64,EUR,NL,V9261,low,PO299120,,completed,False,
CASE-00270,INV-000270,Schedule payment,2026-01-10T06:36:28.106230,Payment System,System,system,14267.64,EUR,NL,V9261,low,PO299120,,completed,False,
CASE-00270,INV-000270,Send remittance notice,2026-01-10T06:42:28.106230,Payment System,System,system,14267.64,EUR,NL,V9261,low,PO299120,,completed,False,
CASE-00270,INV-000270,Invoice paid,2026-01-10T06:48:28.106230,Payment System,System,system,14267.64,EUR,NL,V9261,low,PO299120,,paid,False,
CASE-00271,INV-000271,Invoice received,2026-01-06T15:36:00,Coupa,System,system,11686.51,EUR,FR,V3756,medium,PO553468,,completed,False,
CASE-00271,INV-000271,Validate invoice data,2026-01-06T16:00:00,Coupa,AP Clerk,ap12,11686.51,EUR,FR,V3756,medium,PO553468,,completed,False,
CASE-00271,INV-000271,Check PO exists,2026-01-06T16:18:00,SAP,System,system,11686.51,EUR,FR,V3756,medium,PO553468,,completed,False,
CASE-00271,INV-000271,Run three-way match,2026-01-06T16:48:00,SAP,System,system,11686.51,EUR,FR,V3756,medium,PO553468,,completed,False,
CASE-00271,INV-000271,Run duplicate invoice check,2026-01-06T17:00:00,SAP,System,system,11686.51,EUR,FR,V3756,medium,PO553468,,completed,False,
CASE-00271,INV-000271,Check vendor risk,2026-01-06T17:12:00,Vendor Master Data,System,system,11686.51,EUR,FR,V3756,medium,PO553468,,completed,False,
CASE-00271,INV-000271,Check approval threshold,2026-01-06T17:18:00,SAP,System,system,11686.51,EUR,FR,V3756,medium,PO553468,,completed,False,
CASE-00271,INV-000271,Finance manager approval,2026-01-07T20:05:03.103346,SAP,Finance Manager,ap12,11686.51,EUR,FR,V3756,medium,PO553468,,completed,False,
CASE-00271,INV-000271,Schedule payment,2026-01-08T07:48:54.347310,Payment System,System,system,11686.51,EUR,FR,V3756,medium,PO553468,,completed,False,
CASE-00271,INV-000271,Send remittance notice,2026-01-08T07:54:54.347310,Payment System,System,system,11686.51,EUR,FR,V3756,medium,PO553468,,completed,False,
CASE-00271,INV-000271,Invoice paid,2026-01-08T08:00:54.347310,Payment System,System,system,11686.51,EUR,FR,V3756,medium,PO553468,,paid,False,
CASE-00272,INV-000272,Invoice received,2026-01-06T15:43:00,Coupa,System,system,13926.21,EUR,NL,V6350,medium,PO340009,,completed,False,
CASE-00272,INV-000272,Validate invoice data,2026-01-06T16:07:00,Coupa,AP Clerk,ap22,13926.21,EUR,NL,V6350,medium,PO340009,,completed,False,
CASE-00272,INV-000272,Check PO exists,2026-01-06T16:25:00,SAP,System,system,13926.21,EUR,NL,V6350,medium,PO340009,,completed,False,
CASE-00272,INV-000272,Create missing PO exception,2026-01-06T16:37:00,ServiceNow,System,system,13926.21,EUR,NL,V6350,medium,PO340009,missing_po,completed,False,
CASE-00272,INV-000272,AP review missing PO,2026-01-13T05:20:18.058726,ServiceNow,AP Clerk,ap22,13926.21,EUR,NL,V6350,medium,PO340009,missing_po,completed,False,
CASE-00272,INV-000272,Procurement correction,2026-01-14T19:30:40.875117,SAP,Procurement Specialist,ap22,13926.21,EUR,NL,V6350,medium,PO340009,missing_po,completed,False,
CASE-00272,INV-000272,Check PO exists,2026-01-14T19:42:40.875117,SAP,System,system,13926.21,EUR,NL,V6350,medium,PO340009,missing_po,completed,False,
CASE-00272,INV-000272,Run three-way match,2026-01-14T20:12:40.875117,SAP,System,system,13926.21,EUR,NL,V6350,medium,PO340009,,completed,False,
CASE-00272,INV-000272,Run duplicate invoice check,2026-01-14T20:24:40.875117,SAP,System,system,13926.21,EUR,NL,V6350,medium,PO340009,,completed,False,
CASE-00272,INV-000272,Check vendor risk,2026-01-14T20:36:40.875117,Vendor Master Data,System,system,13926.21,EUR,NL,V6350,medium,PO340009,,completed,False,
CASE-00272,INV-000272,Check approval threshold,2026-01-14T20:42:40.875117,SAP,System,system,13926.21,EUR,NL,V6350,medium,PO340009,,completed,False,
CASE-00272,INV-000272,Finance manager approval,2026-01-16T12:08:36.787649,SAP,Finance Manager,ap22,13926.21,EUR,NL,V6350,medium,PO340009,,completed,False,
CASE-00272,INV-000272,Schedule payment,2026-01-16T16:19:16.079202,Payment System,System,system,13926.21,EUR,NL,V6350,medium,PO340009,,completed,False,
CASE-00272,INV-000272,Send remittance notice,2026-01-16T16:25:16.079202,Payment System,System,system,13926.21,EUR,NL,V6350,medium,PO340009,,completed,False,
CASE-00272,INV-000272,Invoice paid,2026-01-16T16:31:16.079202,Payment System,System,system,13926.21,EUR,NL,V6350,medium,PO340009,,paid,False,
CASE-00273,INV-000273,Invoice received,2026-01-06T15:50:00,Coupa,System,system,24050.21,EUR,NL,V5275,low,PO607542,,completed,False,
CASE-00273,INV-000273,Validate invoice data,2026-01-06T16:14:00,Coupa,AP Clerk,ap05,24050.21,EUR,NL,V5275,low,PO607542,,completed,False,
CASE-00273,INV-000273,Check PO exists,2026-01-06T16:32:00,SAP,System,system,24050.21,EUR,NL,V5275,low,PO607542,,completed,False,
CASE-00273,INV-000273,Run three-way match,2026-01-06T17:02:00,SAP,System,system,24050.21,EUR,NL,V5275,low,PO607542,,completed,False,
CASE-00273,INV-000273,Run duplicate invoice check,2026-01-06T17:14:00,SAP,System,system,24050.21,EUR,NL,V5275,low,PO607542,,completed,False,
CASE-00273,INV-000273,Check vendor risk,2026-01-06T17:26:00,Vendor Master Data,System,system,24050.21,EUR,NL,V5275,low,PO607542,,completed,False,
CASE-00273,INV-000273,Check approval threshold,2026-01-06T17:32:00,SAP,System,system,24050.21,EUR,NL,V5275,low,PO607542,,completed,False,
CASE-00273,INV-000273,Finance manager approval,2026-01-07T10:04:05.765578,SAP,Finance Manager,ap05,24050.21,EUR,NL,V5275,low,PO607542,,completed,False,
CASE-00273,INV-000273,Schedule payment,2026-01-07T15:15:43.690322,Payment System,System,system,24050.21,EUR,NL,V5275,low,PO607542,,completed,False,
CASE-00273,INV-000273,Send remittance notice,2026-01-07T15:21:43.690322,Payment System,System,system,24050.21,EUR,NL,V5275,low,PO607542,,completed,False,
CASE-00273,INV-000273,Invoice paid,2026-01-07T15:27:43.690322,Payment System,System,system,24050.21,EUR,NL,V5275,low,PO607542,,paid,False,
CASE-00274,INV-000274,Invoice received,2026-01-06T15:57:00,Coupa,System,system,22311.85,EUR,DE,V7148,low,PO346130,,completed,False,
CASE-00274,INV-000274,Validate invoice data,2026-01-06T16:21:00,Coupa,AP Clerk,ap02,22311.85,EUR,DE,V7148,low,PO346130,,completed,False,
CASE-00274,INV-000274,Check PO exists,2026-01-06T16:39:00,SAP,System,system,22311.85,EUR,DE,V7148,low,PO346130,,completed,False,
CASE-00274,INV-000274,Run three-way match,2026-01-06T17:09:00,SAP,System,system,22311.85,EUR,DE,V7148,low,PO346130,,completed,False,
CASE-00274,INV-000274,Run duplicate invoice check,2026-01-06T17:21:00,SAP,System,system,22311.85,EUR,DE,V7148,low,PO346130,,completed,False,
CASE-00274,INV-000274,Check vendor risk,2026-01-06T17:33:00,Vendor Master Data,System,system,22311.85,EUR,DE,V7148,low,PO346130,,completed,False,
CASE-00274,INV-000274,Check approval threshold,2026-01-06T17:39:00,SAP,System,system,22311.85,EUR,DE,V7148,low,PO346130,,completed,False,
CASE-00274,INV-000274,Finance manager approval,2026-01-07T10:51:56.360271,SAP,Finance Manager,ap02,22311.85,EUR,DE,V7148,low,PO346130,,completed,False,
CASE-00274,INV-000274,Schedule payment,2026-01-07T18:34:08.927422,Payment System,System,system,22311.85,EUR,DE,V7148,low,PO346130,,completed,False,
CASE-00274,INV-000274,Send remittance notice,2026-01-07T18:40:08.927422,Payment System,System,system,22311.85,EUR,DE,V7148,low,PO346130,,completed,False,
CASE-00274,INV-000274,Invoice paid,2026-01-07T18:46:08.927422,Payment System,System,system,22311.85,EUR,DE,V7148,low,PO346130,,paid,False,
CASE-00275,INV-000275,Invoice received,2026-01-06T16:04:00,Coupa,System,system,15161.67,EUR,IT,V7835,low,PO419580,,completed,False,
CASE-00275,INV-000275,Validate invoice data,2026-01-06T16:28:00,Coupa,AP Clerk,ap17,15161.67,EUR,IT,V7835,low,PO419580,,completed,False,
CASE-00275,INV-000275,Check PO exists,2026-01-06T16:46:00,SAP,System,system,15161.67,EUR,IT,V7835,low,PO419580,,completed,False,
CASE-00275,INV-000275,Run three-way match,2026-01-06T17:16:00,SAP,System,system,15161.67,EUR,IT,V7835,low,PO419580,,completed,False,
CASE-00275,INV-000275,Run duplicate invoice check,2026-01-06T17:28:00,SAP,System,system,15161.67,EUR,IT,V7835,low,PO419580,,completed,False,
CASE-00275,INV-000275,Check vendor risk,2026-01-06T17:40:00,Vendor Master Data,System,system,15161.67,EUR,IT,V7835,low,PO419580,,completed,False,
CASE-00275,INV-000275,Check approval threshold,2026-01-06T17:46:00,SAP,System,system,15161.67,EUR,IT,V7835,low,PO419580,,completed,False,
CASE-00275,INV-000275,Finance manager approval,2026-01-08T11:08:17.535904,SAP,Finance Manager,ap17,15161.67,EUR,IT,V7835,low,PO419580,,completed,False,
CASE-00275,INV-000275,Schedule payment,2026-01-08T16:12:30.575216,Payment System,System,system,15161.67,EUR,IT,V7835,low,PO419580,,completed,False,
CASE-00275,INV-000275,Send remittance notice,2026-01-08T16:18:30.575216,Payment System,System,system,15161.67,EUR,IT,V7835,low,PO419580,,completed,False,
CASE-00275,INV-000275,Invoice paid,2026-01-08T16:24:30.575216,Payment System,System,system,15161.67,EUR,IT,V7835,low,PO419580,,paid,False,
CASE-00276,INV-000276,Invoice received,2026-01-06T16:11:00,Coupa,System,system,22678.08,EUR,IT,V1107,low,PO634001,,completed,False,
CASE-00276,INV-000276,Validate invoice data,2026-01-06T16:35:00,Coupa,AP Clerk,ap18,22678.08,EUR,IT,V1107,low,PO634001,,completed,False,
CASE-00276,INV-000276,Check PO exists,2026-01-06T16:53:00,SAP,System,system,22678.08,EUR,IT,V1107,low,PO634001,,completed,False,
CASE-00276,INV-000276,Run three-way match,2026-01-06T17:23:00,SAP,System,system,22678.08,EUR,IT,V1107,low,PO634001,,completed,False,
CASE-00276,INV-000276,Run duplicate invoice check,2026-01-06T17:35:00,SAP,System,system,22678.08,EUR,IT,V1107,low,PO634001,,completed,False,
CASE-00276,INV-000276,Check vendor risk,2026-01-06T17:47:00,Vendor Master Data,System,system,22678.08,EUR,IT,V1107,low,PO634001,,completed,False,
CASE-00276,INV-000276,Check approval threshold,2026-01-06T17:53:00,SAP,System,system,22678.08,EUR,IT,V1107,low,PO634001,,completed,False,
CASE-00276,INV-000276,Finance manager approval,2026-01-08T10:42:54.531610,SAP,Finance Manager,ap18,22678.08,EUR,IT,V1107,low,PO634001,,completed,False,
CASE-00276,INV-000276,Schedule payment,2026-01-08T17:51:29.599613,Payment System,System,system,22678.08,EUR,IT,V1107,low,PO634001,,completed,False,
CASE-00276,INV-000276,Send remittance notice,2026-01-08T17:57:29.599613,Payment System,System,system,22678.08,EUR,IT,V1107,low,PO634001,,completed,False,
CASE-00276,INV-000276,Invoice paid,2026-01-08T18:03:29.599613,Payment System,System,system,22678.08,EUR,IT,V1107,low,PO634001,,paid,False,
CASE-00277,INV-000277,Invoice received,2026-01-06T16:18:00,Coupa,System,system,1237.43,EUR,NL,V2927,low,PO935361,,completed,False,
CASE-00277,INV-000277,Validate invoice data,2026-01-06T16:42:00,Coupa,AP Clerk,ap02,1237.43,EUR,NL,V2927,low,PO935361,,completed,False,
CASE-00277,INV-000277,Check PO exists,2026-01-06T17:00:00,SAP,System,system,1237.43,EUR,NL,V2927,low,PO935361,,completed,False,
CASE-00277,INV-000277,Run three-way match,2026-01-06T17:30:00,SAP,System,system,1237.43,EUR,NL,V2927,low,PO935361,,completed,False,
CASE-00277,INV-000277,Run duplicate invoice check,2026-01-06T17:42:00,SAP,System,system,1237.43,EUR,NL,V2927,low,PO935361,,completed,False,
CASE-00277,INV-000277,Check vendor risk,2026-01-06T17:54:00,Vendor Master Data,System,system,1237.43,EUR,NL,V2927,low,PO935361,,completed,False,
CASE-00277,INV-000277,Check approval threshold,2026-01-06T18:00:00,SAP,System,system,1237.43,EUR,NL,V2927,low,PO935361,,completed,False,
CASE-00277,INV-000277,Auto approve for payment scheduling,2026-01-06T18:06:00,SAP,System,system,1237.43,EUR,NL,V2927,low,PO935361,,completed,False,
CASE-00277,INV-000277,Schedule payment,2026-01-07T02:57:07.816816,Payment System,System,system,1237.43,EUR,NL,V2927,low,PO935361,,completed,False,
CASE-00277,INV-000277,Send remittance notice,2026-01-07T03:03:07.816816,Payment System,System,system,1237.43,EUR,NL,V2927,low,PO935361,,completed,False,
CASE-00277,INV-000277,Invoice paid,2026-01-07T03:09:07.816816,Payment System,System,system,1237.43,EUR,NL,V2927,low,PO935361,,paid,False,
CASE-00278,INV-000278,Invoice received,2026-01-06T16:25:00,Coupa,System,system,3759.87,EUR,ES,V3589,low,PO882904,,completed,False,
CASE-00278,INV-000278,Validate invoice data,2026-01-06T16:49:00,Coupa,AP Clerk,ap08,3759.87,EUR,ES,V3589,low,PO882904,,completed,False,
CASE-00278,INV-000278,Check PO exists,2026-01-06T17:07:00,SAP,System,system,3759.87,EUR,ES,V3589,low,PO882904,,completed,False,
CASE-00278,INV-000278,Run three-way match,2026-01-06T17:37:00,SAP,System,system,3759.87,EUR,ES,V3589,low,PO882904,,completed,False,
CASE-00278,INV-000278,Run duplicate invoice check,2026-01-06T17:49:00,SAP,System,system,3759.87,EUR,ES,V3589,low,PO882904,,completed,False,
CASE-00278,INV-000278,Check vendor risk,2026-01-06T18:01:00,Vendor Master Data,System,system,3759.87,EUR,ES,V3589,low,PO882904,,completed,False,
CASE-00278,INV-000278,Check approval threshold,2026-01-06T18:07:00,SAP,System,system,3759.87,EUR,ES,V3589,low,PO882904,,completed,False,
CASE-00278,INV-000278,Auto approve for payment scheduling,2026-01-06T18:13:00,SAP,System,system,3759.87,EUR,ES,V3589,low,PO882904,,completed,False,
CASE-00278,INV-000278,Schedule payment,2026-01-07T02:40:31.835348,Payment System,System,system,3759.87,EUR,ES,V3589,low,PO882904,,completed,False,
CASE-00278,INV-000278,Send remittance notice,2026-01-07T02:46:31.835348,Payment System,System,system,3759.87,EUR,ES,V3589,low,PO882904,,completed,False,
CASE-00278,INV-000278,Invoice paid,2026-01-07T02:52:31.835348,Payment System,System,system,3759.87,EUR,ES,V3589,low,PO882904,,paid,False,
CASE-00279,INV-000279,Invoice received,2026-01-06T16:32:00,Coupa,System,system,7866.37,EUR,DE,V7833,high,PO371850,,completed,False,
CASE-00279,INV-000279,Validate invoice data,2026-01-06T16:56:00,Coupa,AP Clerk,ap24,7866.37,EUR,DE,V7833,high,PO371850,,completed,False,
CASE-00279,INV-000279,Manual Email Review,2026-01-07T06:11:07.338487,Email and Excel,AP Clerk,ap24,7866.37,EUR,DE,V7833,high,PO371850,,completed,True,Manual Email Review
CASE-00279,INV-000279,Check PO exists,2026-01-07T06:29:07.338487,SAP,System,system,7866.37,EUR,DE,V7833,high,PO371850,,completed,False,
CASE-00279,INV-000279,Run three-way match,2026-01-07T06:59:07.338487,SAP,System,system,7866.37,EUR,DE,V7833,high,PO371850,,completed,False,
CASE-00279,INV-000279,Classify exception,2026-01-07T07:11:07.338487,ServiceNow,AP Clerk,ap24,7866.37,EUR,DE,V7833,high,PO371850,price_mismatch,completed,False,
CASE-00279,INV-000279,Create price mismatch ticket,2026-01-07T07:23:07.338487,ServiceNow,System,system,7866.37,EUR,DE,V7833,high,PO371850,price_mismatch,completed,False,
CASE-00279,INV-000279,AP review price mismatch,2026-01-10T02:55:19.632637,ServiceNow,AP Clerk,ap24,7866.37,EUR,DE,V7833,high,PO371850,price_mismatch,completed,False,
CASE-00279,INV-000279,Correction for price mismatch,2026-01-10T10:30:07.999234,SAP,Procurement Specialist,ap24,7866.37,EUR,DE,V7833,high,PO371850,price_mismatch,completed,False,
CASE-00279,INV-000279,Run three-way match,2026-01-10T10:54:07.999234,SAP,System,system,7866.37,EUR,DE,V7833,high,PO371850,price_mismatch,completed,False,
CASE-00279,INV-000279,Run duplicate invoice check,2026-01-10T11:06:07.999234,SAP,System,system,7866.37,EUR,DE,V7833,high,PO371850,,completed,False,
CASE-00279,INV-000279,Check vendor risk,2026-01-10T11:18:07.999234,Vendor Master Data,System,system,7866.37,EUR,DE,V7833,high,PO371850,,completed,False,
CASE-00279,INV-000279,Compliance review,2026-01-11T00:10:27.248722,Vendor Master Data,Compliance Officer,ap24,7866.37,EUR,DE,V7833,high,PO371850,,completed,False,
CASE-00279,INV-000279,Check approval threshold,2026-01-11T00:16:27.248722,SAP,System,system,7866.37,EUR,DE,V7833,high,PO371850,,completed,False,
CASE-00279,INV-000279,Auto approve for payment scheduling,2026-01-11T00:22:27.248722,SAP,System,system,7866.37,EUR,DE,V7833,high,PO371850,,completed,False,
CASE-00279,INV-000279,Schedule payment,2026-01-11T10:11:48.015399,Payment System,System,system,7866.37,EUR,DE,V7833,high,PO371850,,completed,False,
CASE-00279,INV-000279,Send remittance notice,2026-01-11T10:17:48.015399,Payment System,System,system,7866.37,EUR,DE,V7833,high,PO371850,,completed,False,
CASE-00279,INV-000279,Invoice paid,2026-01-11T10:23:48.015399,Payment System,System,system,7866.37,EUR,DE,V7833,high,PO371850,,paid,False,
CASE-00280,INV-000280,Invoice received,2026-01-06T16:39:00,Coupa,System,system,10407.71,EUR,DE,V2347,low,PO344040,,completed,False,
CASE-00280,INV-000280,Validate invoice data,2026-01-06T17:03:00,Coupa,AP Clerk,ap13,10407.71,EUR,DE,V2347,low,PO344040,,completed,False,
CASE-00280,INV-000280,Check PO exists,2026-01-06T17:21:00,SAP,System,system,10407.71,EUR,DE,V2347,low,PO344040,,completed,False,
CASE-00280,INV-000280,Run three-way match,2026-01-06T17:51:00,SAP,System,system,10407.71,EUR,DE,V2347,low,PO344040,,completed,False,
CASE-00280,INV-000280,Run duplicate invoice check,2026-01-06T18:03:00,SAP,System,system,10407.71,EUR,DE,V2347,low,PO344040,,completed,False,
CASE-00280,INV-000280,Check vendor risk,2026-01-06T18:15:00,Vendor Master Data,System,system,10407.71,EUR,DE,V2347,low,PO344040,,completed,False,
CASE-00280,INV-000280,Check approval threshold,2026-01-06T18:21:00,SAP,System,system,10407.71,EUR,DE,V2347,low,PO344040,,completed,False,
CASE-00280,INV-000280,Finance manager approval,2026-01-08T06:31:37.248412,SAP,Finance Manager,ap13,10407.71,EUR,DE,V2347,low,PO344040,,completed,False,
CASE-00280,INV-000280,Schedule payment,2026-01-08T13:35:36.424261,Payment System,System,system,10407.71,EUR,DE,V2347,low,PO344040,,completed,False,
CASE-00280,INV-000280,Send remittance notice,2026-01-08T13:41:36.424261,Payment System,System,system,10407.71,EUR,DE,V2347,low,PO344040,,completed,False,
CASE-00280,INV-000280,Invoice paid,2026-01-08T13:47:36.424261,Payment System,System,system,10407.71,EUR,DE,V2347,low,PO344040,,paid,False,
CASE-00281,INV-000281,Invoice received,2026-01-06T16:46:00,Coupa,System,system,1020.48,EUR,FR,V7836,low,PO551202,,completed,False,
CASE-00281,INV-000281,Validate invoice data,2026-01-06T17:10:00,Coupa,AP Clerk,ap01,1020.48,EUR,FR,V7836,low,PO551202,,completed,False,
CASE-00281,INV-000281,Manual Email Review,2026-01-07T19:03:17.856399,Email and Excel,AP Clerk,ap01,1020.48,EUR,FR,V7836,low,PO551202,,completed,True,Manual Email Review
CASE-00281,INV-000281,Check PO exists,2026-01-07T19:21:17.856399,SAP,System,system,1020.48,EUR,FR,V7836,low,PO551202,,completed,False,
CASE-00281,INV-000281,Run three-way match,2026-01-07T19:51:17.856399,SAP,System,system,1020.48,EUR,FR,V7836,low,PO551202,,completed,False,
CASE-00281,INV-000281,Run duplicate invoice check,2026-01-07T20:03:17.856399,SAP,System,system,1020.48,EUR,FR,V7836,low,PO551202,,completed,False,
CASE-00281,INV-000281,Check vendor risk,2026-01-07T20:15:17.856399,Vendor Master Data,System,system,1020.48,EUR,FR,V7836,low,PO551202,,completed,False,
CASE-00281,INV-000281,Check approval threshold,2026-01-07T20:21:17.856399,SAP,System,system,1020.48,EUR,FR,V7836,low,PO551202,,completed,False,
CASE-00281,INV-000281,Auto approve for payment scheduling,2026-01-07T20:27:17.856399,SAP,System,system,1020.48,EUR,FR,V7836,low,PO551202,,completed,False,
CASE-00281,INV-000281,Schedule payment,2026-01-08T05:05:36.819416,Payment System,System,system,1020.48,EUR,FR,V7836,low,PO551202,,completed,False,
CASE-00281,INV-000281,Send remittance notice,2026-01-08T05:11:36.819416,Payment System,System,system,1020.48,EUR,FR,V7836,low,PO551202,,completed,False,
CASE-00281,INV-000281,Invoice paid,2026-01-08T05:17:36.819416,Payment System,System,system,1020.48,EUR,FR,V7836,low,PO551202,,paid,False,
CASE-00282,INV-000282,Invoice received,2026-01-06T16:53:00,Coupa,System,system,15291.41,EUR,ES,V1045,low,PO176429,,completed,False,
CASE-00282,INV-000282,Validate invoice data,2026-01-06T17:17:00,Coupa,AP Clerk,ap23,15291.41,EUR,ES,V1045,low,PO176429,,completed,False,
CASE-00282,INV-000282,Manual Email Review,2026-01-07T09:23:08.056635,Email and Excel,AP Clerk,ap23,15291.41,EUR,ES,V1045,low,PO176429,,completed,True,Manual Email Review
CASE-00282,INV-000282,Check PO exists,2026-01-07T09:41:08.056635,SAP,System,system,15291.41,EUR,ES,V1045,low,PO176429,,completed,False,
CASE-00282,INV-000282,Run three-way match,2026-01-07T10:11:08.056635,SAP,System,system,15291.41,EUR,ES,V1045,low,PO176429,,completed,False,
CASE-00282,INV-000282,Classify exception,2026-01-07T10:23:08.056635,ServiceNow,AP Clerk,ap23,15291.41,EUR,ES,V1045,low,PO176429,price_mismatch,completed,False,
CASE-00282,INV-000282,Create price mismatch ticket,2026-01-07T10:35:08.056635,ServiceNow,System,system,15291.41,EUR,ES,V1045,low,PO176429,price_mismatch,completed,False,
CASE-00282,INV-000282,AP review price mismatch,2026-01-12T03:46:06.202107,ServiceNow,AP Clerk,ap23,15291.41,EUR,ES,V1045,low,PO176429,price_mismatch,completed,False,
CASE-00282,INV-000282,Correction for price mismatch,2026-01-12T08:13:44.058026,SAP,Procurement Specialist,ap23,15291.41,EUR,ES,V1045,low,PO176429,price_mismatch,completed,False,
CASE-00282,INV-000282,Run three-way match,2026-01-12T08:37:44.058026,SAP,System,system,15291.41,EUR,ES,V1045,low,PO176429,price_mismatch,completed,False,
CASE-00282,INV-000282,Run duplicate invoice check,2026-01-12T08:49:44.058026,SAP,System,system,15291.41,EUR,ES,V1045,low,PO176429,,completed,False,
CASE-00282,INV-000282,Check vendor risk,2026-01-12T09:01:44.058026,Vendor Master Data,System,system,15291.41,EUR,ES,V1045,low,PO176429,,completed,False,
CASE-00282,INV-000282,Check approval threshold,2026-01-12T09:07:44.058026,SAP,System,system,15291.41,EUR,ES,V1045,low,PO176429,,completed,False,
CASE-00282,INV-000282,Finance manager approval,2026-01-14T01:53:29.544591,SAP,Finance Manager,ap23,15291.41,EUR,ES,V1045,low,PO176429,,completed,False,
CASE-00282,INV-000282,Schedule payment,2026-01-14T06:07:51.319929,Payment System,System,system,15291.41,EUR,ES,V1045,low,PO176429,,completed,False,
CASE-00282,INV-000282,Send remittance notice,2026-01-14T06:13:51.319929,Payment System,System,system,15291.41,EUR,ES,V1045,low,PO176429,,completed,False,
CASE-00282,INV-000282,Invoice paid,2026-01-14T06:19:51.319929,Payment System,System,system,15291.41,EUR,ES,V1045,low,PO176429,,paid,False,
CASE-00283,INV-000283,Invoice received,2026-01-06T17:00:00,Coupa,System,system,22770.23,EUR,NL,V2636,medium,PO750995,,completed,False,
CASE-00283,INV-000283,Validate invoice data,2026-01-06T17:24:00,Coupa,AP Clerk,ap13,22770.23,EUR,NL,V2636,medium,PO750995,,completed,False,
CASE-00283,INV-000283,Check PO exists,2026-01-06T17:42:00,SAP,System,system,22770.23,EUR,NL,V2636,medium,PO750995,,completed,False,
CASE-00283,INV-000283,Run three-way match,2026-01-06T18:12:00,SAP,System,system,22770.23,EUR,NL,V2636,medium,PO750995,,completed,False,
CASE-00283,INV-000283,Classify exception,2026-01-06T18:24:00,ServiceNow,AP Clerk,ap13,22770.23,EUR,NL,V2636,medium,PO750995,missing_gr,completed,False,
CASE-00283,INV-000283,Request goods receipt confirmation,2026-01-07T15:42:23.195217,SAP,Procurement Specialist,ap13,22770.23,EUR,NL,V2636,medium,PO750995,missing_gr,completed,False,
CASE-00283,INV-000283,Run three-way match,2026-01-07T16:06:23.195217,SAP,System,system,22770.23,EUR,NL,V2636,medium,PO750995,missing_gr,completed,False,
CASE-00283,INV-000283,Run duplicate invoice check,2026-01-07T16:18:23.195217,SAP,System,system,22770.23,EUR,NL,V2636,medium,PO750995,,completed,False,
CASE-00283,INV-000283,Check vendor risk,2026-01-07T16:30:23.195217,Vendor Master Data,System,system,22770.23,EUR,NL,V2636,medium,PO750995,,completed,False,
CASE-00283,INV-000283,Check approval threshold,2026-01-07T16:36:23.195217,SAP,System,system,22770.23,EUR,NL,V2636,medium,PO750995,,completed,False,
CASE-00283,INV-000283,Finance manager approval,2026-01-08T16:24:16.270226,SAP,Finance Manager,ap13,22770.23,EUR,NL,V2636,medium,PO750995,,completed,False,
CASE-00283,INV-000283,Schedule payment,2026-01-09T02:22:01.038233,Payment System,System,system,22770.23,EUR,NL,V2636,medium,PO750995,,completed,False,
CASE-00283,INV-000283,Send remittance notice,2026-01-09T02:28:01.038233,Payment System,System,system,22770.23,EUR,NL,V2636,medium,PO750995,,completed,False,
CASE-00283,INV-000283,Invoice paid,2026-01-09T02:34:01.038233,Payment System,System,system,22770.23,EUR,NL,V2636,medium,PO750995,,paid,False,
CASE-00284,INV-000284,Invoice received,2026-01-06T17:07:00,Coupa,System,system,16464.92,EUR,IT,V2425,medium,PO198436,,completed,False,
CASE-00284,INV-000284,Validate invoice data,2026-01-06T17:31:00,Coupa,AP Clerk,ap10,16464.92,EUR,IT,V2425,medium,PO198436,,completed,False,
CASE-00284,INV-000284,Check PO exists,2026-01-06T17:49:00,SAP,System,system,16464.92,EUR,IT,V2425,medium,PO198436,,completed,False,
CASE-00284,INV-000284,Run three-way match,2026-01-06T18:19:00,SAP,System,system,16464.92,EUR,IT,V2425,medium,PO198436,,completed,False,
CASE-00284,INV-000284,Run duplicate invoice check,2026-01-06T18:31:00,SAP,System,system,16464.92,EUR,IT,V2425,medium,PO198436,,completed,False,
CASE-00284,INV-000284,Check vendor risk,2026-01-06T18:43:00,Vendor Master Data,System,system,16464.92,EUR,IT,V2425,medium,PO198436,,completed,False,
CASE-00284,INV-000284,Check approval threshold,2026-01-06T18:49:00,SAP,System,system,16464.92,EUR,IT,V2425,medium,PO198436,,completed,False,
CASE-00284,INV-000284,Finance manager approval,2026-01-08T00:38:24.555319,SAP,Finance Manager,ap10,16464.92,EUR,IT,V2425,medium,PO198436,,completed,False,
CASE-00284,INV-000284,Schedule payment,2026-01-08T08:37:30.249527,Payment System,System,system,16464.92,EUR,IT,V2425,medium,PO198436,,completed,False,
CASE-00284,INV-000284,Send remittance notice,2026-01-08T08:43:30.249527,Payment System,System,system,16464.92,EUR,IT,V2425,medium,PO198436,,completed,False,
CASE-00284,INV-000284,Invoice paid,2026-01-08T08:49:30.249527,Payment System,System,system,16464.92,EUR,IT,V2425,medium,PO198436,,paid,False,
CASE-00285,INV-000285,Invoice received,2026-01-06T17:14:00,Coupa,System,system,23512.78,EUR,ES,V1826,medium,PO180887,,completed,False,
CASE-00285,INV-000285,Validate invoice data,2026-01-06T17:38:00,Coupa,AP Clerk,ap19,23512.78,EUR,ES,V1826,medium,PO180887,,completed,False,
CASE-00285,INV-000285,Manual Email Review,2026-01-07T15:48:43.112042,Email and Excel,AP Clerk,ap19,23512.78,EUR,ES,V1826,medium,PO180887,,completed,True,Manual Email Review
CASE-00285,INV-000285,Check PO exists,2026-01-07T16:06:43.112042,SAP,System,system,23512.78,EUR,ES,V1826,medium,PO180887,,completed,False,
CASE-00285,INV-000285,Run three-way match,2026-01-07T16:36:43.112042,SAP,System,system,23512.78,EUR,ES,V1826,medium,PO180887,,completed,False,
CASE-00285,INV-000285,Classify exception,2026-01-07T16:48:43.112042,ServiceNow,AP Clerk,ap19,23512.78,EUR,ES,V1826,medium,PO180887,quantity_mismatch,completed,False,
CASE-00285,INV-000285,Create quantity mismatch ticket,2026-01-07T17:00:43.112042,ServiceNow,System,system,23512.78,EUR,ES,V1826,medium,PO180887,quantity_mismatch,completed,False,
CASE-00285,INV-000285,AP review quantity mismatch,2026-01-11T10:02:50.857398,ServiceNow,AP Clerk,ap19,23512.78,EUR,ES,V1826,medium,PO180887,quantity_mismatch,completed,False,
CASE-00285,INV-000285,Correction for quantity mismatch,2026-01-12T00:18:23.167843,SAP,Procurement Specialist,ap19,23512.78,EUR,ES,V1826,medium,PO180887,quantity_mismatch,completed,False,
CASE-00285,INV-000285,Run three-way match,2026-01-12T00:42:23.167843,SAP,System,system,23512.78,EUR,ES,V1826,medium,PO180887,quantity_mismatch,completed,False,
CASE-00285,INV-000285,Run duplicate invoice check,2026-01-12T00:54:23.167843,SAP,System,system,23512.78,EUR,ES,V1826,medium,PO180887,,completed,False,
CASE-00285,INV-000285,Check vendor risk,2026-01-12T01:06:23.167843,Vendor Master Data,System,system,23512.78,EUR,ES,V1826,medium,PO180887,,completed,False,
CASE-00285,INV-000285,Check approval threshold,2026-01-12T01:12:23.167843,SAP,System,system,23512.78,EUR,ES,V1826,medium,PO180887,,completed,False,
CASE-00285,INV-000285,Finance manager approval,2026-01-12T13:00:36.361371,SAP,Finance Manager,ap19,23512.78,EUR,ES,V1826,medium,PO180887,,completed,False,
CASE-00285,INV-000285,Schedule payment,2026-01-12T21:28:58.936128,Payment System,System,system,23512.78,EUR,ES,V1826,medium,PO180887,,completed,False,
CASE-00285,INV-000285,Send remittance notice,2026-01-12T21:34:58.936128,Payment System,System,system,23512.78,EUR,ES,V1826,medium,PO180887,,completed,False,
CASE-00285,INV-000285,Invoice paid,2026-01-12T21:40:58.936128,Payment System,System,system,23512.78,EUR,ES,V1826,medium,PO180887,,paid,False,
CASE-00286,INV-000286,Invoice received,2026-01-06T17:21:00,Coupa,System,system,18776.9,EUR,IT,V4085,low,PO759025,,completed,False,
CASE-00286,INV-000286,Validate invoice data,2026-01-06T17:45:00,Coupa,AP Clerk,ap22,18776.9,EUR,IT,V4085,low,PO759025,,completed,False,
CASE-00286,INV-000286,Check PO exists,2026-01-06T18:03:00,SAP,System,system,18776.9,EUR,IT,V4085,low,PO759025,,completed,False,
CASE-00286,INV-000286,Run three-way match,2026-01-06T18:33:00,SAP,System,system,18776.9,EUR,IT,V4085,low,PO759025,,completed,False,
CASE-00286,INV-000286,Run duplicate invoice check,2026-01-06T18:45:00,SAP,System,system,18776.9,EUR,IT,V4085,low,PO759025,,completed,False,
CASE-00286,INV-000286,Check vendor risk,2026-01-06T18:57:00,Vendor Master Data,System,system,18776.9,EUR,IT,V4085,low,PO759025,,completed,False,
CASE-00286,INV-000286,Check approval threshold,2026-01-06T19:03:00,SAP,System,system,18776.9,EUR,IT,V4085,low,PO759025,,completed,False,
CASE-00286,INV-000286,Finance manager approval,2026-01-07T08:30:54.645922,SAP,Finance Manager,ap22,18776.9,EUR,IT,V4085,low,PO759025,,completed,False,
CASE-00286,INV-000286,Schedule payment,2026-01-07T16:32:07.379113,Payment System,System,system,18776.9,EUR,IT,V4085,low,PO759025,,completed,False,
CASE-00286,INV-000286,Send remittance notice,2026-01-07T16:38:07.379113,Payment System,System,system,18776.9,EUR,IT,V4085,low,PO759025,,completed,False,
CASE-00286,INV-000286,Invoice paid,2026-01-07T16:44:07.379113,Payment System,System,system,18776.9,EUR,IT,V4085,low,PO759025,,paid,False,
CASE-00287,INV-000287,Invoice received,2026-01-06T17:28:00,Coupa,System,system,1811.03,EUR,NL,V4381,low,PO375974,,completed,False,
CASE-00287,INV-000287,Validate invoice data,2026-01-06T17:52:00,Coupa,AP Clerk,ap12,1811.03,EUR,NL,V4381,low,PO375974,,completed,False,
CASE-00287,INV-000287,Check PO exists,2026-01-06T18:10:00,SAP,System,system,1811.03,EUR,NL,V4381,low,PO375974,,completed,False,
CASE-00287,INV-000287,Run three-way match,2026-01-06T18:40:00,SAP,System,system,1811.03,EUR,NL,V4381,low,PO375974,,completed,False,
CASE-00287,INV-000287,Run duplicate invoice check,2026-01-06T18:52:00,SAP,System,system,1811.03,EUR,NL,V4381,low,PO375974,,completed,False,
CASE-00287,INV-000287,Check vendor risk,2026-01-06T19:04:00,Vendor Master Data,System,system,1811.03,EUR,NL,V4381,low,PO375974,,completed,False,
CASE-00287,INV-000287,Check approval threshold,2026-01-06T19:10:00,SAP,System,system,1811.03,EUR,NL,V4381,low,PO375974,,completed,False,
CASE-00287,INV-000287,Auto approve for payment scheduling,2026-01-06T19:16:00,SAP,System,system,1811.03,EUR,NL,V4381,low,PO375974,,completed,False,
CASE-00287,INV-000287,Schedule payment,2026-01-07T00:42:53.930276,Payment System,System,system,1811.03,EUR,NL,V4381,low,PO375974,,completed,False,
CASE-00287,INV-000287,Send remittance notice,2026-01-07T00:48:53.930276,Payment System,System,system,1811.03,EUR,NL,V4381,low,PO375974,,completed,False,
CASE-00287,INV-000287,Invoice paid,2026-01-07T00:54:53.930276,Payment System,System,system,1811.03,EUR,NL,V4381,low,PO375974,,paid,False,
CASE-00288,INV-000288,Invoice received,2026-01-06T17:35:00,Coupa,System,system,3460.48,EUR,ES,V2241,low,PO843940,,completed,False,
CASE-00288,INV-000288,Validate invoice data,2026-01-06T17:59:00,Coupa,AP Clerk,ap13,3460.48,EUR,ES,V2241,low,PO843940,,completed,False,
CASE-00288,INV-000288,Check PO exists,2026-01-06T18:17:00,SAP,System,system,3460.48,EUR,ES,V2241,low,PO843940,,completed,False,
CASE-00288,INV-000288,Run three-way match,2026-01-06T18:47:00,SAP,System,system,3460.48,EUR,ES,V2241,low,PO843940,,completed,False,
CASE-00288,INV-000288,Classify exception,2026-01-06T18:59:00,ServiceNow,AP Clerk,ap13,3460.48,EUR,ES,V2241,low,PO843940,price_mismatch,completed,False,
CASE-00288,INV-000288,Create price mismatch ticket,2026-01-06T19:11:00,ServiceNow,System,system,3460.48,EUR,ES,V2241,low,PO843940,price_mismatch,completed,False,
CASE-00288,INV-000288,AP review price mismatch,2026-01-09T15:42:03.101820,ServiceNow,AP Clerk,ap13,3460.48,EUR,ES,V2241,low,PO843940,price_mismatch,completed,False,
CASE-00288,INV-000288,Correction for price mismatch,2026-01-10T07:50:04.494811,SAP,Procurement Specialist,ap13,3460.48,EUR,ES,V2241,low,PO843940,price_mismatch,completed,False,
CASE-00288,INV-000288,Run three-way match,2026-01-10T08:14:04.494811,SAP,System,system,3460.48,EUR,ES,V2241,low,PO843940,price_mismatch,completed,False,
CASE-00288,INV-000288,Run duplicate invoice check,2026-01-10T08:26:04.494811,SAP,System,system,3460.48,EUR,ES,V2241,low,PO843940,,completed,False,
CASE-00288,INV-000288,Check vendor risk,2026-01-10T08:38:04.494811,Vendor Master Data,System,system,3460.48,EUR,ES,V2241,low,PO843940,,completed,False,
CASE-00288,INV-000288,Check approval threshold,2026-01-10T08:44:04.494811,SAP,System,system,3460.48,EUR,ES,V2241,low,PO843940,,completed,False,
CASE-00288,INV-000288,Auto approve for payment scheduling,2026-01-10T08:50:04.494811,SAP,System,system,3460.48,EUR,ES,V2241,low,PO843940,,completed,False,
CASE-00288,INV-000288,Schedule payment,2026-01-10T17:59:37.866625,Payment System,System,system,3460.48,EUR,ES,V2241,low,PO843940,,completed,False,
CASE-00288,INV-000288,Send remittance notice,2026-01-10T18:05:37.866625,Payment System,System,system,3460.48,EUR,ES,V2241,low,PO843940,,completed,False,
CASE-00288,INV-000288,Invoice paid,2026-01-10T18:11:37.866625,Payment System,System,system,3460.48,EUR,ES,V2241,low,PO843940,,paid,False,
CASE-00289,INV-000289,Invoice received,2026-01-06T17:42:00,Coupa,System,system,5172.52,EUR,NL,V6207,low,PO631762,,completed,False,
CASE-00289,INV-000289,Validate invoice data,2026-01-06T18:06:00,Coupa,AP Clerk,ap07,5172.52,EUR,NL,V6207,low,PO631762,,completed,False,
CASE-00289,INV-000289,Check PO exists,2026-01-06T18:24:00,SAP,System,system,5172.52,EUR,NL,V6207,low,PO631762,,completed,False,
CASE-00289,INV-000289,Run three-way match,2026-01-06T18:54:00,SAP,System,system,5172.52,EUR,NL,V6207,low,PO631762,,completed,False,
CASE-00289,INV-000289,Run duplicate invoice check,2026-01-06T19:06:00,SAP,System,system,5172.52,EUR,NL,V6207,low,PO631762,,completed,False,
CASE-00289,INV-000289,Check vendor risk,2026-01-06T19:18:00,Vendor Master Data,System,system,5172.52,EUR,NL,V6207,low,PO631762,,completed,False,
CASE-00289,INV-000289,Check approval threshold,2026-01-06T19:24:00,SAP,System,system,5172.52,EUR,NL,V6207,low,PO631762,,completed,False,
CASE-00289,INV-000289,Auto approve for payment scheduling,2026-01-06T19:30:00,SAP,System,system,5172.52,EUR,NL,V6207,low,PO631762,,completed,False,
CASE-00289,INV-000289,Schedule payment,2026-01-07T00:13:41.041930,Payment System,System,system,5172.52,EUR,NL,V6207,low,PO631762,,completed,False,
CASE-00289,INV-000289,Send remittance notice,2026-01-07T00:19:41.041930,Payment System,System,system,5172.52,EUR,NL,V6207,low,PO631762,,completed,False,
CASE-00289,INV-000289,Invoice paid,2026-01-07T00:25:41.041930,Payment System,System,system,5172.52,EUR,NL,V6207,low,PO631762,,paid,False,
CASE-00290,INV-000290,Invoice received,2026-01-06T17:49:00,Coupa,System,system,10810.67,EUR,NL,V2074,low,PO551134,,completed,False,
CASE-00290,INV-000290,Validate invoice data,2026-01-06T18:13:00,Coupa,AP Clerk,ap02,10810.67,EUR,NL,V2074,low,PO551134,,completed,False,
CASE-00290,INV-000290,Check PO exists,2026-01-06T18:31:00,SAP,System,system,10810.67,EUR,NL,V2074,low,PO551134,,completed,False,
CASE-00290,INV-000290,Run three-way match,2026-01-06T19:01:00,SAP,System,system,10810.67,EUR,NL,V2074,low,PO551134,,completed,False,
CASE-00290,INV-000290,Classify exception,2026-01-06T19:13:00,ServiceNow,AP Clerk,ap02,10810.67,EUR,NL,V2074,low,PO551134,quantity_mismatch,completed,False,
CASE-00290,INV-000290,Create quantity mismatch ticket,2026-01-06T19:25:00,ServiceNow,System,system,10810.67,EUR,NL,V2074,low,PO551134,quantity_mismatch,completed,False,
CASE-00290,INV-000290,AP review quantity mismatch,2026-01-11T03:37:37.418913,ServiceNow,AP Clerk,ap02,10810.67,EUR,NL,V2074,low,PO551134,quantity_mismatch,completed,False,
CASE-00290,INV-000290,Correction for quantity mismatch,2026-01-12T02:50:20.489236,SAP,Procurement Specialist,ap02,10810.67,EUR,NL,V2074,low,PO551134,quantity_mismatch,completed,False,
CASE-00290,INV-000290,Run three-way match,2026-01-12T03:14:20.489236,SAP,System,system,10810.67,EUR,NL,V2074,low,PO551134,quantity_mismatch,completed,False,
CASE-00290,INV-000290,Run duplicate invoice check,2026-01-12T03:26:20.489236,SAP,System,system,10810.67,EUR,NL,V2074,low,PO551134,,completed,False,
CASE-00290,INV-000290,Check vendor risk,2026-01-12T03:38:20.489236,Vendor Master Data,System,system,10810.67,EUR,NL,V2074,low,PO551134,,completed,False,
CASE-00290,INV-000290,Check approval threshold,2026-01-12T03:44:20.489236,SAP,System,system,10810.67,EUR,NL,V2074,low,PO551134,,completed,False,
CASE-00290,INV-000290,Finance manager approval,2026-01-12T09:31:07.918103,SAP,Finance Manager,ap02,10810.67,EUR,NL,V2074,low,PO551134,,completed,False,
CASE-00290,INV-000290,Schedule payment,2026-01-12T19:52:11.596609,Payment System,System,system,10810.67,EUR,NL,V2074,low,PO551134,,completed,False,
CASE-00290,INV-000290,Send remittance notice,2026-01-12T19:58:11.596609,Payment System,System,system,10810.67,EUR,NL,V2074,low,PO551134,,completed,False,
CASE-00290,INV-000290,Invoice paid,2026-01-12T20:04:11.596609,Payment System,System,system,10810.67,EUR,NL,V2074,low,PO551134,,paid,False,
CASE-00291,INV-000291,Invoice received,2026-01-06T17:56:00,Coupa,System,system,21621.48,EUR,FR,V1443,low,PO570778,,completed,False,
CASE-00291,INV-000291,Validate invoice data,2026-01-06T18:20:00,Coupa,AP Clerk,ap11,21621.48,EUR,FR,V1443,low,PO570778,,completed,False,
CASE-00291,INV-000291,Manual Email Review,2026-01-08T00:42:46.576178,Email and Excel,AP Clerk,ap11,21621.48,EUR,FR,V1443,low,PO570778,,completed,True,Manual Email Review
CASE-00291,INV-000291,Check PO exists,2026-01-08T01:00:46.576178,SAP,System,system,21621.48,EUR,FR,V1443,low,PO570778,,completed,False,
CASE-00291,INV-000291,Run three-way match,2026-01-08T01:30:46.576178,SAP,System,system,21621.48,EUR,FR,V1443,low,PO570778,,completed,False,
CASE-00291,INV-000291,Classify exception,2026-01-08T01:42:46.576178,ServiceNow,AP Clerk,ap11,21621.48,EUR,FR,V1443,low,PO570778,missing_gr,completed,False,
CASE-00291,INV-000291,Request goods receipt confirmation,2026-01-09T04:27:16.658238,SAP,Procurement Specialist,ap11,21621.48,EUR,FR,V1443,low,PO570778,missing_gr,completed,False,
CASE-00291,INV-000291,Run three-way match,2026-01-09T04:51:16.658238,SAP,System,system,21621.48,EUR,FR,V1443,low,PO570778,missing_gr,completed,False,
CASE-00291,INV-000291,Run duplicate invoice check,2026-01-09T05:03:16.658238,SAP,System,system,21621.48,EUR,FR,V1443,low,PO570778,,completed,False,
CASE-00291,INV-000291,Check vendor risk,2026-01-09T05:15:16.658238,Vendor Master Data,System,system,21621.48,EUR,FR,V1443,low,PO570778,,completed,False,
CASE-00291,INV-000291,Check approval threshold,2026-01-09T05:21:16.658238,SAP,System,system,21621.48,EUR,FR,V1443,low,PO570778,,completed,False,
CASE-00291,INV-000291,Finance manager approval,2026-01-09T18:42:32.216963,SAP,Finance Manager,ap11,21621.48,EUR,FR,V1443,low,PO570778,,completed,False,
CASE-00291,INV-000291,Schedule payment,2026-01-10T02:13:59.541345,Payment System,System,system,21621.48,EUR,FR,V1443,low,PO570778,,completed,False,
CASE-00291,INV-000291,Send remittance notice,2026-01-10T02:19:59.541345,Payment System,System,system,21621.48,EUR,FR,V1443,low,PO570778,,completed,False,
CASE-00291,INV-000291,Invoice paid,2026-01-10T02:25:59.541345,Payment System,System,system,21621.48,EUR,FR,V1443,low,PO570778,,paid,False,
CASE-00292,INV-000292,Invoice received,2026-01-06T18:03:00,Coupa,System,system,10970.46,EUR,DE,V4673,low,PO525120,,completed,False,
CASE-00292,INV-000292,Validate invoice data,2026-01-06T18:27:00,Coupa,AP Clerk,ap16,10970.46,EUR,DE,V4673,low,PO525120,,completed,False,
CASE-00292,INV-000292,Manual Email Review,2026-01-07T13:52:22.231709,Email and Excel,AP Clerk,ap16,10970.46,EUR,DE,V4673,low,PO525120,,completed,True,Manual Email Review
CASE-00292,INV-000292,Check PO exists,2026-01-07T14:10:22.231709,SAP,System,system,10970.46,EUR,DE,V4673,low,PO525120,,completed,False,
CASE-00292,INV-000292,Run three-way match,2026-01-07T14:40:22.231709,SAP,System,system,10970.46,EUR,DE,V4673,low,PO525120,,completed,False,
CASE-00292,INV-000292,Classify exception,2026-01-07T14:52:22.231709,ServiceNow,AP Clerk,ap16,10970.46,EUR,DE,V4673,low,PO525120,price_mismatch,completed,False,
CASE-00292,INV-000292,Create price mismatch ticket,2026-01-07T15:04:22.231709,ServiceNow,System,system,10970.46,EUR,DE,V4673,low,PO525120,price_mismatch,completed,False,
CASE-00292,INV-000292,AP review price mismatch,2026-01-10T20:30:10.631644,ServiceNow,AP Clerk,ap16,10970.46,EUR,DE,V4673,low,PO525120,price_mismatch,completed,False,
CASE-00292,INV-000292,Excel Price Correction,2026-01-11T04:39:31.482758,Email and Excel,AP Clerk,ap16,10970.46,EUR,DE,V4673,low,PO525120,price_mismatch,completed,True,Excel Price Correction
CASE-00292,INV-000292,Correction for price mismatch,2026-01-11T21:31:49.375657,SAP,Procurement Specialist,ap16,10970.46,EUR,DE,V4673,low,PO525120,price_mismatch,completed,False,
CASE-00292,INV-000292,Run three-way match,2026-01-11T21:55:49.375657,SAP,System,system,10970.46,EUR,DE,V4673,low,PO525120,price_mismatch,completed,False,
CASE-00292,INV-000292,Run duplicate invoice check,2026-01-11T22:07:49.375657,SAP,System,system,10970.46,EUR,DE,V4673,low,PO525120,,completed,False,
CASE-00292,INV-000292,Check vendor risk,2026-01-11T22:19:49.375657,Vendor Master Data,System,system,10970.46,EUR,DE,V4673,low,PO525120,,completed,False,
CASE-00292,INV-000292,Check approval threshold,2026-01-11T22:25:49.375657,SAP,System,system,10970.46,EUR,DE,V4673,low,PO525120,,completed,False,
CASE-00292,INV-000292,Finance manager approval,2026-01-13T05:01:06.418891,SAP,Finance Manager,ap16,10970.46,EUR,DE,V4673,low,PO525120,,completed,False,
CASE-00292,INV-000292,Schedule payment,2026-01-13T09:23:00.661527,Payment System,System,system,10970.46,EUR,DE,V4673,low,PO525120,,completed,False,
CASE-00292,INV-000292,Send remittance notice,2026-01-13T09:29:00.661527,Payment System,System,system,10970.46,EUR,DE,V4673,low,PO525120,,completed,False,
CASE-00292,INV-000292,Invoice paid,2026-01-13T09:35:00.661527,Payment System,System,system,10970.46,EUR,DE,V4673,low,PO525120,,paid,False,
CASE-00293,INV-000293,Invoice received,2026-01-06T18:10:00,Coupa,System,system,14141.61,EUR,ES,V3963,low,PO930925,,completed,False,
CASE-00293,INV-000293,Validate invoice data,2026-01-06T18:34:00,Coupa,AP Clerk,ap03,14141.61,EUR,ES,V3963,low,PO930925,,completed,False,
CASE-00293,INV-000293,Check PO exists,2026-01-06T18:52:00,SAP,System,system,14141.61,EUR,ES,V3963,low,PO930925,,completed,False,
CASE-00293,INV-000293,Run three-way match,2026-01-06T19:22:00,SAP,System,system,14141.61,EUR,ES,V3963,low,PO930925,,completed,False,
CASE-00293,INV-000293,Classify exception,2026-01-06T19:34:00,ServiceNow,AP Clerk,ap03,14141.61,EUR,ES,V3963,low,PO930925,missing_gr,completed,False,
CASE-00293,INV-000293,Request goods receipt confirmation,2026-01-08T04:33:18.051825,SAP,Procurement Specialist,ap03,14141.61,EUR,ES,V3963,low,PO930925,missing_gr,completed,False,
CASE-00293,INV-000293,Run three-way match,2026-01-08T04:57:18.051825,SAP,System,system,14141.61,EUR,ES,V3963,low,PO930925,missing_gr,completed,False,
CASE-00293,INV-000293,Run duplicate invoice check,2026-01-08T05:09:18.051825,SAP,System,system,14141.61,EUR,ES,V3963,low,PO930925,,completed,False,
CASE-00293,INV-000293,Check vendor risk,2026-01-08T05:21:18.051825,Vendor Master Data,System,system,14141.61,EUR,ES,V3963,low,PO930925,,completed,False,
CASE-00293,INV-000293,Check approval threshold,2026-01-08T05:27:18.051825,SAP,System,system,14141.61,EUR,ES,V3963,low,PO930925,,completed,False,
CASE-00293,INV-000293,Finance manager approval,2026-01-09T08:45:54.414195,SAP,Finance Manager,ap03,14141.61,EUR,ES,V3963,low,PO930925,,completed,False,
CASE-00293,INV-000293,Schedule payment,2026-01-09T19:43:30.193125,Payment System,System,system,14141.61,EUR,ES,V3963,low,PO930925,,completed,False,
CASE-00293,INV-000293,Send remittance notice,2026-01-09T19:49:30.193125,Payment System,System,system,14141.61,EUR,ES,V3963,low,PO930925,,completed,False,
CASE-00293,INV-000293,Invoice paid,2026-01-09T19:55:30.193125,Payment System,System,system,14141.61,EUR,ES,V3963,low,PO930925,,paid,False,
CASE-00294,INV-000294,Invoice received,2026-01-06T18:17:00,Coupa,System,system,1046.85,EUR,IT,V5161,low,PO375204,,completed,False,
CASE-00294,INV-000294,Validate invoice data,2026-01-06T18:41:00,Coupa,AP Clerk,ap18,1046.85,EUR,IT,V5161,low,PO375204,,completed,False,
CASE-00294,INV-000294,Check PO exists,2026-01-06T18:59:00,SAP,System,system,1046.85,EUR,IT,V5161,low,PO375204,,completed,False,
CASE-00294,INV-000294,Run three-way match,2026-01-06T19:29:00,SAP,System,system,1046.85,EUR,IT,V5161,low,PO375204,,completed,False,
CASE-00294,INV-000294,Classify exception,2026-01-06T19:41:00,ServiceNow,AP Clerk,ap18,1046.85,EUR,IT,V5161,low,PO375204,price_mismatch,completed,False,
CASE-00294,INV-000294,Create price mismatch ticket,2026-01-06T19:53:00,ServiceNow,System,system,1046.85,EUR,IT,V5161,low,PO375204,price_mismatch,completed,False,
CASE-00294,INV-000294,AP review price mismatch,2026-01-08T12:43:26.653649,ServiceNow,AP Clerk,ap18,1046.85,EUR,IT,V5161,low,PO375204,price_mismatch,completed,False,
CASE-00294,INV-000294,Correction for price mismatch,2026-01-09T00:42:07.195273,SAP,Procurement Specialist,ap18,1046.85,EUR,IT,V5161,low,PO375204,price_mismatch,completed,False,
CASE-00294,INV-000294,Run three-way match,2026-01-09T01:06:07.195273,SAP,System,system,1046.85,EUR,IT,V5161,low,PO375204,price_mismatch,completed,False,
CASE-00294,INV-000294,Run duplicate invoice check,2026-01-09T01:18:07.195273,SAP,System,system,1046.85,EUR,IT,V5161,low,PO375204,,completed,False,
CASE-00294,INV-000294,Check vendor risk,2026-01-09T01:30:07.195273,Vendor Master Data,System,system,1046.85,EUR,IT,V5161,low,PO375204,,completed,False,
CASE-00294,INV-000294,Check approval threshold,2026-01-09T01:36:07.195273,SAP,System,system,1046.85,EUR,IT,V5161,low,PO375204,,completed,False,
CASE-00294,INV-000294,Auto approve for payment scheduling,2026-01-09T01:42:07.195273,SAP,System,system,1046.85,EUR,IT,V5161,low,PO375204,,completed,False,
CASE-00294,INV-000294,Schedule payment,2026-01-09T06:06:10.146509,Payment System,System,system,1046.85,EUR,IT,V5161,low,PO375204,,completed,False,
CASE-00294,INV-000294,Send remittance notice,2026-01-09T06:12:10.146509,Payment System,System,system,1046.85,EUR,IT,V5161,low,PO375204,,completed,False,
CASE-00294,INV-000294,Invoice paid,2026-01-09T06:18:10.146509,Payment System,System,system,1046.85,EUR,IT,V5161,low,PO375204,,paid,False,
CASE-00295,INV-000295,Invoice received,2026-01-06T18:24:00,Coupa,System,system,16053.23,EUR,FR,V9106,medium,PO274042,,completed,False,
CASE-00295,INV-000295,Validate invoice data,2026-01-06T18:48:00,Coupa,AP Clerk,ap06,16053.23,EUR,FR,V9106,medium,PO274042,,completed,False,
CASE-00295,INV-000295,Check PO exists,2026-01-06T19:06:00,SAP,System,system,16053.23,EUR,FR,V9106,medium,PO274042,,completed,False,
CASE-00295,INV-000295,Create missing PO exception,2026-01-06T19:18:00,ServiceNow,System,system,16053.23,EUR,FR,V9106,medium,PO274042,missing_po,completed,False,
CASE-00295,INV-000295,AP review missing PO,2026-01-10T18:47:03.839846,ServiceNow,AP Clerk,ap06,16053.23,EUR,FR,V9106,medium,PO274042,missing_po,completed,False,
CASE-00295,INV-000295,Procurement correction,2026-01-11T13:40:39.626455,SAP,Procurement Specialist,ap06,16053.23,EUR,FR,V9106,medium,PO274042,missing_po,completed,False,
CASE-00295,INV-000295,Check PO exists,2026-01-11T13:52:39.626455,SAP,System,system,16053.23,EUR,FR,V9106,medium,PO274042,missing_po,completed,False,
CASE-00295,INV-000295,Run three-way match,2026-01-11T14:22:39.626455,SAP,System,system,16053.23,EUR,FR,V9106,medium,PO274042,,completed,False,
CASE-00295,INV-000295,Run duplicate invoice check,2026-01-11T14:34:39.626455,SAP,System,system,16053.23,EUR,FR,V9106,medium,PO274042,,completed,False,
CASE-00295,INV-000295,Check vendor risk,2026-01-11T14:46:39.626455,Vendor Master Data,System,system,16053.23,EUR,FR,V9106,medium,PO274042,,completed,False,
CASE-00295,INV-000295,Check approval threshold,2026-01-11T14:52:39.626455,SAP,System,system,16053.23,EUR,FR,V9106,medium,PO274042,,completed,False,
CASE-00295,INV-000295,Finance manager approval,2026-01-12T21:10:37.930612,SAP,Finance Manager,ap06,16053.23,EUR,FR,V9106,medium,PO274042,,completed,False,
CASE-00295,INV-000295,Schedule payment,2026-01-13T06:17:48.965632,Payment System,System,system,16053.23,EUR,FR,V9106,medium,PO274042,,completed,False,
CASE-00295,INV-000295,Send remittance notice,2026-01-13T06:23:48.965632,Payment System,System,system,16053.23,EUR,FR,V9106,medium,PO274042,,completed,False,
CASE-00295,INV-000295,Invoice paid,2026-01-13T06:29:48.965632,Payment System,System,system,16053.23,EUR,FR,V9106,medium,PO274042,,paid,False,
CASE-00296,INV-000296,Invoice received,2026-01-06T18:31:00,Coupa,System,system,16205.76,EUR,ES,V6019,low,PO907672,,completed,False,
CASE-00296,INV-000296,Validate invoice data,2026-01-06T18:55:00,Coupa,AP Clerk,ap25,16205.76,EUR,ES,V6019,low,PO907672,,completed,False,
CASE-00296,INV-000296,Check PO exists,2026-01-06T19:13:00,SAP,System,system,16205.76,EUR,ES,V6019,low,PO907672,,completed,False,
CASE-00296,INV-000296,Run three-way match,2026-01-06T19:43:00,SAP,System,system,16205.76,EUR,ES,V6019,low,PO907672,,completed,False,
CASE-00296,INV-000296,Run duplicate invoice check,2026-01-06T19:55:00,SAP,System,system,16205.76,EUR,ES,V6019,low,PO907672,,completed,False,
CASE-00296,INV-000296,Check vendor risk,2026-01-06T20:07:00,Vendor Master Data,System,system,16205.76,EUR,ES,V6019,low,PO907672,,completed,False,
CASE-00296,INV-000296,Check approval threshold,2026-01-06T20:13:00,SAP,System,system,16205.76,EUR,ES,V6019,low,PO907672,,completed,False,
CASE-00296,INV-000296,Finance manager approval,2026-01-07T22:52:53.768920,SAP,Finance Manager,ap25,16205.76,EUR,ES,V6019,low,PO907672,,completed,False,
CASE-00296,INV-000296,Schedule payment,2026-01-08T03:41:26.051584,Payment System,System,system,16205.76,EUR,ES,V6019,low,PO907672,,completed,False,
CASE-00296,INV-000296,Send remittance notice,2026-01-08T03:47:26.051584,Payment System,System,system,16205.76,EUR,ES,V6019,low,PO907672,,completed,False,
CASE-00296,INV-000296,Invoice paid,2026-01-08T03:53:26.051584,Payment System,System,system,16205.76,EUR,ES,V6019,low,PO907672,,paid,False,
CASE-00297,INV-000297,Invoice received,2026-01-06T18:38:00,Coupa,System,system,16949.22,EUR,NL,V3648,low,PO927678,,completed,False,
CASE-00297,INV-000297,Validate invoice data,2026-01-06T19:02:00,Coupa,AP Clerk,ap01,16949.22,EUR,NL,V3648,low,PO927678,,completed,False,
CASE-00297,INV-000297,Check PO exists,2026-01-06T19:20:00,SAP,System,system,16949.22,EUR,NL,V3648,low,PO927678,,completed,False,
CASE-00297,INV-000297,Run three-way match,2026-01-06T19:50:00,SAP,System,system,16949.22,EUR,NL,V3648,low,PO927678,,completed,False,
CASE-00297,INV-000297,Classify exception,2026-01-06T20:02:00,ServiceNow,AP Clerk,ap01,16949.22,EUR,NL,V3648,low,PO927678,price_mismatch,completed,False,
CASE-00297,INV-000297,Create price mismatch ticket,2026-01-06T20:14:00,ServiceNow,System,system,16949.22,EUR,NL,V3648,low,PO927678,price_mismatch,completed,False,
CASE-00297,INV-000297,AP review price mismatch,2026-01-10T22:38:53.001043,ServiceNow,AP Clerk,ap01,16949.22,EUR,NL,V3648,low,PO927678,price_mismatch,completed,False,
CASE-00297,INV-000297,Correction for price mismatch,2026-01-11T13:24:49.000383,SAP,Procurement Specialist,ap01,16949.22,EUR,NL,V3648,low,PO927678,price_mismatch,completed,False,
CASE-00297,INV-000297,Run three-way match,2026-01-11T13:48:49.000383,SAP,System,system,16949.22,EUR,NL,V3648,low,PO927678,price_mismatch,completed,False,
CASE-00297,INV-000297,Run duplicate invoice check,2026-01-11T14:00:49.000383,SAP,System,system,16949.22,EUR,NL,V3648,low,PO927678,,completed,False,
CASE-00297,INV-000297,Check vendor risk,2026-01-11T14:12:49.000383,Vendor Master Data,System,system,16949.22,EUR,NL,V3648,low,PO927678,,completed,False,
CASE-00297,INV-000297,Check approval threshold,2026-01-11T14:18:49.000383,SAP,System,system,16949.22,EUR,NL,V3648,low,PO927678,,completed,False,
CASE-00297,INV-000297,Finance manager approval,2026-01-12T00:13:01.040648,SAP,Finance Manager,ap01,16949.22,EUR,NL,V3648,low,PO927678,,completed,False,
CASE-00297,INV-000297,Schedule payment,2026-01-12T07:37:21.890463,Payment System,System,system,16949.22,EUR,NL,V3648,low,PO927678,,completed,False,
CASE-00297,INV-000297,Send remittance notice,2026-01-12T07:43:21.890463,Payment System,System,system,16949.22,EUR,NL,V3648,low,PO927678,,completed,False,
CASE-00297,INV-000297,Invoice paid,2026-01-12T07:49:21.890463,Payment System,System,system,16949.22,EUR,NL,V3648,low,PO927678,,paid,False,
CASE-00298,INV-000298,Invoice received,2026-01-06T18:45:00,Coupa,System,system,9144.38,EUR,IT,V4919,low,PO332008,,completed,False,
CASE-00298,INV-000298,Validate invoice data,2026-01-06T19:09:00,Coupa,AP Clerk,ap09,9144.38,EUR,IT,V4919,low,PO332008,,completed,False,
CASE-00298,INV-000298,Manual Email Review,2026-01-08T04:19:05.859928,Email and Excel,AP Clerk,ap09,9144.38,EUR,IT,V4919,low,PO332008,,completed,True,Manual Email Review
CASE-00298,INV-000298,Check PO exists,2026-01-08T04:37:05.859928,SAP,System,system,9144.38,EUR,IT,V4919,low,PO332008,,completed,False,
CASE-00298,INV-000298,Run three-way match,2026-01-08T05:07:05.859928,SAP,System,system,9144.38,EUR,IT,V4919,low,PO332008,,completed,False,
CASE-00298,INV-000298,Classify exception,2026-01-08T05:19:05.859928,ServiceNow,AP Clerk,ap09,9144.38,EUR,IT,V4919,low,PO332008,price_mismatch,completed,False,
CASE-00298,INV-000298,Create price mismatch ticket,2026-01-08T05:31:05.859928,ServiceNow,System,system,9144.38,EUR,IT,V4919,low,PO332008,price_mismatch,completed,False,
CASE-00298,INV-000298,AP review price mismatch,2026-01-09T14:41:58.693059,ServiceNow,AP Clerk,ap09,9144.38,EUR,IT,V4919,low,PO332008,price_mismatch,completed,False,
CASE-00298,INV-000298,Correction for price mismatch,2026-01-10T02:52:58.381185,SAP,Procurement Specialist,ap09,9144.38,EUR,IT,V4919,low,PO332008,price_mismatch,completed,False,
CASE-00298,INV-000298,Run three-way match,2026-01-10T03:16:58.381185,SAP,System,system,9144.38,EUR,IT,V4919,low,PO332008,price_mismatch,completed,False,
CASE-00298,INV-000298,Run duplicate invoice check,2026-01-10T03:28:58.381185,SAP,System,system,9144.38,EUR,IT,V4919,low,PO332008,,completed,False,
CASE-00298,INV-000298,Check vendor risk,2026-01-10T03:40:58.381185,Vendor Master Data,System,system,9144.38,EUR,IT,V4919,low,PO332008,,completed,False,
CASE-00298,INV-000298,Check approval threshold,2026-01-10T03:46:58.381185,SAP,System,system,9144.38,EUR,IT,V4919,low,PO332008,,completed,False,
CASE-00298,INV-000298,Auto approve for payment scheduling,2026-01-10T03:52:58.381185,SAP,System,system,9144.38,EUR,IT,V4919,low,PO332008,,completed,False,
CASE-00298,INV-000298,Schedule payment,2026-01-10T13:42:29.799274,Payment System,System,system,9144.38,EUR,IT,V4919,low,PO332008,,completed,False,
CASE-00298,INV-000298,Send remittance notice,2026-01-10T13:48:29.799274,Payment System,System,system,9144.38,EUR,IT,V4919,low,PO332008,,completed,False,
CASE-00298,INV-000298,Invoice paid,2026-01-10T13:54:29.799274,Payment System,System,system,9144.38,EUR,IT,V4919,low,PO332008,,paid,False,
CASE-00299,INV-000299,Invoice received,2026-01-06T18:52:00,Coupa,System,system,16006.93,EUR,FR,V9728,low,PO174326,,completed,False,
CASE-00299,INV-000299,Validate invoice data,2026-01-06T19:16:00,Coupa,AP Clerk,ap01,16006.93,EUR,FR,V9728,low,PO174326,,completed,False,
CASE-00299,INV-000299,Manual Email Review,2026-01-07T16:52:33.804870,Email and Excel,AP Clerk,ap01,16006.93,EUR,FR,V9728,low,PO174326,,completed,True,Manual Email Review
CASE-00299,INV-000299,Check PO exists,2026-01-07T17:10:33.804870,SAP,System,system,16006.93,EUR,FR,V9728,low,PO174326,,completed,False,
CASE-00299,INV-000299,Run three-way match,2026-01-07T17:40:33.804870,SAP,System,system,16006.93,EUR,FR,V9728,low,PO174326,,completed,False,
CASE-00299,INV-000299,Run duplicate invoice check,2026-01-07T17:52:33.804870,SAP,System,system,16006.93,EUR,FR,V9728,low,PO174326,,completed,False,
CASE-00299,INV-000299,Check vendor risk,2026-01-07T18:04:33.804870,Vendor Master Data,System,system,16006.93,EUR,FR,V9728,low,PO174326,,completed,False,
CASE-00299,INV-000299,Check approval threshold,2026-01-07T18:10:33.804870,SAP,System,system,16006.93,EUR,FR,V9728,low,PO174326,,completed,False,
CASE-00299,INV-000299,Finance manager approval,2026-01-08T15:28:37.855474,SAP,Finance Manager,ap01,16006.93,EUR,FR,V9728,low,PO174326,,completed,False,
CASE-00299,INV-000299,Schedule payment,2026-01-08T21:04:16.167406,Payment System,System,system,16006.93,EUR,FR,V9728,low,PO174326,,completed,False,
CASE-00299,INV-000299,Send remittance notice,2026-01-08T21:10:16.167406,Payment System,System,system,16006.93,EUR,FR,V9728,low,PO174326,,completed,False,
CASE-00299,INV-000299,Invoice paid,2026-01-08T21:16:16.167406,Payment System,System,system,16006.93,EUR,FR,V9728,low,PO174326,,paid,False,
CASE-00300,INV-000300,Invoice received,2026-01-06T18:59:00,Coupa,System,system,10251.84,EUR,ES,V4386,high,PO651801,,completed,False,
CASE-00300,INV-000300,Validate invoice data,2026-01-06T19:23:00,Coupa,AP Clerk,ap06,10251.84,EUR,ES,V4386,high,PO651801,,completed,False,
CASE-00300,INV-000300,Check PO exists,2026-01-06T19:41:00,SAP,System,system,10251.84,EUR,ES,V4386,high,PO651801,,completed,False,
CASE-00300,INV-000300,Run three-way match,2026-01-06T20:11:00,SAP,System,system,10251.84,EUR,ES,V4386,high,PO651801,,completed,False,
CASE-00300,INV-000300,Classify exception,2026-01-06T20:23:00,ServiceNow,AP Clerk,ap06,10251.84,EUR,ES,V4386,high,PO651801,price_mismatch,completed,False,
CASE-00300,INV-000300,Create price mismatch ticket,2026-01-06T20:35:00,ServiceNow,System,system,10251.84,EUR,ES,V4386,high,PO651801,price_mismatch,completed,False,
CASE-00300,INV-000300,AP review price mismatch,2026-01-11T09:47:50.637562,ServiceNow,AP Clerk,ap06,10251.84,EUR,ES,V4386,high,PO651801,price_mismatch,completed,False,
CASE-00300,INV-000300,Correction for price mismatch,2026-01-12T01:57:37.691719,SAP,Procurement Specialist,ap06,10251.84,EUR,ES,V4386,high,PO651801,price_mismatch,completed,False,
CASE-00300,INV-000300,Run three-way match,2026-01-12T02:21:37.691719,SAP,System,system,10251.84,EUR,ES,V4386,high,PO651801,price_mismatch,completed,False,
CASE-00300,INV-000300,Run duplicate invoice check,2026-01-12T02:33:37.691719,SAP,System,system,10251.84,EUR,ES,V4386,high,PO651801,,completed,False,
CASE-00300,INV-000300,Check vendor risk,2026-01-12T02:45:37.691719,Vendor Master Data,System,system,10251.84,EUR,ES,V4386,high,PO651801,,completed,False,
CASE-00300,INV-000300,Compliance review,2026-01-14T08:58:25.072156,Vendor Master Data,Compliance Officer,ap06,10251.84,EUR,ES,V4386,high,PO651801,,completed,False,
CASE-00300,INV-000300,Check approval threshold,2026-01-14T09:04:25.072156,SAP,System,system,10251.84,EUR,ES,V4386,high,PO651801,,completed,False,
CASE-00300,INV-000300,Finance manager approval,2026-01-14T14:39:59.233670,SAP,Finance Manager,ap06,10251.84,EUR,ES,V4386,high,PO651801,,completed,False,
CASE-00300,INV-000300,Schedule payment,2026-01-14T21:47:41.977417,Payment System,System,system,10251.84,EUR,ES,V4386,high,PO651801,,completed,False,
CASE-00300,INV-000300,Send remittance notice,2026-01-14T21:53:41.977417,Payment System,System,system,10251.84,EUR,ES,V4386,high,PO651801,,completed,False,
CASE-00300,INV-000300,Invoice paid,2026-01-14T21:59:41.977417,Payment System,System,system,10251.84,EUR,ES,V4386,high,PO651801,,paid,False,
CASE-00301,INV-000301,Invoice received,2026-01-06T19:06:00,Coupa,System,system,10973.6,EUR,FR,V4377,low,PO386891,,completed,False,
CASE-00301,INV-000301,Validate invoice data,2026-01-06T19:30:00,Coupa,AP Clerk,ap09,10973.6,EUR,FR,V4377,low,PO386891,,completed,False,
CASE-00301,INV-000301,Check PO exists,2026-01-06T19:48:00,SAP,System,system,10973.6,EUR,FR,V4377,low,PO386891,,completed,False,
CASE-00301,INV-000301,Run three-way match,2026-01-06T20:18:00,SAP,System,system,10973.6,EUR,FR,V4377,low,PO386891,,completed,False,
CASE-00301,INV-000301,Classify exception,2026-01-06T20:30:00,ServiceNow,AP Clerk,ap09,10973.6,EUR,FR,V4377,low,PO386891,missing_gr,completed,False,
CASE-00301,INV-000301,Request goods receipt confirmation,2026-01-07T17:49:53.296242,SAP,Procurement Specialist,ap09,10973.6,EUR,FR,V4377,low,PO386891,missing_gr,completed,False,
CASE-00301,INV-000301,Run three-way match,2026-01-07T18:13:53.296242,SAP,System,system,10973.6,EUR,FR,V4377,low,PO386891,missing_gr,completed,False,
CASE-00301,INV-000301,Run duplicate invoice check,2026-01-07T18:25:53.296242,SAP,System,system,10973.6,EUR,FR,V4377,low,PO386891,,completed,False,
CASE-00301,INV-000301,Check vendor risk,2026-01-07T18:37:53.296242,Vendor Master Data,System,system,10973.6,EUR,FR,V4377,low,PO386891,,completed,False,
CASE-00301,INV-000301,Check approval threshold,2026-01-07T18:43:53.296242,SAP,System,system,10973.6,EUR,FR,V4377,low,PO386891,,completed,False,
CASE-00301,INV-000301,Finance manager approval,2026-01-09T08:38:05.081419,SAP,Finance Manager,ap09,10973.6,EUR,FR,V4377,low,PO386891,,completed,False,
CASE-00301,INV-000301,Schedule payment,2026-01-09T13:52:33.355527,Payment System,System,system,10973.6,EUR,FR,V4377,low,PO386891,,completed,False,
CASE-00301,INV-000301,Send remittance notice,2026-01-09T13:58:33.355527,Payment System,System,system,10973.6,EUR,FR,V4377,low,PO386891,,completed,False,
CASE-00301,INV-000301,Invoice paid,2026-01-09T14:04:33.355527,Payment System,System,system,10973.6,EUR,FR,V4377,low,PO386891,,paid,False,
CASE-00302,INV-000302,Invoice received,2026-01-06T19:13:00,Coupa,System,system,11949.25,EUR,IT,V3578,low,PO511310,,completed,False,
CASE-00302,INV-000302,Validate invoice data,2026-01-06T19:37:00,Coupa,AP Clerk,ap22,11949.25,EUR,IT,V3578,low,PO511310,,completed,False,
CASE-00302,INV-000302,Check PO exists,2026-01-06T19:55:00,SAP,System,system,11949.25,EUR,IT,V3578,low,PO511310,,completed,False,
CASE-00302,INV-000302,Run three-way match,2026-01-06T20:25:00,SAP,System,system,11949.25,EUR,IT,V3578,low,PO511310,,completed,False,
CASE-00302,INV-000302,Classify exception,2026-01-06T20:37:00,ServiceNow,AP Clerk,ap22,11949.25,EUR,IT,V3578,low,PO511310,price_mismatch,completed,False,
CASE-00302,INV-000302,Create price mismatch ticket,2026-01-06T20:49:00,ServiceNow,System,system,11949.25,EUR,IT,V3578,low,PO511310,price_mismatch,completed,False,
CASE-00302,INV-000302,AP review price mismatch,2026-01-11T11:30:25.224067,ServiceNow,AP Clerk,ap22,11949.25,EUR,IT,V3578,low,PO511310,price_mismatch,completed,False,
CASE-00302,INV-000302,Correction for price mismatch,2026-01-11T21:08:25.091699,SAP,Procurement Specialist,ap22,11949.25,EUR,IT,V3578,low,PO511310,price_mismatch,completed,False,
CASE-00302,INV-000302,Run three-way match,2026-01-11T21:32:25.091699,SAP,System,system,11949.25,EUR,IT,V3578,low,PO511310,price_mismatch,completed,False,
CASE-00302,INV-000302,Run duplicate invoice check,2026-01-11T21:44:25.091699,SAP,System,system,11949.25,EUR,IT,V3578,low,PO511310,,completed,False,
CASE-00302,INV-000302,Check vendor risk,2026-01-11T21:56:25.091699,Vendor Master Data,System,system,11949.25,EUR,IT,V3578,low,PO511310,,completed,False,
CASE-00302,INV-000302,Check approval threshold,2026-01-11T22:02:25.091699,SAP,System,system,11949.25,EUR,IT,V3578,low,PO511310,,completed,False,
CASE-00302,INV-000302,Finance manager approval,2026-01-12T09:28:48.498176,SAP,Finance Manager,ap22,11949.25,EUR,IT,V3578,low,PO511310,,completed,False,
CASE-00302,INV-000302,Schedule payment,2026-01-12T16:49:30.699621,Payment System,System,system,11949.25,EUR,IT,V3578,low,PO511310,,completed,False,
CASE-00302,INV-000302,Send remittance notice,2026-01-12T16:55:30.699621,Payment System,System,system,11949.25,EUR,IT,V3578,low,PO511310,,completed,False,
CASE-00302,INV-000302,Invoice paid,2026-01-12T17:01:30.699621,Payment System,System,system,11949.25,EUR,IT,V3578,low,PO511310,,paid,False,
CASE-00303,INV-000303,Invoice received,2026-01-06T19:20:00,Coupa,System,system,8988.63,EUR,DE,V4964,low,PO580596,,completed,False,
CASE-00303,INV-000303,Validate invoice data,2026-01-06T19:44:00,Coupa,AP Clerk,ap09,8988.63,EUR,DE,V4964,low,PO580596,,completed,False,
CASE-00303,INV-000303,Manual Email Review,2026-01-07T20:19:50.369167,Email and Excel,AP Clerk,ap09,8988.63,EUR,DE,V4964,low,PO580596,,completed,True,Manual Email Review
CASE-00303,INV-000303,Check PO exists,2026-01-07T20:37:50.369167,SAP,System,system,8988.63,EUR,DE,V4964,low,PO580596,,completed,False,
CASE-00303,INV-000303,Run three-way match,2026-01-07T21:07:50.369167,SAP,System,system,8988.63,EUR,DE,V4964,low,PO580596,,completed,False,
CASE-00303,INV-000303,Classify exception,2026-01-07T21:19:50.369167,ServiceNow,AP Clerk,ap09,8988.63,EUR,DE,V4964,low,PO580596,price_mismatch,completed,False,
CASE-00303,INV-000303,Create price mismatch ticket,2026-01-07T21:31:50.369167,ServiceNow,System,system,8988.63,EUR,DE,V4964,low,PO580596,price_mismatch,completed,False,
CASE-00303,INV-000303,AP review price mismatch,2026-01-10T12:40:37.865329,ServiceNow,AP Clerk,ap09,8988.63,EUR,DE,V4964,low,PO580596,price_mismatch,completed,False,
CASE-00303,INV-000303,Correction for price mismatch,2026-01-10T16:40:58.808387,SAP,Procurement Specialist,ap09,8988.63,EUR,DE,V4964,low,PO580596,price_mismatch,completed,False,
CASE-00303,INV-000303,Run three-way match,2026-01-10T17:04:58.808387,SAP,System,system,8988.63,EUR,DE,V4964,low,PO580596,price_mismatch,completed,False,
CASE-00303,INV-000303,Run duplicate invoice check,2026-01-10T17:16:58.808387,SAP,System,system,8988.63,EUR,DE,V4964,low,PO580596,,completed,False,
CASE-00303,INV-000303,Check vendor risk,2026-01-10T17:28:58.808387,Vendor Master Data,System,system,8988.63,EUR,DE,V4964,low,PO580596,,completed,False,
CASE-00303,INV-000303,Check approval threshold,2026-01-10T17:34:58.808387,SAP,System,system,8988.63,EUR,DE,V4964,low,PO580596,,completed,False,
CASE-00303,INV-000303,Auto approve for payment scheduling,2026-01-10T17:40:58.808387,SAP,System,system,8988.63,EUR,DE,V4964,low,PO580596,,completed,False,
CASE-00303,INV-000303,Schedule payment,2026-01-10T23:09:33.778809,Payment System,System,system,8988.63,EUR,DE,V4964,low,PO580596,,completed,False,
CASE-00303,INV-000303,Send remittance notice,2026-01-10T23:15:33.778809,Payment System,System,system,8988.63,EUR,DE,V4964,low,PO580596,,completed,False,
CASE-00303,INV-000303,Invoice paid,2026-01-10T23:21:33.778809,Payment System,System,system,8988.63,EUR,DE,V4964,low,PO580596,,paid,False,
CASE-00304,INV-000304,Invoice received,2026-01-06T19:27:00,Coupa,System,system,14630.15,EUR,IT,V1701,medium,PO563554,,completed,False,
CASE-00304,INV-000304,Validate invoice data,2026-01-06T19:51:00,Coupa,AP Clerk,ap05,14630.15,EUR,IT,V1701,medium,PO563554,,completed,False,
CASE-00304,INV-000304,Check PO exists,2026-01-06T20:09:00,SAP,System,system,14630.15,EUR,IT,V1701,medium,PO563554,,completed,False,
CASE-00304,INV-000304,Run three-way match,2026-01-06T20:39:00,SAP,System,system,14630.15,EUR,IT,V1701,medium,PO563554,,completed,False,
CASE-00304,INV-000304,Classify exception,2026-01-06T20:51:00,ServiceNow,AP Clerk,ap05,14630.15,EUR,IT,V1701,medium,PO563554,price_mismatch,completed,False,
CASE-00304,INV-000304,Create price mismatch ticket,2026-01-06T21:03:00,ServiceNow,System,system,14630.15,EUR,IT,V1701,medium,PO563554,price_mismatch,completed,False,
CASE-00304,INV-000304,AP review price mismatch,2026-01-08T13:26:33.623835,ServiceNow,AP Clerk,ap05,14630.15,EUR,IT,V1701,medium,PO563554,price_mismatch,completed,False,
CASE-00304,INV-000304,Correction for price mismatch,2026-01-09T09:38:08.036857,SAP,Procurement Specialist,ap05,14630.15,EUR,IT,V1701,medium,PO563554,price_mismatch,completed,False,
CASE-00304,INV-000304,Run three-way match,2026-01-09T10:02:08.036857,SAP,System,system,14630.15,EUR,IT,V1701,medium,PO563554,price_mismatch,completed,False,
CASE-00304,INV-000304,Run duplicate invoice check,2026-01-09T10:14:08.036857,SAP,System,system,14630.15,EUR,IT,V1701,medium,PO563554,,completed,False,
CASE-00304,INV-000304,Check vendor risk,2026-01-09T10:26:08.036857,Vendor Master Data,System,system,14630.15,EUR,IT,V1701,medium,PO563554,,completed,False,
CASE-00304,INV-000304,Check approval threshold,2026-01-09T10:32:08.036857,SAP,System,system,14630.15,EUR,IT,V1701,medium,PO563554,,completed,False,
CASE-00304,INV-000304,Finance manager approval,2026-01-10T20:45:57.768228,SAP,Finance Manager,ap05,14630.15,EUR,IT,V1701,medium,PO563554,,completed,False,
CASE-00304,INV-000304,Schedule payment,2026-01-11T00:47:42.743693,Payment System,System,system,14630.15,EUR,IT,V1701,medium,PO563554,,completed,False,
CASE-00304,INV-000304,Send remittance notice,2026-01-11T00:53:42.743693,Payment System,System,system,14630.15,EUR,IT,V1701,medium,PO563554,,completed,False,
CASE-00304,INV-000304,Invoice paid,2026-01-11T00:59:42.743693,Payment System,System,system,14630.15,EUR,IT,V1701,medium,PO563554,,paid,False,
CASE-00305,INV-000305,Invoice received,2026-01-06T19:34:00,Coupa,System,system,2744.3,EUR,DE,V5176,high,PO307264,,completed,False,
CASE-00305,INV-000305,Validate invoice data,2026-01-06T19:58:00,Coupa,AP Clerk,ap13,2744.3,EUR,DE,V5176,high,PO307264,,completed,False,
CASE-00305,INV-000305,Manual Email Review,2026-01-07T21:31:11.953372,Email and Excel,AP Clerk,ap13,2744.3,EUR,DE,V5176,high,PO307264,,completed,True,Manual Email Review
CASE-00305,INV-000305,Check PO exists,2026-01-07T21:49:11.953372,SAP,System,system,2744.3,EUR,DE,V5176,high,PO307264,,completed,False,
CASE-00305,INV-000305,Create missing PO exception,2026-01-07T22:01:11.953372,ServiceNow,System,system,2744.3,EUR,DE,V5176,high,PO307264,missing_po,completed,False,
CASE-00305,INV-000305,AP review missing PO,2026-01-11T00:18:49.614678,ServiceNow,AP Clerk,ap13,2744.3,EUR,DE,V5176,high,PO307264,missing_po,completed,False,
CASE-00305,INV-000305,Procurement correction,2026-01-12T11:18:37.317606,SAP,Procurement Specialist,ap13,2744.3,EUR,DE,V5176,high,PO307264,missing_po,completed,False,
CASE-00305,INV-000305,Check PO exists,2026-01-12T11:30:37.317606,SAP,System,system,2744.3,EUR,DE,V5176,high,PO307264,missing_po,completed,False,
CASE-00305,INV-000305,Run three-way match,2026-01-12T12:00:37.317606,SAP,System,system,2744.3,EUR,DE,V5176,high,PO307264,,completed,False,
CASE-00305,INV-000305,Run duplicate invoice check,2026-01-12T12:12:37.317606,SAP,System,system,2744.3,EUR,DE,V5176,high,PO307264,,completed,False,
CASE-00305,INV-000305,Check vendor risk,2026-01-12T12:24:37.317606,Vendor Master Data,System,system,2744.3,EUR,DE,V5176,high,PO307264,,completed,False,
CASE-00305,INV-000305,Compliance review,2026-01-13T01:49:21.773537,Vendor Master Data,Compliance Officer,ap13,2744.3,EUR,DE,V5176,high,PO307264,,completed,False,
CASE-00305,INV-000305,Check approval threshold,2026-01-13T01:55:21.773537,SAP,System,system,2744.3,EUR,DE,V5176,high,PO307264,,completed,False,
CASE-00305,INV-000305,Auto approve for payment scheduling,2026-01-13T02:01:21.773537,SAP,System,system,2744.3,EUR,DE,V5176,high,PO307264,,completed,False,
CASE-00305,INV-000305,Schedule payment,2026-01-13T12:32:14.832990,Payment System,System,system,2744.3,EUR,DE,V5176,high,PO307264,,completed,False,
CASE-00305,INV-000305,Send remittance notice,2026-01-13T12:38:14.832990,Payment System,System,system,2744.3,EUR,DE,V5176,high,PO307264,,completed,False,
CASE-00305,INV-000305,Invoice paid,2026-01-13T12:44:14.832990,Payment System,System,system,2744.3,EUR,DE,V5176,high,PO307264,,paid,False,
CASE-00306,INV-000306,Invoice received,2026-01-06T19:41:00,Coupa,System,system,8044.2,EUR,ES,V3911,low,PO184215,,completed,False,
CASE-00306,INV-000306,Validate invoice data,2026-01-06T20:05:00,Coupa,AP Clerk,ap01,8044.2,EUR,ES,V3911,low,PO184215,,completed,False,
CASE-00306,INV-000306,Check PO exists,2026-01-06T20:23:00,SAP,System,system,8044.2,EUR,ES,V3911,low,PO184215,,completed,False,
CASE-00306,INV-000306,Run three-way match,2026-01-06T20:53:00,SAP,System,system,8044.2,EUR,ES,V3911,low,PO184215,,completed,False,
CASE-00306,INV-000306,Run duplicate invoice check,2026-01-06T21:05:00,SAP,System,system,8044.2,EUR,ES,V3911,low,PO184215,,completed,False,
CASE-00306,INV-000306,Check vendor risk,2026-01-06T21:17:00,Vendor Master Data,System,system,8044.2,EUR,ES,V3911,low,PO184215,,completed,False,
CASE-00306,INV-000306,Check approval threshold,2026-01-06T21:23:00,SAP,System,system,8044.2,EUR,ES,V3911,low,PO184215,,completed,False,
CASE-00306,INV-000306,Auto approve for payment scheduling,2026-01-06T21:29:00,SAP,System,system,8044.2,EUR,ES,V3911,low,PO184215,,completed,False,
CASE-00306,INV-000306,Schedule payment,2026-01-07T06:47:53.641655,Payment System,System,system,8044.2,EUR,ES,V3911,low,PO184215,,completed,False,
CASE-00306,INV-000306,Send remittance notice,2026-01-07T06:53:53.641655,Payment System,System,system,8044.2,EUR,ES,V3911,low,PO184215,,completed,False,
CASE-00306,INV-000306,Invoice paid,2026-01-07T06:59:53.641655,Payment System,System,system,8044.2,EUR,ES,V3911,low,PO184215,,paid,False,
CASE-00307,INV-000307,Invoice received,2026-01-06T19:48:00,Coupa,System,system,21125.71,EUR,IT,V1159,low,PO732929,,completed,False,
CASE-00307,INV-000307,Validate invoice data,2026-01-06T20:12:00,Coupa,AP Clerk,ap04,21125.71,EUR,IT,V1159,low,PO732929,,completed,False,
CASE-00307,INV-000307,Check PO exists,2026-01-06T20:30:00,SAP,System,system,21125.71,EUR,IT,V1159,low,PO732929,,completed,False,
CASE-00307,INV-000307,Run three-way match,2026-01-06T21:00:00,SAP,System,system,21125.71,EUR,IT,V1159,low,PO732929,,completed,False,
CASE-00307,INV-000307,Run duplicate invoice check,2026-01-06T21:12:00,SAP,System,system,21125.71,EUR,IT,V1159,low,PO732929,,completed,False,
CASE-00307,INV-000307,Check vendor risk,2026-01-06T21:24:00,Vendor Master Data,System,system,21125.71,EUR,IT,V1159,low,PO732929,,completed,False,
CASE-00307,INV-000307,Check approval threshold,2026-01-06T21:30:00,SAP,System,system,21125.71,EUR,IT,V1159,low,PO732929,,completed,False,
CASE-00307,INV-000307,Finance manager approval,2026-01-08T11:58:08.630824,SAP,Finance Manager,ap04,21125.71,EUR,IT,V1159,low,PO732929,,completed,False,
CASE-00307,INV-000307,Schedule payment,2026-01-08T21:20:43.477735,Payment System,System,system,21125.71,EUR,IT,V1159,low,PO732929,,completed,False,
CASE-00307,INV-000307,Send remittance notice,2026-01-08T21:26:43.477735,Payment System,System,system,21125.71,EUR,IT,V1159,low,PO732929,,completed,False,
CASE-00307,INV-000307,Invoice paid,2026-01-08T21:32:43.477735,Payment System,System,system,21125.71,EUR,IT,V1159,low,PO732929,,paid,False,
CASE-00308,INV-000308,Invoice received,2026-01-06T19:55:00,Coupa,System,system,1201.47,EUR,NL,V5116,low,PO718900,,completed,False,
CASE-00308,INV-000308,Validate invoice data,2026-01-06T20:19:00,Coupa,AP Clerk,ap09,1201.47,EUR,NL,V5116,low,PO718900,,completed,False,
CASE-00308,INV-000308,Check PO exists,2026-01-06T20:37:00,SAP,System,system,1201.47,EUR,NL,V5116,low,PO718900,,completed,False,
CASE-00308,INV-000308,Run three-way match,2026-01-06T21:07:00,SAP,System,system,1201.47,EUR,NL,V5116,low,PO718900,,completed,False,
CASE-00308,INV-000308,Classify exception,2026-01-06T21:19:00,ServiceNow,AP Clerk,ap09,1201.47,EUR,NL,V5116,low,PO718900,missing_gr,completed,False,
CASE-00308,INV-000308,Request goods receipt confirmation,2026-01-08T04:51:57.414690,SAP,Procurement Specialist,ap09,1201.47,EUR,NL,V5116,low,PO718900,missing_gr,completed,False,
CASE-00308,INV-000308,Run three-way match,2026-01-08T05:15:57.414690,SAP,System,system,1201.47,EUR,NL,V5116,low,PO718900,missing_gr,completed,False,
CASE-00308,INV-000308,Run duplicate invoice check,2026-01-08T05:27:57.414690,SAP,System,system,1201.47,EUR,NL,V5116,low,PO718900,,completed,False,
CASE-00308,INV-000308,Check vendor risk,2026-01-08T05:39:57.414690,Vendor Master Data,System,system,1201.47,EUR,NL,V5116,low,PO718900,,completed,False,
CASE-00308,INV-000308,Check approval threshold,2026-01-08T05:45:57.414690,SAP,System,system,1201.47,EUR,NL,V5116,low,PO718900,,completed,False,
CASE-00308,INV-000308,Auto approve for payment scheduling,2026-01-08T05:51:57.414690,SAP,System,system,1201.47,EUR,NL,V5116,low,PO718900,,completed,False,
CASE-00308,INV-000308,Schedule payment,2026-01-08T16:50:14.906632,Payment System,System,system,1201.47,EUR,NL,V5116,low,PO718900,,completed,False,
CASE-00308,INV-000308,Send remittance notice,2026-01-08T16:56:14.906632,Payment System,System,system,1201.47,EUR,NL,V5116,low,PO718900,,completed,False,
CASE-00308,INV-000308,Invoice paid,2026-01-08T17:02:14.906632,Payment System,System,system,1201.47,EUR,NL,V5116,low,PO718900,,paid,False,
CASE-00309,INV-000309,Invoice received,2026-01-06T20:02:00,Coupa,System,system,9885.87,EUR,IT,V8230,medium,PO988672,,completed,False,
CASE-00309,INV-000309,Validate invoice data,2026-01-06T20:26:00,Coupa,AP Clerk,ap15,9885.87,EUR,IT,V8230,medium,PO988672,,completed,False,
CASE-00309,INV-000309,Check PO exists,2026-01-06T20:44:00,SAP,System,system,9885.87,EUR,IT,V8230,medium,PO988672,,completed,False,
CASE-00309,INV-000309,Create missing PO exception,2026-01-06T20:56:00,ServiceNow,System,system,9885.87,EUR,IT,V8230,medium,PO988672,missing_po,completed,False,
CASE-00309,INV-000309,AP review missing PO,2026-01-12T14:46:41.742563,ServiceNow,AP Clerk,ap15,9885.87,EUR,IT,V8230,medium,PO988672,missing_po,completed,False,
CASE-00309,INV-000309,Procurement correction,2026-01-13T11:39:50.537504,SAP,Procurement Specialist,ap15,9885.87,EUR,IT,V8230,medium,PO988672,missing_po,completed,False,
CASE-00309,INV-000309,Check PO exists,2026-01-13T11:51:50.537504,SAP,System,system,9885.87,EUR,IT,V8230,medium,PO988672,missing_po,completed,False,
CASE-00309,INV-000309,Run three-way match,2026-01-13T12:21:50.537504,SAP,System,system,9885.87,EUR,IT,V8230,medium,PO988672,,completed,False,
CASE-00309,INV-000309,Run duplicate invoice check,2026-01-13T12:33:50.537504,SAP,System,system,9885.87,EUR,IT,V8230,medium,PO988672,,completed,False,
CASE-00309,INV-000309,Check vendor risk,2026-01-13T12:45:50.537504,Vendor Master Data,System,system,9885.87,EUR,IT,V8230,medium,PO988672,,completed,False,
CASE-00309,INV-000309,Check approval threshold,2026-01-13T12:51:50.537504,SAP,System,system,9885.87,EUR,IT,V8230,medium,PO988672,,completed,False,
CASE-00309,INV-000309,Auto approve for payment scheduling,2026-01-13T12:57:50.537504,SAP,System,system,9885.87,EUR,IT,V8230,medium,PO988672,,completed,False,
CASE-00309,INV-000309,Schedule payment,2026-01-13T22:29:27.295904,Payment System,System,system,9885.87,EUR,IT,V8230,medium,PO988672,,completed,False,
CASE-00309,INV-000309,Send remittance notice,2026-01-13T22:35:27.295904,Payment System,System,system,9885.87,EUR,IT,V8230,medium,PO988672,,completed,False,
CASE-00309,INV-000309,Invoice paid,2026-01-13T22:41:27.295904,Payment System,System,system,9885.87,EUR,IT,V8230,medium,PO988672,,paid,False,
CASE-00310,INV-000310,Invoice received,2026-01-06T20:09:00,Coupa,System,system,23079.67,EUR,NL,V6043,low,PO766076,,completed,False,
CASE-00310,INV-000310,Validate invoice data,2026-01-06T20:33:00,Coupa,AP Clerk,ap20,23079.67,EUR,NL,V6043,low,PO766076,,completed,False,
CASE-00310,INV-000310,Check PO exists,2026-01-06T20:51:00,SAP,System,system,23079.67,EUR,NL,V6043,low,PO766076,,completed,False,
CASE-00310,INV-000310,Create missing PO exception,2026-01-06T21:03:00,ServiceNow,System,system,23079.67,EUR,NL,V6043,low,PO766076,missing_po,completed,False,
CASE-00310,INV-000310,AP review missing PO,2026-01-12T18:24:50.799161,ServiceNow,AP Clerk,ap20,23079.67,EUR,NL,V6043,low,PO766076,missing_po,completed,False,
CASE-00310,INV-000310,Procurement correction,2026-01-14T05:51:32.505665,SAP,Procurement Specialist,ap20,23079.67,EUR,NL,V6043,low,PO766076,missing_po,completed,False,
CASE-00310,INV-000310,Check PO exists,2026-01-14T06:03:32.505665,SAP,System,system,23079.67,EUR,NL,V6043,low,PO766076,missing_po,completed,False,
CASE-00310,INV-000310,Run three-way match,2026-01-14T06:33:32.505665,SAP,System,system,23079.67,EUR,NL,V6043,low,PO766076,,completed,False,
CASE-00310,INV-000310,Run duplicate invoice check,2026-01-14T06:45:32.505665,SAP,System,system,23079.67,EUR,NL,V6043,low,PO766076,,completed,False,
CASE-00310,INV-000310,Check vendor risk,2026-01-14T06:57:32.505665,Vendor Master Data,System,system,23079.67,EUR,NL,V6043,low,PO766076,,completed,False,
CASE-00310,INV-000310,Check approval threshold,2026-01-14T07:03:32.505665,SAP,System,system,23079.67,EUR,NL,V6043,low,PO766076,,completed,False,
CASE-00310,INV-000310,Finance manager approval,2026-01-15T22:01:40.534327,SAP,Finance Manager,ap20,23079.67,EUR,NL,V6043,low,PO766076,,completed,False,
CASE-00310,INV-000310,Schedule payment,2026-01-16T06:07:04.529715,Payment System,System,system,23079.67,EUR,NL,V6043,low,PO766076,,completed,False,
CASE-00310,INV-000310,Send remittance notice,2026-01-16T06:13:04.529715,Payment System,System,system,23079.67,EUR,NL,V6043,low,PO766076,,completed,False,
CASE-00310,INV-000310,Invoice paid,2026-01-16T06:19:04.529715,Payment System,System,system,23079.67,EUR,NL,V6043,low,PO766076,,paid,False,
CASE-00311,INV-000311,Invoice received,2026-01-06T20:16:00,Coupa,System,system,5824.16,EUR,NL,V6001,low,PO982223,,completed,False,
CASE-00311,INV-000311,Validate invoice data,2026-01-06T20:40:00,Coupa,AP Clerk,ap03,5824.16,EUR,NL,V6001,low,PO982223,,completed,False,
CASE-00311,INV-000311,Check PO exists,2026-01-06T20:58:00,SAP,System,system,5824.16,EUR,NL,V6001,low,PO982223,,completed,False,
CASE-00311,INV-000311,Run three-way match,2026-01-06T21:28:00,SAP,System,system,5824.16,EUR,NL,V6001,low,PO982223,,completed,False,
CASE-00311,INV-000311,Run duplicate invoice check,2026-01-06T21:40:00,SAP,System,system,5824.16,EUR,NL,V6001,low,PO982223,,completed,False,
CASE-00311,INV-000311,Check vendor risk,2026-01-06T21:52:00,Vendor Master Data,System,system,5824.16,EUR,NL,V6001,low,PO982223,,completed,False,
CASE-00311,INV-000311,Check approval threshold,2026-01-06T21:58:00,SAP,System,system,5824.16,EUR,NL,V6001,low,PO982223,,completed,False,
CASE-00311,INV-000311,Auto approve for payment scheduling,2026-01-06T22:04:00,SAP,System,system,5824.16,EUR,NL,V6001,low,PO982223,,completed,False,
CASE-00311,INV-000311,Schedule payment,2026-01-07T03:56:32.884200,Payment System,System,system,5824.16,EUR,NL,V6001,low,PO982223,,completed,False,
CASE-00311,INV-000311,Send remittance notice,2026-01-07T04:02:32.884200,Payment System,System,system,5824.16,EUR,NL,V6001,low,PO982223,,completed,False,
CASE-00311,INV-000311,Invoice paid,2026-01-07T04:08:32.884200,Payment System,System,system,5824.16,EUR,NL,V6001,low,PO982223,,paid,False,
CASE-00312,INV-000312,Invoice received,2026-01-06T20:23:00,Coupa,System,system,6470.74,EUR,FR,V5743,low,PO553612,,completed,False,
CASE-00312,INV-000312,Validate invoice data,2026-01-06T20:47:00,Coupa,AP Clerk,ap19,6470.74,EUR,FR,V5743,low,PO553612,,completed,False,
CASE-00312,INV-000312,Check PO exists,2026-01-06T21:05:00,SAP,System,system,6470.74,EUR,FR,V5743,low,PO553612,,completed,False,
CASE-00312,INV-000312,Run three-way match,2026-01-06T21:35:00,SAP,System,system,6470.74,EUR,FR,V5743,low,PO553612,,completed,False,
CASE-00312,INV-000312,Classify exception,2026-01-06T21:47:00,ServiceNow,AP Clerk,ap19,6470.74,EUR,FR,V5743,low,PO553612,missing_gr,completed,False,
CASE-00312,INV-000312,Request goods receipt confirmation,2026-01-08T09:24:54.831507,SAP,Procurement Specialist,ap19,6470.74,EUR,FR,V5743,low,PO553612,missing_gr,completed,False,
CASE-00312,INV-000312,Run three-way match,2026-01-08T09:48:54.831507,SAP,System,system,6470.74,EUR,FR,V5743,low,PO553612,missing_gr,completed,False,
CASE-00312,INV-000312,Run duplicate invoice check,2026-01-08T10:00:54.831507,SAP,System,system,6470.74,EUR,FR,V5743,low,PO553612,,completed,False,
CASE-00312,INV-000312,Check vendor risk,2026-01-08T10:12:54.831507,Vendor Master Data,System,system,6470.74,EUR,FR,V5743,low,PO553612,,completed,False,
CASE-00312,INV-000312,Check approval threshold,2026-01-08T10:18:54.831507,SAP,System,system,6470.74,EUR,FR,V5743,low,PO553612,,completed,False,
CASE-00312,INV-000312,Auto approve for payment scheduling,2026-01-08T10:24:54.831507,SAP,System,system,6470.74,EUR,FR,V5743,low,PO553612,,completed,False,
CASE-00312,INV-000312,Schedule payment,2026-01-08T16:47:05.804862,Payment System,System,system,6470.74,EUR,FR,V5743,low,PO553612,,completed,False,
CASE-00312,INV-000312,Send remittance notice,2026-01-08T16:53:05.804862,Payment System,System,system,6470.74,EUR,FR,V5743,low,PO553612,,completed,False,
CASE-00312,INV-000312,Invoice paid,2026-01-08T16:59:05.804862,Payment System,System,system,6470.74,EUR,FR,V5743,low,PO553612,,paid,False,
CASE-00313,INV-000313,Invoice received,2026-01-06T20:30:00,Coupa,System,system,20445.68,EUR,IT,V4216,low,PO695275,,completed,False,
CASE-00313,INV-000313,Validate invoice data,2026-01-06T20:54:00,Coupa,AP Clerk,ap11,20445.68,EUR,IT,V4216,low,PO695275,,completed,False,
CASE-00313,INV-000313,Check PO exists,2026-01-06T21:12:00,SAP,System,system,20445.68,EUR,IT,V4216,low,PO695275,,completed,False,
CASE-00313,INV-000313,Run three-way match,2026-01-06T21:42:00,SAP,System,system,20445.68,EUR,IT,V4216,low,PO695275,,completed,False,
CASE-00313,INV-000313,Run duplicate invoice check,2026-01-06T21:54:00,SAP,System,system,20445.68,EUR,IT,V4216,low,PO695275,,completed,False,
CASE-00313,INV-000313,Check vendor risk,2026-01-06T22:06:00,Vendor Master Data,System,system,20445.68,EUR,IT,V4216,low,PO695275,,completed,False,
CASE-00313,INV-000313,Check approval threshold,2026-01-06T22:12:00,SAP,System,system,20445.68,EUR,IT,V4216,low,PO695275,,completed,False,
CASE-00313,INV-000313,Finance manager approval,2026-01-08T15:35:03.214575,SAP,Finance Manager,ap11,20445.68,EUR,IT,V4216,low,PO695275,,completed,False,
CASE-00313,INV-000313,Schedule payment,2026-01-08T20:17:17.382818,Payment System,System,system,20445.68,EUR,IT,V4216,low,PO695275,,completed,False,
CASE-00313,INV-000313,Send remittance notice,2026-01-08T20:23:17.382818,Payment System,System,system,20445.68,EUR,IT,V4216,low,PO695275,,completed,False,
CASE-00313,INV-000313,Invoice paid,2026-01-08T20:29:17.382818,Payment System,System,system,20445.68,EUR,IT,V4216,low,PO695275,,paid,False,
CASE-00314,INV-000314,Invoice received,2026-01-06T20:37:00,Coupa,System,system,7115.97,EUR,FR,V4022,medium,PO789402,,completed,False,
CASE-00314,INV-000314,Validate invoice data,2026-01-06T21:01:00,Coupa,AP Clerk,ap15,7115.97,EUR,FR,V4022,medium,PO789402,,completed,False,
CASE-00314,INV-000314,Check PO exists,2026-01-06T21:19:00,SAP,System,system,7115.97,EUR,FR,V4022,medium,PO789402,,completed,False,
CASE-00314,INV-000314,Create missing PO exception,2026-01-06T21:31:00,ServiceNow,System,system,7115.97,EUR,FR,V4022,medium,PO789402,missing_po,completed,False,
CASE-00314,INV-000314,AP review missing PO,2026-01-11T04:58:52.640217,ServiceNow,AP Clerk,ap15,7115.97,EUR,FR,V4022,medium,PO789402,missing_po,completed,False,
CASE-00314,INV-000314,Procurement correction,2026-01-13T00:16:49.479204,SAP,Procurement Specialist,ap15,7115.97,EUR,FR,V4022,medium,PO789402,missing_po,completed,False,
CASE-00314,INV-000314,Check PO exists,2026-01-13T00:28:49.479204,SAP,System,system,7115.97,EUR,FR,V4022,medium,PO789402,missing_po,completed,False,
CASE-00314,INV-000314,Run three-way match,2026-01-13T00:58:49.479204,SAP,System,system,7115.97,EUR,FR,V4022,medium,PO789402,,completed,False,
CASE-00314,INV-000314,Run duplicate invoice check,2026-01-13T01:10:49.479204,SAP,System,system,7115.97,EUR,FR,V4022,medium,PO789402,,completed,False,
CASE-00314,INV-000314,Check vendor risk,2026-01-13T01:22:49.479204,Vendor Master Data,System,system,7115.97,EUR,FR,V4022,medium,PO789402,,completed,False,
CASE-00314,INV-000314,Check approval threshold,2026-01-13T01:28:49.479204,SAP,System,system,7115.97,EUR,FR,V4022,medium,PO789402,,completed,False,
CASE-00314,INV-000314,Auto approve for payment scheduling,2026-01-13T01:34:49.479204,SAP,System,system,7115.97,EUR,FR,V4022,medium,PO789402,,completed,False,
CASE-00314,INV-000314,Schedule payment,2026-01-13T10:22:28.042337,Payment System,System,system,7115.97,EUR,FR,V4022,medium,PO789402,,completed,False,
CASE-00314,INV-000314,Send remittance notice,2026-01-13T10:28:28.042337,Payment System,System,system,7115.97,EUR,FR,V4022,medium,PO789402,,completed,False,
CASE-00314,INV-000314,Invoice paid,2026-01-13T10:34:28.042337,Payment System,System,system,7115.97,EUR,FR,V4022,medium,PO789402,,paid,False,
CASE-00315,INV-000315,Invoice received,2026-01-06T20:44:00,Coupa,System,system,9828.5,EUR,FR,V8415,medium,PO620943,,completed,False,
CASE-00315,INV-000315,Validate invoice data,2026-01-06T21:08:00,Coupa,AP Clerk,ap16,9828.5,EUR,FR,V8415,medium,PO620943,,completed,False,
CASE-00315,INV-000315,Check PO exists,2026-01-06T21:26:00,SAP,System,system,9828.5,EUR,FR,V8415,medium,PO620943,,completed,False,
CASE-00315,INV-000315,Run three-way match,2026-01-06T21:56:00,SAP,System,system,9828.5,EUR,FR,V8415,medium,PO620943,,completed,False,
CASE-00315,INV-000315,Classify exception,2026-01-06T22:08:00,ServiceNow,AP Clerk,ap16,9828.5,EUR,FR,V8415,medium,PO620943,price_mismatch,completed,False,
CASE-00315,INV-000315,Create price mismatch ticket,2026-01-06T22:20:00,ServiceNow,System,system,9828.5,EUR,FR,V8415,medium,PO620943,price_mismatch,completed,False,
CASE-00315,INV-000315,AP review price mismatch,2026-01-11T11:17:56.344740,ServiceNow,AP Clerk,ap16,9828.5,EUR,FR,V8415,medium,PO620943,price_mismatch,completed,False,
CASE-00315,INV-000315,Correction for price mismatch,2026-01-12T04:29:23.162626,SAP,Procurement Specialist,ap16,9828.5,EUR,FR,V8415,medium,PO620943,price_mismatch,completed,False,
CASE-00315,INV-000315,Run three-way match,2026-01-12T04:53:23.162626,SAP,System,system,9828.5,EUR,FR,V8415,medium,PO620943,price_mismatch,completed,False,
CASE-00315,INV-000315,Run duplicate invoice check,2026-01-12T05:05:23.162626,SAP,System,system,9828.5,EUR,FR,V8415,medium,PO620943,,completed,False,
CASE-00315,INV-000315,Check vendor risk,2026-01-12T05:17:23.162626,Vendor Master Data,System,system,9828.5,EUR,FR,V8415,medium,PO620943,,completed,False,
CASE-00315,INV-000315,Check approval threshold,2026-01-12T05:23:23.162626,SAP,System,system,9828.5,EUR,FR,V8415,medium,PO620943,,completed,False,
CASE-00315,INV-000315,Auto approve for payment scheduling,2026-01-12T05:29:23.162626,SAP,System,system,9828.5,EUR,FR,V8415,medium,PO620943,,completed,False,
CASE-00315,INV-000315,Schedule payment,2026-01-12T14:16:17.623667,Payment System,System,system,9828.5,EUR,FR,V8415,medium,PO620943,,completed,False,
CASE-00315,INV-000315,Send remittance notice,2026-01-12T14:22:17.623667,Payment System,System,system,9828.5,EUR,FR,V8415,medium,PO620943,,completed,False,
CASE-00315,INV-000315,Invoice paid,2026-01-12T14:28:17.623667,Payment System,System,system,9828.5,EUR,FR,V8415,medium,PO620943,,paid,False,
CASE-00316,INV-000316,Invoice received,2026-01-06T20:51:00,Coupa,System,system,10625.24,EUR,NL,V2325,low,PO137593,,completed,False,
CASE-00316,INV-000316,Validate invoice data,2026-01-06T21:15:00,Coupa,AP Clerk,ap12,10625.24,EUR,NL,V2325,low,PO137593,,completed,False,
CASE-00316,INV-000316,Check PO exists,2026-01-06T21:33:00,SAP,System,system,10625.24,EUR,NL,V2325,low,PO137593,,completed,False,
CASE-00316,INV-000316,Run three-way match,2026-01-06T22:03:00,SAP,System,system,10625.24,EUR,NL,V2325,low,PO137593,,completed,False,
CASE-00316,INV-000316,Run duplicate invoice check,2026-01-06T22:15:00,SAP,System,system,10625.24,EUR,NL,V2325,low,PO137593,,completed,False,
CASE-00316,INV-000316,Check vendor risk,2026-01-06T22:27:00,Vendor Master Data,System,system,10625.24,EUR,NL,V2325,low,PO137593,,completed,False,
CASE-00316,INV-000316,Check approval threshold,2026-01-06T22:33:00,SAP,System,system,10625.24,EUR,NL,V2325,low,PO137593,,completed,False,
CASE-00316,INV-000316,Finance manager approval,2026-01-07T23:04:37.397746,SAP,Finance Manager,ap12,10625.24,EUR,NL,V2325,low,PO137593,,completed,False,
CASE-00316,INV-000316,Schedule payment,2026-01-08T07:30:34.764140,Payment System,System,system,10625.24,EUR,NL,V2325,low,PO137593,,completed,False,
CASE-00316,INV-000316,Send remittance notice,2026-01-08T07:36:34.764140,Payment System,System,system,10625.24,EUR,NL,V2325,low,PO137593,,completed,False,
CASE-00316,INV-000316,Invoice paid,2026-01-08T07:42:34.764140,Payment System,System,system,10625.24,EUR,NL,V2325,low,PO137593,,paid,False,
CASE-00317,INV-000317,Invoice received,2026-01-06T20:58:00,Coupa,System,system,24769.04,EUR,NL,V4088,low,PO815022,,completed,False,
CASE-00317,INV-000317,Validate invoice data,2026-01-06T21:22:00,Coupa,AP Clerk,ap25,24769.04,EUR,NL,V4088,low,PO815022,,completed,False,
CASE-00317,INV-000317,Check PO exists,2026-01-06T21:40:00,SAP,System,system,24769.04,EUR,NL,V4088,low,PO815022,,completed,False,
CASE-00317,INV-000317,Run three-way match,2026-01-06T22:10:00,SAP,System,system,24769.04,EUR,NL,V4088,low,PO815022,,completed,False,
CASE-00317,INV-000317,Run duplicate invoice check,2026-01-06T22:22:00,SAP,System,system,24769.04,EUR,NL,V4088,low,PO815022,,completed,False,
CASE-00317,INV-000317,Check vendor risk,2026-01-06T22:34:00,Vendor Master Data,System,system,24769.04,EUR,NL,V4088,low,PO815022,,completed,False,
CASE-00317,INV-000317,Check approval threshold,2026-01-06T22:40:00,SAP,System,system,24769.04,EUR,NL,V4088,low,PO815022,,completed,False,
CASE-00317,INV-000317,Finance manager approval,2026-01-08T17:30:32.637896,SAP,Finance Manager,ap25,24769.04,EUR,NL,V4088,low,PO815022,,completed,False,
CASE-00317,INV-000317,Schedule payment,2026-01-08T22:55:03.064768,Payment System,System,system,24769.04,EUR,NL,V4088,low,PO815022,,completed,False,
CASE-00317,INV-000317,Send remittance notice,2026-01-08T23:01:03.064768,Payment System,System,system,24769.04,EUR,NL,V4088,low,PO815022,,completed,False,
CASE-00317,INV-000317,Invoice paid,2026-01-08T23:07:03.064768,Payment System,System,system,24769.04,EUR,NL,V4088,low,PO815022,,paid,False,
CASE-00318,INV-000318,Invoice received,2026-01-06T21:05:00,Coupa,System,system,6620.96,EUR,ES,V8160,low,PO660180,,completed,False,
CASE-00318,INV-000318,Validate invoice data,2026-01-06T21:29:00,Coupa,AP Clerk,ap23,6620.96,EUR,ES,V8160,low,PO660180,,completed,False,
CASE-00318,INV-000318,Manual Email Review,2026-01-07T08:18:18.247762,Email and Excel,AP Clerk,ap23,6620.96,EUR,ES,V8160,low,PO660180,,completed,True,Manual Email Review
CASE-00318,INV-000318,Check PO exists,2026-01-07T08:36:18.247762,SAP,System,system,6620.96,EUR,ES,V8160,low,PO660180,,completed,False,
CASE-00318,INV-000318,Create missing PO exception,2026-01-07T08:48:18.247762,ServiceNow,System,system,6620.96,EUR,ES,V8160,low,PO660180,missing_po,completed,False,
CASE-00318,INV-000318,AP review missing PO,2026-01-08T11:22:20.353892,ServiceNow,AP Clerk,ap23,6620.96,EUR,ES,V8160,low,PO660180,missing_po,completed,False,
CASE-00318,INV-000318,Procurement correction,2026-01-10T02:31:59.160790,SAP,Procurement Specialist,ap23,6620.96,EUR,ES,V8160,low,PO660180,missing_po,completed,False,
CASE-00318,INV-000318,Check PO exists,2026-01-10T02:43:59.160790,SAP,System,system,6620.96,EUR,ES,V8160,low,PO660180,missing_po,completed,False,
CASE-00318,INV-000318,Run three-way match,2026-01-10T03:13:59.160790,SAP,System,system,6620.96,EUR,ES,V8160,low,PO660180,,completed,False,
CASE-00318,INV-000318,Run duplicate invoice check,2026-01-10T03:25:59.160790,SAP,System,system,6620.96,EUR,ES,V8160,low,PO660180,,completed,False,
CASE-00318,INV-000318,Check vendor risk,2026-01-10T03:37:59.160790,Vendor Master Data,System,system,6620.96,EUR,ES,V8160,low,PO660180,,completed,False,
CASE-00318,INV-000318,Check approval threshold,2026-01-10T03:43:59.160790,SAP,System,system,6620.96,EUR,ES,V8160,low,PO660180,,completed,False,
CASE-00318,INV-000318,Auto approve for payment scheduling,2026-01-10T03:49:59.160790,SAP,System,system,6620.96,EUR,ES,V8160,low,PO660180,,completed,False,
CASE-00318,INV-000318,Schedule payment,2026-01-10T15:43:03.290848,Payment System,System,system,6620.96,EUR,ES,V8160,low,PO660180,,completed,False,
CASE-00318,INV-000318,Send remittance notice,2026-01-10T15:49:03.290848,Payment System,System,system,6620.96,EUR,ES,V8160,low,PO660180,,completed,False,
CASE-00318,INV-000318,Invoice paid,2026-01-10T15:55:03.290848,Payment System,System,system,6620.96,EUR,ES,V8160,low,PO660180,,paid,False,
CASE-00319,INV-000319,Invoice received,2026-01-06T21:12:00,Coupa,System,system,10246.96,EUR,ES,V3198,low,PO543117,,completed,False,
CASE-00319,INV-000319,Validate invoice data,2026-01-06T21:36:00,Coupa,AP Clerk,ap18,10246.96,EUR,ES,V3198,low,PO543117,,completed,False,
CASE-00319,INV-000319,Check PO exists,2026-01-06T21:54:00,SAP,System,system,10246.96,EUR,ES,V3198,low,PO543117,,completed,False,
CASE-00319,INV-000319,Run three-way match,2026-01-06T22:24:00,SAP,System,system,10246.96,EUR,ES,V3198,low,PO543117,,completed,False,
CASE-00319,INV-000319,Run duplicate invoice check,2026-01-06T22:36:00,SAP,System,system,10246.96,EUR,ES,V3198,low,PO543117,,completed,False,
CASE-00319,INV-000319,Check vendor risk,2026-01-06T22:48:00,Vendor Master Data,System,system,10246.96,EUR,ES,V3198,low,PO543117,,completed,False,
CASE-00319,INV-000319,Check approval threshold,2026-01-06T22:54:00,SAP,System,system,10246.96,EUR,ES,V3198,low,PO543117,,completed,False,
CASE-00319,INV-000319,Finance manager approval,2026-01-07T09:49:26.773712,SAP,Finance Manager,ap18,10246.96,EUR,ES,V3198,low,PO543117,,completed,False,
CASE-00319,INV-000319,Schedule payment,2026-01-07T20:28:54.472606,Payment System,System,system,10246.96,EUR,ES,V3198,low,PO543117,,completed,False,
CASE-00319,INV-000319,Send remittance notice,2026-01-07T20:34:54.472606,Payment System,System,system,10246.96,EUR,ES,V3198,low,PO543117,,completed,False,
CASE-00319,INV-000319,Invoice paid,2026-01-07T20:40:54.472606,Payment System,System,system,10246.96,EUR,ES,V3198,low,PO543117,,paid,False,
CASE-00320,INV-000320,Invoice received,2026-01-06T21:19:00,Coupa,System,system,4947.52,EUR,ES,V8387,low,PO479306,,completed,False,
CASE-00320,INV-000320,Validate invoice data,2026-01-06T21:43:00,Coupa,AP Clerk,ap01,4947.52,EUR,ES,V8387,low,PO479306,,completed,False,
CASE-00320,INV-000320,Manual Email Review,2026-01-07T13:29:34.014906,Email and Excel,AP Clerk,ap01,4947.52,EUR,ES,V8387,low,PO479306,,completed,True,Manual Email Review
CASE-00320,INV-000320,Check PO exists,2026-01-07T13:47:34.014906,SAP,System,system,4947.52,EUR,ES,V8387,low,PO479306,,completed,False,
CASE-00320,INV-000320,Run three-way match,2026-01-07T14:17:34.014906,SAP,System,system,4947.52,EUR,ES,V8387,low,PO479306,,completed,False,
CASE-00320,INV-000320,Run duplicate invoice check,2026-01-07T14:29:34.014906,SAP,System,system,4947.52,EUR,ES,V8387,low,PO479306,,completed,False,
CASE-00320,INV-000320,Check vendor risk,2026-01-07T14:41:34.014906,Vendor Master Data,System,system,4947.52,EUR,ES,V8387,low,PO479306,,completed,False,
CASE-00320,INV-000320,Check approval threshold,2026-01-07T14:47:34.014906,SAP,System,system,4947.52,EUR,ES,V8387,low,PO479306,,completed,False,
CASE-00320,INV-000320,Auto approve for payment scheduling,2026-01-07T14:53:34.014906,SAP,System,system,4947.52,EUR,ES,V8387,low,PO479306,,completed,False,
CASE-00320,INV-000320,Schedule payment,2026-01-07T22:22:08.302289,Payment System,System,system,4947.52,EUR,ES,V8387,low,PO479306,,completed,False,
CASE-00320,INV-000320,Send remittance notice,2026-01-07T22:28:08.302289,Payment System,System,system,4947.52,EUR,ES,V8387,low,PO479306,,completed,False,
CASE-00320,INV-000320,Invoice paid,2026-01-07T22:34:08.302289,Payment System,System,system,4947.52,EUR,ES,V8387,low,PO479306,,paid,False,
CASE-00321,INV-000321,Invoice received,2026-01-06T21:26:00,Coupa,System,system,5274.62,EUR,FR,V8777,low,PO657614,,completed,False,
CASE-00321,INV-000321,Validate invoice data,2026-01-06T21:50:00,Coupa,AP Clerk,ap08,5274.62,EUR,FR,V8777,low,PO657614,,completed,False,
CASE-00321,INV-000321,Check PO exists,2026-01-06T22:08:00,SAP,System,system,5274.62,EUR,FR,V8777,low,PO657614,,completed,False,
CASE-00321,INV-000321,Run three-way match,2026-01-06T22:38:00,SAP,System,system,5274.62,EUR,FR,V8777,low,PO657614,,completed,False,
CASE-00321,INV-000321,Run duplicate invoice check,2026-01-06T22:50:00,SAP,System,system,5274.62,EUR,FR,V8777,low,PO657614,,completed,False,
CASE-00321,INV-000321,Check vendor risk,2026-01-06T23:02:00,Vendor Master Data,System,system,5274.62,EUR,FR,V8777,low,PO657614,,completed,False,
CASE-00321,INV-000321,Check approval threshold,2026-01-06T23:08:00,SAP,System,system,5274.62,EUR,FR,V8777,low,PO657614,,completed,False,
CASE-00321,INV-000321,Auto approve for payment scheduling,2026-01-06T23:14:00,SAP,System,system,5274.62,EUR,FR,V8777,low,PO657614,,completed,False,
CASE-00321,INV-000321,Schedule payment,2026-01-07T06:24:05.885322,Payment System,System,system,5274.62,EUR,FR,V8777,low,PO657614,,completed,False,
CASE-00321,INV-000321,Send remittance notice,2026-01-07T06:30:05.885322,Payment System,System,system,5274.62,EUR,FR,V8777,low,PO657614,,completed,False,
CASE-00321,INV-000321,Invoice paid,2026-01-07T06:36:05.885322,Payment System,System,system,5274.62,EUR,FR,V8777,low,PO657614,,paid,False,
CASE-00322,INV-000322,Invoice received,2026-01-06T21:33:00,Coupa,System,system,4384.68,EUR,IT,V2009,low,PO500660,,completed,False,
CASE-00322,INV-000322,Validate invoice data,2026-01-06T21:57:00,Coupa,AP Clerk,ap12,4384.68,EUR,IT,V2009,low,PO500660,,completed,False,
CASE-00322,INV-000322,Check PO exists,2026-01-06T22:15:00,SAP,System,system,4384.68,EUR,IT,V2009,low,PO500660,,completed,False,
CASE-00322,INV-000322,Run three-way match,2026-01-06T22:45:00,SAP,System,system,4384.68,EUR,IT,V2009,low,PO500660,,completed,False,
CASE-00322,INV-000322,Classify exception,2026-01-06T22:57:00,ServiceNow,AP Clerk,ap12,4384.68,EUR,IT,V2009,low,PO500660,quantity_mismatch,completed,False,
CASE-00322,INV-000322,Create quantity mismatch ticket,2026-01-06T23:09:00,ServiceNow,System,system,4384.68,EUR,IT,V2009,low,PO500660,quantity_mismatch,completed,False,
CASE-00322,INV-000322,AP review quantity mismatch,2026-01-09T01:18:29.274605,ServiceNow,AP Clerk,ap12,4384.68,EUR,IT,V2009,low,PO500660,quantity_mismatch,completed,False,
CASE-00322,INV-000322,Correction for quantity mismatch,2026-01-09T13:10:29.786666,SAP,Procurement Specialist,ap12,4384.68,EUR,IT,V2009,low,PO500660,quantity_mismatch,completed,False,
CASE-00322,INV-000322,Run three-way match,2026-01-09T13:34:29.786666,SAP,System,system,4384.68,EUR,IT,V2009,low,PO500660,quantity_mismatch,completed,False,
CASE-00322,INV-000322,Run duplicate invoice check,2026-01-09T13:46:29.786666,SAP,System,system,4384.68,EUR,IT,V2009,low,PO500660,,completed,False,
CASE-00322,INV-000322,Check vendor risk,2026-01-09T13:58:29.786666,Vendor Master Data,System,system,4384.68,EUR,IT,V2009,low,PO500660,,completed,False,
CASE-00322,INV-000322,Check approval threshold,2026-01-09T14:04:29.786666,SAP,System,system,4384.68,EUR,IT,V2009,low,PO500660,,completed,False,
CASE-00322,INV-000322,Auto approve for payment scheduling,2026-01-09T14:10:29.786666,SAP,System,system,4384.68,EUR,IT,V2009,low,PO500660,,completed,False,
CASE-00322,INV-000322,Schedule payment,2026-01-09T19:53:15.699406,Payment System,System,system,4384.68,EUR,IT,V2009,low,PO500660,,completed,False,
CASE-00322,INV-000322,Send remittance notice,2026-01-09T19:59:15.699406,Payment System,System,system,4384.68,EUR,IT,V2009,low,PO500660,,completed,False,
CASE-00322,INV-000322,Invoice paid,2026-01-09T20:05:15.699406,Payment System,System,system,4384.68,EUR,IT,V2009,low,PO500660,,paid,False,
CASE-00323,INV-000323,Invoice received,2026-01-06T21:40:00,Coupa,System,system,6789.09,EUR,ES,V9804,low,PO772262,,completed,False,
CASE-00323,INV-000323,Validate invoice data,2026-01-06T22:04:00,Coupa,AP Clerk,ap11,6789.09,EUR,ES,V9804,low,PO772262,,completed,False,
CASE-00323,INV-000323,Manual Email Review,2026-01-07T10:44:15.150599,Email and Excel,AP Clerk,ap11,6789.09,EUR,ES,V9804,low,PO772262,,completed,True,Manual Email Review
CASE-00323,INV-000323,Check PO exists,2026-01-07T11:02:15.150599,SAP,System,system,6789.09,EUR,ES,V9804,low,PO772262,,completed,False,
CASE-00323,INV-000323,Create missing PO exception,2026-01-07T11:14:15.150599,ServiceNow,System,system,6789.09,EUR,ES,V9804,low,PO772262,missing_po,completed,False,
CASE-00323,INV-000323,AP review missing PO,2026-01-08T22:53:49.699798,ServiceNow,AP Clerk,ap11,6789.09,EUR,ES,V9804,low,PO772262,missing_po,completed,False,
CASE-00323,INV-000323,Procurement correction,2026-01-10T17:28:05.523679,SAP,Procurement Specialist,ap11,6789.09,EUR,ES,V9804,low,PO772262,missing_po,completed,False,
CASE-00323,INV-000323,Check PO exists,2026-01-10T17:40:05.523679,SAP,System,system,6789.09,EUR,ES,V9804,low,PO772262,missing_po,completed,False,
CASE-00323,INV-000323,Run three-way match,2026-01-10T18:10:05.523679,SAP,System,system,6789.09,EUR,ES,V9804,low,PO772262,,completed,False,
CASE-00323,INV-000323,Run duplicate invoice check,2026-01-10T18:22:05.523679,SAP,System,system,6789.09,EUR,ES,V9804,low,PO772262,,completed,False,
CASE-00323,INV-000323,Check vendor risk,2026-01-10T18:34:05.523679,Vendor Master Data,System,system,6789.09,EUR,ES,V9804,low,PO772262,,completed,False,
CASE-00323,INV-000323,Check approval threshold,2026-01-10T18:40:05.523679,SAP,System,system,6789.09,EUR,ES,V9804,low,PO772262,,completed,False,
CASE-00323,INV-000323,Auto approve for payment scheduling,2026-01-10T18:46:05.523679,SAP,System,system,6789.09,EUR,ES,V9804,low,PO772262,,completed,False,
CASE-00323,INV-000323,Schedule payment,2026-01-11T03:17:19.253739,Payment System,System,system,6789.09,EUR,ES,V9804,low,PO772262,,completed,False,
CASE-00323,INV-000323,Send remittance notice,2026-01-11T03:23:19.253739,Payment System,System,system,6789.09,EUR,ES,V9804,low,PO772262,,completed,False,
CASE-00323,INV-000323,Invoice paid,2026-01-11T03:29:19.253739,Payment System,System,system,6789.09,EUR,ES,V9804,low,PO772262,,paid,False,
CASE-00324,INV-000324,Invoice received,2026-01-06T21:47:00,Coupa,System,system,15773.24,EUR,ES,V4316,low,PO308277,,completed,False,
CASE-00324,INV-000324,Validate invoice data,2026-01-06T22:11:00,Coupa,AP Clerk,ap03,15773.24,EUR,ES,V4316,low,PO308277,,completed,False,
CASE-00324,INV-000324,Check PO exists,2026-01-06T22:29:00,SAP,System,system,15773.24,EUR,ES,V4316,low,PO308277,,completed,False,
CASE-00324,INV-000324,Create missing PO exception,2026-01-06T22:41:00,ServiceNow,System,system,15773.24,EUR,ES,V4316,low,PO308277,missing_po,completed,False,
CASE-00324,INV-000324,AP review missing PO,2026-01-10T02:05:31.810037,ServiceNow,AP Clerk,ap03,15773.24,EUR,ES,V4316,low,PO308277,missing_po,completed,False,
CASE-00324,INV-000324,Procurement correction,2026-01-10T21:35:12.911950,SAP,Procurement Specialist,ap03,15773.24,EUR,ES,V4316,low,PO308277,missing_po,completed,False,
CASE-00324,INV-000324,Check PO exists,2026-01-10T21:47:12.911950,SAP,System,system,15773.24,EUR,ES,V4316,low,PO308277,missing_po,completed,False,
CASE-00324,INV-000324,Run three-way match,2026-01-10T22:17:12.911950,SAP,System,system,15773.24,EUR,ES,V4316,low,PO308277,,completed,False,
CASE-00324,INV-000324,Run duplicate invoice check,2026-01-10T22:29:12.911950,SAP,System,system,15773.24,EUR,ES,V4316,low,PO308277,,completed,False,
CASE-00324,INV-000324,Check vendor risk,2026-01-10T22:41:12.911950,Vendor Master Data,System,system,15773.24,EUR,ES,V4316,low,PO308277,,completed,False,
CASE-00324,INV-000324,Check approval threshold,2026-01-10T22:47:12.911950,SAP,System,system,15773.24,EUR,ES,V4316,low,PO308277,,completed,False,
CASE-00324,INV-000324,Finance manager approval,2026-01-12T07:57:40.083860,SAP,Finance Manager,ap03,15773.24,EUR,ES,V4316,low,PO308277,,completed,False,
CASE-00324,INV-000324,Schedule payment,2026-01-12T18:43:19.330677,Payment System,System,system,15773.24,EUR,ES,V4316,low,PO308277,,completed,False,
CASE-00324,INV-000324,Send remittance notice,2026-01-12T18:49:19.330677,Payment System,System,system,15773.24,EUR,ES,V4316,low,PO308277,,completed,False,
CASE-00324,INV-000324,Invoice paid,2026-01-12T18:55:19.330677,Payment System,System,system,15773.24,EUR,ES,V4316,low,PO308277,,paid,False,
CASE-00325,INV-000325,Invoice received,2026-01-06T21:54:00,Coupa,System,system,8182.31,EUR,ES,V9500,low,PO666165,,completed,False,
CASE-00325,INV-000325,Validate invoice data,2026-01-06T22:18:00,Coupa,AP Clerk,ap20,8182.31,EUR,ES,V9500,low,PO666165,,completed,False,
CASE-00325,INV-000325,Check PO exists,2026-01-06T22:36:00,SAP,System,system,8182.31,EUR,ES,V9500,low,PO666165,,completed,False,
CASE-00325,INV-000325,Run three-way match,2026-01-06T23:06:00,SAP,System,system,8182.31,EUR,ES,V9500,low,PO666165,,completed,False,
CASE-00325,INV-000325,Classify exception,2026-01-06T23:18:00,ServiceNow,AP Clerk,ap20,8182.31,EUR,ES,V9500,low,PO666165,missing_gr,completed,False,
CASE-00325,INV-000325,Request goods receipt confirmation,2026-01-07T17:18:03.663939,SAP,Procurement Specialist,ap20,8182.31,EUR,ES,V9500,low,PO666165,missing_gr,completed,False,
CASE-00325,INV-000325,Run three-way match,2026-01-07T17:42:03.663939,SAP,System,system,8182.31,EUR,ES,V9500,low,PO666165,missing_gr,completed,False,
CASE-00325,INV-000325,Run duplicate invoice check,2026-01-07T17:54:03.663939,SAP,System,system,8182.31,EUR,ES,V9500,low,PO666165,,completed,False,
CASE-00325,INV-000325,Check vendor risk,2026-01-07T18:06:03.663939,Vendor Master Data,System,system,8182.31,EUR,ES,V9500,low,PO666165,,completed,False,
CASE-00325,INV-000325,Check approval threshold,2026-01-07T18:12:03.663939,SAP,System,system,8182.31,EUR,ES,V9500,low,PO666165,,completed,False,
CASE-00325,INV-000325,Auto approve for payment scheduling,2026-01-07T18:18:03.663939,SAP,System,system,8182.31,EUR,ES,V9500,low,PO666165,,completed,False,
CASE-00325,INV-000325,Schedule payment,2026-01-07T22:44:34.815877,Payment System,System,system,8182.31,EUR,ES,V9500,low,PO666165,,completed,False,
CASE-00325,INV-000325,Send remittance notice,2026-01-07T22:50:34.815877,Payment System,System,system,8182.31,EUR,ES,V9500,low,PO666165,,completed,False,
CASE-00325,INV-000325,Invoice paid,2026-01-07T22:56:34.815877,Payment System,System,system,8182.31,EUR,ES,V9500,low,PO666165,,paid,False,
CASE-00326,INV-000326,Invoice received,2026-01-06T22:01:00,Coupa,System,system,11510.32,EUR,ES,V9749,low,PO559231,,completed,False,
CASE-00326,INV-000326,Validate invoice data,2026-01-06T22:25:00,Coupa,AP Clerk,ap24,11510.32,EUR,ES,V9749,low,PO559231,,completed,False,
CASE-00326,INV-000326,Check PO exists,2026-01-06T22:43:00,SAP,System,system,11510.32,EUR,ES,V9749,low,PO559231,,completed,False,
CASE-00326,INV-000326,Run three-way match,2026-01-06T23:13:00,SAP,System,system,11510.32,EUR,ES,V9749,low,PO559231,,completed,False,
CASE-00326,INV-000326,Run duplicate invoice check,2026-01-06T23:25:00,SAP,System,system,11510.32,EUR,ES,V9749,low,PO559231,,completed,False,
CASE-00326,INV-000326,Check vendor risk,2026-01-06T23:37:00,Vendor Master Data,System,system,11510.32,EUR,ES,V9749,low,PO559231,,completed,False,
CASE-00326,INV-000326,Check approval threshold,2026-01-06T23:43:00,SAP,System,system,11510.32,EUR,ES,V9749,low,PO559231,,completed,False,
CASE-00326,INV-000326,Finance manager approval,2026-01-08T13:08:23.547510,SAP,Finance Manager,ap24,11510.32,EUR,ES,V9749,low,PO559231,,completed,False,
CASE-00326,INV-000326,Schedule payment,2026-01-08T22:12:40.458911,Payment System,System,system,11510.32,EUR,ES,V9749,low,PO559231,,completed,False,
CASE-00326,INV-000326,Send remittance notice,2026-01-08T22:18:40.458911,Payment System,System,system,11510.32,EUR,ES,V9749,low,PO559231,,completed,False,
CASE-00326,INV-000326,Invoice paid,2026-01-08T22:24:40.458911,Payment System,System,system,11510.32,EUR,ES,V9749,low,PO559231,,paid,False,
CASE-00327,INV-000327,Invoice received,2026-01-06T22:08:00,Coupa,System,system,6104.57,EUR,IT,V3566,low,PO752159,,completed,False,
CASE-00327,INV-000327,Validate invoice data,2026-01-06T22:32:00,Coupa,AP Clerk,ap06,6104.57,EUR,IT,V3566,low,PO752159,,completed,False,
CASE-00327,INV-000327,Check PO exists,2026-01-06T22:50:00,SAP,System,system,6104.57,EUR,IT,V3566,low,PO752159,,completed,False,
CASE-00327,INV-000327,Run three-way match,2026-01-06T23:20:00,SAP,System,system,6104.57,EUR,IT,V3566,low,PO752159,,completed,False,
CASE-00327,INV-000327,Run duplicate invoice check,2026-01-06T23:32:00,SAP,System,system,6104.57,EUR,IT,V3566,low,PO752159,,completed,False,
CASE-00327,INV-000327,Check vendor risk,2026-01-06T23:44:00,Vendor Master Data,System,system,6104.57,EUR,IT,V3566,low,PO752159,,completed,False,
CASE-00327,INV-000327,Check approval threshold,2026-01-06T23:50:00,SAP,System,system,6104.57,EUR,IT,V3566,low,PO752159,,completed,False,
CASE-00327,INV-000327,Auto approve for payment scheduling,2026-01-06T23:56:00,SAP,System,system,6104.57,EUR,IT,V3566,low,PO752159,,completed,False,
CASE-00327,INV-000327,Schedule payment,2026-01-07T05:37:27.299803,Payment System,System,system,6104.57,EUR,IT,V3566,low,PO752159,,completed,False,
CASE-00327,INV-000327,Send remittance notice,2026-01-07T05:43:27.299803,Payment System,System,system,6104.57,EUR,IT,V3566,low,PO752159,,completed,False,
CASE-00327,INV-000327,Invoice paid,2026-01-07T05:49:27.299803,Payment System,System,system,6104.57,EUR,IT,V3566,low,PO752159,,paid,False,
CASE-00328,INV-000328,Invoice received,2026-01-06T22:15:00,Coupa,System,system,10575.86,EUR,FR,V3698,low,PO414062,,completed,False,
CASE-00328,INV-000328,Validate invoice data,2026-01-06T22:39:00,Coupa,AP Clerk,ap04,10575.86,EUR,FR,V3698,low,PO414062,,completed,False,
CASE-00328,INV-000328,Check PO exists,2026-01-06T22:57:00,SAP,System,system,10575.86,EUR,FR,V3698,low,PO414062,,completed,False,
CASE-00328,INV-000328,Run three-way match,2026-01-06T23:27:00,SAP,System,system,10575.86,EUR,FR,V3698,low,PO414062,,completed,False,
CASE-00328,INV-000328,Classify exception,2026-01-06T23:39:00,ServiceNow,AP Clerk,ap04,10575.86,EUR,FR,V3698,low,PO414062,price_mismatch,completed,False,
CASE-00328,INV-000328,Create price mismatch ticket,2026-01-06T23:51:00,ServiceNow,System,system,10575.86,EUR,FR,V3698,low,PO414062,price_mismatch,completed,False,
CASE-00328,INV-000328,AP review price mismatch,2026-01-09T22:25:02.971269,ServiceNow,AP Clerk,ap04,10575.86,EUR,FR,V3698,low,PO414062,price_mismatch,completed,False,
CASE-00328,INV-000328,Correction for price mismatch,2026-01-10T02:40:19.563607,SAP,Procurement Specialist,ap04,10575.86,EUR,FR,V3698,low,PO414062,price_mismatch,completed,False,
CASE-00328,INV-000328,Run three-way match,2026-01-10T03:04:19.563607,SAP,System,system,10575.86,EUR,FR,V3698,low,PO414062,price_mismatch,completed,False,
CASE-00328,INV-000328,Run duplicate invoice check,2026-01-10T03:16:19.563607,SAP,System,system,10575.86,EUR,FR,V3698,low,PO414062,,completed,False,
CASE-00328,INV-000328,Check vendor risk,2026-01-10T03:28:19.563607,Vendor Master Data,System,system,10575.86,EUR,FR,V3698,low,PO414062,,completed,False,
CASE-00328,INV-000328,Check approval threshold,2026-01-10T03:34:19.563607,SAP,System,system,10575.86,EUR,FR,V3698,low,PO414062,,completed,False,
CASE-00328,INV-000328,Finance manager approval,2026-01-11T04:20:33.977729,SAP,Finance Manager,ap04,10575.86,EUR,FR,V3698,low,PO414062,,completed,False,
CASE-00328,INV-000328,Schedule payment,2026-01-11T14:55:19.564708,Payment System,System,system,10575.86,EUR,FR,V3698,low,PO414062,,completed,False,
CASE-00328,INV-000328,Send remittance notice,2026-01-11T15:01:19.564708,Payment System,System,system,10575.86,EUR,FR,V3698,low,PO414062,,completed,False,
CASE-00328,INV-000328,Invoice paid,2026-01-11T15:07:19.564708,Payment System,System,system,10575.86,EUR,FR,V3698,low,PO414062,,paid,False,
CASE-00329,INV-000329,Invoice received,2026-01-06T22:22:00,Coupa,System,system,21595.56,EUR,IT,V7163,medium,PO621975,,completed,False,
CASE-00329,INV-000329,Validate invoice data,2026-01-06T22:46:00,Coupa,AP Clerk,ap20,21595.56,EUR,IT,V7163,medium,PO621975,,completed,False,
CASE-00329,INV-000329,Check PO exists,2026-01-06T23:04:00,SAP,System,system,21595.56,EUR,IT,V7163,medium,PO621975,,completed,False,
CASE-00329,INV-000329,Run three-way match,2026-01-06T23:34:00,SAP,System,system,21595.56,EUR,IT,V7163,medium,PO621975,,completed,False,
CASE-00329,INV-000329,Classify exception,2026-01-06T23:46:00,ServiceNow,AP Clerk,ap20,21595.56,EUR,IT,V7163,medium,PO621975,price_mismatch,completed,False,
CASE-00329,INV-000329,Create price mismatch ticket,2026-01-06T23:58:00,ServiceNow,System,system,21595.56,EUR,IT,V7163,medium,PO621975,price_mismatch,completed,False,
CASE-00329,INV-000329,AP review price mismatch,2026-01-12T02:12:49.237701,ServiceNow,AP Clerk,ap20,21595.56,EUR,IT,V7163,medium,PO621975,price_mismatch,completed,False,
CASE-00329,INV-000329,Correction for price mismatch,2026-01-12T13:51:01.292955,SAP,Procurement Specialist,ap20,21595.56,EUR,IT,V7163,medium,PO621975,price_mismatch,completed,False,
CASE-00329,INV-000329,Run three-way match,2026-01-12T14:15:01.292955,SAP,System,system,21595.56,EUR,IT,V7163,medium,PO621975,price_mismatch,completed,False,
CASE-00329,INV-000329,Run duplicate invoice check,2026-01-12T14:27:01.292955,SAP,System,system,21595.56,EUR,IT,V7163,medium,PO621975,,completed,False,
CASE-00329,INV-000329,Check vendor risk,2026-01-12T14:39:01.292955,Vendor Master Data,System,system,21595.56,EUR,IT,V7163,medium,PO621975,,completed,False,
CASE-00329,INV-000329,Check approval threshold,2026-01-12T14:45:01.292955,SAP,System,system,21595.56,EUR,IT,V7163,medium,PO621975,,completed,False,
CASE-00329,INV-000329,Finance manager approval,2026-01-13T23:04:14.426278,SAP,Finance Manager,ap20,21595.56,EUR,IT,V7163,medium,PO621975,,completed,False,
CASE-00329,INV-000329,Schedule payment,2026-01-14T04:06:37.936805,Payment System,System,system,21595.56,EUR,IT,V7163,medium,PO621975,,completed,False,
CASE-00329,INV-000329,Send remittance notice,2026-01-14T04:12:37.936805,Payment System,System,system,21595.56,EUR,IT,V7163,medium,PO621975,,completed,False,
CASE-00329,INV-000329,Invoice paid,2026-01-14T04:18:37.936805,Payment System,System,system,21595.56,EUR,IT,V7163,medium,PO621975,,paid,False,
CASE-00330,INV-000330,Invoice received,2026-01-06T22:29:00,Coupa,System,system,20002.65,EUR,DE,V8800,low,PO151535,,completed,False,
CASE-00330,INV-000330,Validate invoice data,2026-01-06T22:53:00,Coupa,AP Clerk,ap17,20002.65,EUR,DE,V8800,low,PO151535,,completed,False,
CASE-00330,INV-000330,Manual Email Review,2026-01-07T14:28:41.466284,Email and Excel,AP Clerk,ap17,20002.65,EUR,DE,V8800,low,PO151535,,completed,True,Manual Email Review
CASE-00330,INV-000330,Check PO exists,2026-01-07T14:46:41.466284,SAP,System,system,20002.65,EUR,DE,V8800,low,PO151535,,completed,False,
CASE-00330,INV-000330,Run three-way match,2026-01-07T15:16:41.466284,SAP,System,system,20002.65,EUR,DE,V8800,low,PO151535,,completed,False,
CASE-00330,INV-000330,Run duplicate invoice check,2026-01-07T15:28:41.466284,SAP,System,system,20002.65,EUR,DE,V8800,low,PO151535,,completed,False,
CASE-00330,INV-000330,Check vendor risk,2026-01-07T15:40:41.466284,Vendor Master Data,System,system,20002.65,EUR,DE,V8800,low,PO151535,,completed,False,
CASE-00330,INV-000330,Check approval threshold,2026-01-07T15:46:41.466284,SAP,System,system,20002.65,EUR,DE,V8800,low,PO151535,,completed,False,
CASE-00330,INV-000330,Finance manager approval,2026-01-08T10:23:35.683879,SAP,Finance Manager,ap17,20002.65,EUR,DE,V8800,low,PO151535,,completed,False,
CASE-00330,INV-000330,Schedule payment,2026-01-08T15:54:46.998342,Payment System,System,system,20002.65,EUR,DE,V8800,low,PO151535,,completed,False,
CASE-00330,INV-000330,Send remittance notice,2026-01-08T16:00:46.998342,Payment System,System,system,20002.65,EUR,DE,V8800,low,PO151535,,completed,False,
CASE-00330,INV-000330,Invoice paid,2026-01-08T16:06:46.998342,Payment System,System,system,20002.65,EUR,DE,V8800,low,PO151535,,paid,False,
CASE-00331,INV-000331,Invoice received,2026-01-06T22:36:00,Coupa,System,system,14370.41,EUR,IT,V6067,low,PO807792,,completed,False,
CASE-00331,INV-000331,Validate invoice data,2026-01-06T23:00:00,Coupa,AP Clerk,ap04,14370.41,EUR,IT,V6067,low,PO807792,,completed,False,
CASE-00331,INV-000331,Check PO exists,2026-01-06T23:18:00,SAP,System,system,14370.41,EUR,IT,V6067,low,PO807792,,completed,False,
CASE-00331,INV-000331,Run three-way match,2026-01-06T23:48:00,SAP,System,system,14370.41,EUR,IT,V6067,low,PO807792,,completed,False,
CASE-00331,INV-000331,Run duplicate invoice check,2026-01-07T00:00:00,SAP,System,system,14370.41,EUR,IT,V6067,low,PO807792,,completed,False,
CASE-00331,INV-000331,Check vendor risk,2026-01-07T00:12:00,Vendor Master Data,System,system,14370.41,EUR,IT,V6067,low,PO807792,,completed,False,
CASE-00331,INV-000331,Check approval threshold,2026-01-07T00:18:00,SAP,System,system,14370.41,EUR,IT,V6067,low,PO807792,,completed,False,
CASE-00331,INV-000331,Finance manager approval,2026-01-08T17:53:17.475134,SAP,Finance Manager,ap04,14370.41,EUR,IT,V6067,low,PO807792,,completed,False,
CASE-00331,INV-000331,Schedule payment,2026-01-09T02:56:01.208816,Payment System,System,system,14370.41,EUR,IT,V6067,low,PO807792,,completed,False,
CASE-00331,INV-000331,Send remittance notice,2026-01-09T03:02:01.208816,Payment System,System,system,14370.41,EUR,IT,V6067,low,PO807792,,completed,False,
CASE-00331,INV-000331,Invoice paid,2026-01-09T03:08:01.208816,Payment System,System,system,14370.41,EUR,IT,V6067,low,PO807792,,paid,False,
CASE-00332,INV-000332,Invoice received,2026-01-06T22:43:00,Coupa,System,system,23736.7,EUR,IT,V8369,medium,PO735402,,completed,False,
CASE-00332,INV-000332,Validate invoice data,2026-01-06T23:07:00,Coupa,AP Clerk,ap17,23736.7,EUR,IT,V8369,medium,PO735402,,completed,False,
CASE-00332,INV-000332,Check PO exists,2026-01-06T23:25:00,SAP,System,system,23736.7,EUR,IT,V8369,medium,PO735402,,completed,False,
CASE-00332,INV-000332,Run three-way match,2026-01-06T23:55:00,SAP,System,system,23736.7,EUR,IT,V8369,medium,PO735402,,completed,False,
CASE-00332,INV-000332,Run duplicate invoice check,2026-01-07T00:07:00,SAP,System,system,23736.7,EUR,IT,V8369,medium,PO735402,,completed,False,
CASE-00332,INV-000332,Check vendor risk,2026-01-07T00:19:00,Vendor Master Data,System,system,23736.7,EUR,IT,V8369,medium,PO735402,,completed,False,
CASE-00332,INV-000332,Check approval threshold,2026-01-07T00:25:00,SAP,System,system,23736.7,EUR,IT,V8369,medium,PO735402,,completed,False,
CASE-00332,INV-000332,Finance manager approval,2026-01-07T19:32:18.984443,SAP,Finance Manager,ap17,23736.7,EUR,IT,V8369,medium,PO735402,,completed,False,
CASE-00332,INV-000332,Schedule payment,2026-01-07T23:33:52.818675,Payment System,System,system,23736.7,EUR,IT,V8369,medium,PO735402,,completed,False,
CASE-00332,INV-000332,Send remittance notice,2026-01-07T23:39:52.818675,Payment System,System,system,23736.7,EUR,IT,V8369,medium,PO735402,,completed,False,
CASE-00332,INV-000332,Invoice paid,2026-01-07T23:45:52.818675,Payment System,System,system,23736.7,EUR,IT,V8369,medium,PO735402,,paid,False,
CASE-00333,INV-000333,Invoice received,2026-01-06T22:50:00,Coupa,System,system,12659.39,EUR,NL,V3720,low,PO625619,,completed,False,
CASE-00333,INV-000333,Validate invoice data,2026-01-06T23:14:00,Coupa,AP Clerk,ap03,12659.39,EUR,NL,V3720,low,PO625619,,completed,False,
CASE-00333,INV-000333,Check PO exists,2026-01-06T23:32:00,SAP,System,system,12659.39,EUR,NL,V3720,low,PO625619,,completed,False,
CASE-00333,INV-000333,Run three-way match,2026-01-07T00:02:00,SAP,System,system,12659.39,EUR,NL,V3720,low,PO625619,,completed,False,
CASE-00333,INV-000333,Run duplicate invoice check,2026-01-07T00:14:00,SAP,System,system,12659.39,EUR,NL,V3720,low,PO625619,,completed,False,
CASE-00333,INV-000333,Check vendor risk,2026-01-07T00:26:00,Vendor Master Data,System,system,12659.39,EUR,NL,V3720,low,PO625619,,completed,False,
CASE-00333,INV-000333,Check approval threshold,2026-01-07T00:32:00,SAP,System,system,12659.39,EUR,NL,V3720,low,PO625619,,completed,False,
CASE-00333,INV-000333,Finance manager approval,2026-01-07T17:11:08.550376,SAP,Finance Manager,ap03,12659.39,EUR,NL,V3720,low,PO625619,,completed,False,
CASE-00333,INV-000333,Schedule payment,2026-01-08T02:24:35.036902,Payment System,System,system,12659.39,EUR,NL,V3720,low,PO625619,,completed,False,
CASE-00333,INV-000333,Send remittance notice,2026-01-08T02:30:35.036902,Payment System,System,system,12659.39,EUR,NL,V3720,low,PO625619,,completed,False,
CASE-00333,INV-000333,Invoice paid,2026-01-08T02:36:35.036902,Payment System,System,system,12659.39,EUR,NL,V3720,low,PO625619,,paid,False,
CASE-00334,INV-000334,Invoice received,2026-01-06T22:57:00,Coupa,System,system,13427.25,EUR,FR,V9012,high,PO983960,,completed,False,
CASE-00334,INV-000334,Validate invoice data,2026-01-06T23:21:00,Coupa,AP Clerk,ap13,13427.25,EUR,FR,V9012,high,PO983960,,completed,False,
CASE-00334,INV-000334,Check PO exists,2026-01-06T23:39:00,SAP,System,system,13427.25,EUR,FR,V9012,high,PO983960,,completed,False,
CASE-00334,INV-000334,Run three-way match,2026-01-07T00:09:00,SAP,System,system,13427.25,EUR,FR,V9012,high,PO983960,,completed,False,
CASE-00334,INV-000334,Classify exception,2026-01-07T00:21:00,ServiceNow,AP Clerk,ap13,13427.25,EUR,FR,V9012,high,PO983960,price_mismatch,completed,False,
CASE-00334,INV-000334,Create price mismatch ticket,2026-01-07T00:33:00,ServiceNow,System,system,13427.25,EUR,FR,V9012,high,PO983960,price_mismatch,completed,False,
CASE-00334,INV-000334,AP review price mismatch,2026-01-09T11:03:26.486837,ServiceNow,AP Clerk,ap13,13427.25,EUR,FR,V9012,high,PO983960,price_mismatch,completed,False,
CASE-00334,INV-000334,Correction for price mismatch,2026-01-10T07:06:41.554848,SAP,Procurement Specialist,ap13,13427.25,EUR,FR,V9012,high,PO983960,price_mismatch,completed,False,
CASE-00334,INV-000334,Run three-way match,2026-01-10T07:30:41.554848,SAP,System,system,13427.25,EUR,FR,V9012,high,PO983960,price_mismatch,completed,False,
CASE-00334,INV-000334,Run duplicate invoice check,2026-01-10T07:42:41.554848,SAP,System,system,13427.25,EUR,FR,V9012,high,PO983960,,completed,False,
CASE-00334,INV-000334,Check vendor risk,2026-01-10T07:54:41.554848,Vendor Master Data,System,system,13427.25,EUR,FR,V9012,high,PO983960,,completed,False,
CASE-00334,INV-000334,Compliance review,2026-01-12T10:15:03.690724,Vendor Master Data,Compliance Officer,ap13,13427.25,EUR,FR,V9012,high,PO983960,,completed,False,
CASE-00334,INV-000334,Check approval threshold,2026-01-12T10:21:03.690724,SAP,System,system,13427.25,EUR,FR,V9012,high,PO983960,,completed,False,
CASE-00334,INV-000334,Finance manager approval,2026-01-14T06:04:52.902103,SAP,Finance Manager,ap13,13427.25,EUR,FR,V9012,high,PO983960,,completed,False,
CASE-00334,INV-000334,Schedule payment,2026-01-14T12:24:55.983306,Payment System,System,system,13427.25,EUR,FR,V9012,high,PO983960,,completed,False,
CASE-00334,INV-000334,Send remittance notice,2026-01-14T12:30:55.983306,Payment System,System,system,13427.25,EUR,FR,V9012,high,PO983960,,completed,False,
CASE-00334,INV-000334,Invoice paid,2026-01-14T12:36:55.983306,Payment System,System,system,13427.25,EUR,FR,V9012,high,PO983960,,paid,False,
CASE-00335,INV-000335,Invoice received,2026-01-06T23:04:00,Coupa,System,system,14936.07,EUR,IT,V3489,medium,PO692500,,completed,False,
CASE-00335,INV-000335,Validate invoice data,2026-01-06T23:28:00,Coupa,AP Clerk,ap07,14936.07,EUR,IT,V3489,medium,PO692500,,completed,False,
CASE-00335,INV-000335,Check PO exists,2026-01-06T23:46:00,SAP,System,system,14936.07,EUR,IT,V3489,medium,PO692500,,completed,False,
CASE-00335,INV-000335,Run three-way match,2026-01-07T00:16:00,SAP,System,system,14936.07,EUR,IT,V3489,medium,PO692500,,completed,False,
CASE-00335,INV-000335,Run duplicate invoice check,2026-01-07T00:28:00,SAP,System,system,14936.07,EUR,IT,V3489,medium,PO692500,,completed,False,
CASE-00335,INV-000335,Check vendor risk,2026-01-07T00:40:00,Vendor Master Data,System,system,14936.07,EUR,IT,V3489,medium,PO692500,,completed,False,
CASE-00335,INV-000335,Check approval threshold,2026-01-07T00:46:00,SAP,System,system,14936.07,EUR,IT,V3489,medium,PO692500,,completed,False,
CASE-00335,INV-000335,Finance manager approval,2026-01-08T19:49:13.702339,SAP,Finance Manager,ap07,14936.07,EUR,IT,V3489,medium,PO692500,,completed,False,
CASE-00335,INV-000335,Schedule payment,2026-01-09T05:32:25.664311,Payment System,System,system,14936.07,EUR,IT,V3489,medium,PO692500,,completed,False,
CASE-00335,INV-000335,Send remittance notice,2026-01-09T05:38:25.664311,Payment System,System,system,14936.07,EUR,IT,V3489,medium,PO692500,,completed,False,
CASE-00335,INV-000335,Invoice paid,2026-01-09T05:44:25.664311,Payment System,System,system,14936.07,EUR,IT,V3489,medium,PO692500,,paid,False,
CASE-00336,INV-000336,Invoice received,2026-01-06T23:11:00,Coupa,System,system,15361.0,EUR,ES,V5496,low,PO954831,,completed,False,
CASE-00336,INV-000336,Validate invoice data,2026-01-06T23:35:00,Coupa,AP Clerk,ap19,15361.0,EUR,ES,V5496,low,PO954831,,completed,False,
CASE-00336,INV-000336,Check PO exists,2026-01-06T23:53:00,SAP,System,system,15361.0,EUR,ES,V5496,low,PO954831,,completed,False,
CASE-00336,INV-000336,Run three-way match,2026-01-07T00:23:00,SAP,System,system,15361.0,EUR,ES,V5496,low,PO954831,,completed,False,
CASE-00336,INV-000336,Classify exception,2026-01-07T00:35:00,ServiceNow,AP Clerk,ap19,15361.0,EUR,ES,V5496,low,PO954831,quantity_mismatch,completed,False,
CASE-00336,INV-000336,Create quantity mismatch ticket,2026-01-07T00:47:00,ServiceNow,System,system,15361.0,EUR,ES,V5496,low,PO954831,quantity_mismatch,completed,False,
CASE-00336,INV-000336,AP review quantity mismatch,2026-01-09T04:37:31.005293,ServiceNow,AP Clerk,ap19,15361.0,EUR,ES,V5496,low,PO954831,quantity_mismatch,completed,False,
CASE-00336,INV-000336,Correction for quantity mismatch,2026-01-10T00:43:11.353532,SAP,Procurement Specialist,ap19,15361.0,EUR,ES,V5496,low,PO954831,quantity_mismatch,completed,False,
CASE-00336,INV-000336,Run three-way match,2026-01-10T01:07:11.353532,SAP,System,system,15361.0,EUR,ES,V5496,low,PO954831,quantity_mismatch,completed,False,
CASE-00336,INV-000336,Run duplicate invoice check,2026-01-10T01:19:11.353532,SAP,System,system,15361.0,EUR,ES,V5496,low,PO954831,,completed,False,
CASE-00336,INV-000336,Check vendor risk,2026-01-10T01:31:11.353532,Vendor Master Data,System,system,15361.0,EUR,ES,V5496,low,PO954831,,completed,False,
CASE-00336,INV-000336,Check approval threshold,2026-01-10T01:37:11.353532,SAP,System,system,15361.0,EUR,ES,V5496,low,PO954831,,completed,False,
CASE-00336,INV-000336,Finance manager approval,2026-01-11T14:10:09.293076,SAP,Finance Manager,ap19,15361.0,EUR,ES,V5496,low,PO954831,,completed,False,
CASE-00336,INV-000336,Schedule payment,2026-01-12T02:07:28.575249,Payment System,System,system,15361.0,EUR,ES,V5496,low,PO954831,,completed,False,
CASE-00336,INV-000336,Send remittance notice,2026-01-12T02:13:28.575249,Payment System,System,system,15361.0,EUR,ES,V5496,low,PO954831,,completed,False,
CASE-00336,INV-000336,Invoice paid,2026-01-12T02:19:28.575249,Payment System,System,system,15361.0,EUR,ES,V5496,low,PO954831,,paid,False,
CASE-00337,INV-000337,Invoice received,2026-01-06T23:18:00,Coupa,System,system,2333.11,EUR,IT,V1466,low,PO424745,,completed,False,
CASE-00337,INV-000337,Validate invoice data,2026-01-06T23:42:00,Coupa,AP Clerk,ap01,2333.11,EUR,IT,V1466,low,PO424745,,completed,False,
CASE-00337,INV-000337,Check PO exists,2026-01-07T00:00:00,SAP,System,system,2333.11,EUR,IT,V1466,low,PO424745,,completed,False,
CASE-00337,INV-000337,Run three-way match,2026-01-07T00:30:00,SAP,System,system,2333.11,EUR,IT,V1466,low,PO424745,,completed,False,
CASE-00337,INV-000337,Classify exception,2026-01-07T00:42:00,ServiceNow,AP Clerk,ap01,2333.11,EUR,IT,V1466,low,PO424745,price_mismatch,completed,False,
CASE-00337,INV-000337,Create price mismatch ticket,2026-01-07T00:54:00,ServiceNow,System,system,2333.11,EUR,IT,V1466,low,PO424745,price_mismatch,completed,False,
CASE-00337,INV-000337,AP review price mismatch,2026-01-11T22:17:42.908292,ServiceNow,AP Clerk,ap01,2333.11,EUR,IT,V1466,low,PO424745,price_mismatch,completed,False,
CASE-00337,INV-000337,Correction for price mismatch,2026-01-12T13:21:15.559560,SAP,Procurement Specialist,ap01,2333.11,EUR,IT,V1466,low,PO424745,price_mismatch,completed,False,
CASE-00337,INV-000337,Run three-way match,2026-01-12T13:45:15.559560,SAP,System,system,2333.11,EUR,IT,V1466,low,PO424745,price_mismatch,completed,False,
CASE-00337,INV-000337,Run duplicate invoice check,2026-01-12T13:57:15.559560,SAP,System,system,2333.11,EUR,IT,V1466,low,PO424745,,completed,False,
CASE-00337,INV-000337,Check vendor risk,2026-01-12T14:09:15.559560,Vendor Master Data,System,system,2333.11,EUR,IT,V1466,low,PO424745,,completed,False,
CASE-00337,INV-000337,Check approval threshold,2026-01-12T14:15:15.559560,SAP,System,system,2333.11,EUR,IT,V1466,low,PO424745,,completed,False,
CASE-00337,INV-000337,Auto approve for payment scheduling,2026-01-12T14:21:15.559560,SAP,System,system,2333.11,EUR,IT,V1466,low,PO424745,,completed,False,
CASE-00337,INV-000337,Schedule payment,2026-01-13T02:17:41.794019,Payment System,System,system,2333.11,EUR,IT,V1466,low,PO424745,,completed,False,
CASE-00337,INV-000337,Send remittance notice,2026-01-13T02:23:41.794019,Payment System,System,system,2333.11,EUR,IT,V1466,low,PO424745,,completed,False,
CASE-00337,INV-000337,Invoice paid,2026-01-13T02:29:41.794019,Payment System,System,system,2333.11,EUR,IT,V1466,low,PO424745,,paid,False,
CASE-00338,INV-000338,Invoice received,2026-01-06T23:25:00,Coupa,System,system,7476.42,EUR,ES,V2322,low,PO445029,,completed,False,
CASE-00338,INV-000338,Validate invoice data,2026-01-06T23:49:00,Coupa,AP Clerk,ap12,7476.42,EUR,ES,V2322,low,PO445029,,completed,False,
CASE-00338,INV-000338,Check PO exists,2026-01-07T00:07:00,SAP,System,system,7476.42,EUR,ES,V2322,low,PO445029,,completed,False,
CASE-00338,INV-000338,Create missing PO exception,2026-01-07T00:19:00,ServiceNow,System,system,7476.42,EUR,ES,V2322,low,PO445029,missing_po,completed,False,
CASE-00338,INV-000338,AP review missing PO,2026-01-10T14:04:05.042962,ServiceNow,AP Clerk,ap12,7476.42,EUR,ES,V2322,low,PO445029,missing_po,completed,False,
CASE-00338,INV-000338,Procurement correction,2026-01-11T14:15:24.482791,SAP,Procurement Specialist,ap12,7476.42,EUR,ES,V2322,low,PO445029,missing_po,completed,False,
CASE-00338,INV-000338,Check PO exists,2026-01-11T14:27:24.482791,SAP,System,system,7476.42,EUR,ES,V2322,low,PO445029,missing_po,completed,False,
CASE-00338,INV-000338,Run three-way match,2026-01-11T14:57:24.482791,SAP,System,system,7476.42,EUR,ES,V2322,low,PO445029,,completed,False,
CASE-00338,INV-000338,Run duplicate invoice check,2026-01-11T15:09:24.482791,SAP,System,system,7476.42,EUR,ES,V2322,low,PO445029,,completed,False,
CASE-00338,INV-000338,Check vendor risk,2026-01-11T15:21:24.482791,Vendor Master Data,System,system,7476.42,EUR,ES,V2322,low,PO445029,,completed,False,
CASE-00338,INV-000338,Check approval threshold,2026-01-11T15:27:24.482791,SAP,System,system,7476.42,EUR,ES,V2322,low,PO445029,,completed,False,
CASE-00338,INV-000338,Auto approve for payment scheduling,2026-01-11T15:33:24.482791,SAP,System,system,7476.42,EUR,ES,V2322,low,PO445029,,completed,False,
CASE-00338,INV-000338,Schedule payment,2026-01-12T01:35:48.835387,Payment System,System,system,7476.42,EUR,ES,V2322,low,PO445029,,completed,False,
CASE-00338,INV-000338,Send remittance notice,2026-01-12T01:41:48.835387,Payment System,System,system,7476.42,EUR,ES,V2322,low,PO445029,,completed,False,
CASE-00338,INV-000338,Invoice paid,2026-01-12T01:47:48.835387,Payment System,System,system,7476.42,EUR,ES,V2322,low,PO445029,,paid,False,
CASE-00339,INV-000339,Invoice received,2026-01-06T23:32:00,Coupa,System,system,8619.16,EUR,DE,V9743,low,PO975067,,completed,False,
CASE-00339,INV-000339,Validate invoice data,2026-01-06T23:56:00,Coupa,AP Clerk,ap01,8619.16,EUR,DE,V9743,low,PO975067,,completed,False,
CASE-00339,INV-000339,Check PO exists,2026-01-07T00:14:00,SAP,System,system,8619.16,EUR,DE,V9743,low,PO975067,,completed,False,
CASE-00339,INV-000339,Run three-way match,2026-01-07T00:44:00,SAP,System,system,8619.16,EUR,DE,V9743,low,PO975067,,completed,False,
CASE-00339,INV-000339,Run duplicate invoice check,2026-01-07T00:56:00,SAP,System,system,8619.16,EUR,DE,V9743,low,PO975067,,completed,False,
CASE-00339,INV-000339,Check vendor risk,2026-01-07T01:08:00,Vendor Master Data,System,system,8619.16,EUR,DE,V9743,low,PO975067,,completed,False,
CASE-00339,INV-000339,Check approval threshold,2026-01-07T01:14:00,SAP,System,system,8619.16,EUR,DE,V9743,low,PO975067,,completed,False,
CASE-00339,INV-000339,Auto approve for payment scheduling,2026-01-07T01:20:00,SAP,System,system,8619.16,EUR,DE,V9743,low,PO975067,,completed,False,
CASE-00339,INV-000339,Schedule payment,2026-01-07T08:56:47.063176,Payment System,System,system,8619.16,EUR,DE,V9743,low,PO975067,,completed,False,
CASE-00339,INV-000339,Send remittance notice,2026-01-07T09:02:47.063176,Payment System,System,system,8619.16,EUR,DE,V9743,low,PO975067,,completed,False,
CASE-00339,INV-000339,Invoice paid,2026-01-07T09:08:47.063176,Payment System,System,system,8619.16,EUR,DE,V9743,low,PO975067,,paid,False,
CASE-00340,INV-000340,Invoice received,2026-01-06T23:39:00,Coupa,System,system,3000.8,EUR,NL,V2062,low,PO525171,,completed,False,
CASE-00340,INV-000340,Validate invoice data,2026-01-07T00:03:00,Coupa,AP Clerk,ap02,3000.8,EUR,NL,V2062,low,PO525171,,completed,False,
CASE-00340,INV-000340,Check PO exists,2026-01-07T00:21:00,SAP,System,system,3000.8,EUR,NL,V2062,low,PO525171,,completed,False,
CASE-00340,INV-000340,Run three-way match,2026-01-07T00:51:00,SAP,System,system,3000.8,EUR,NL,V2062,low,PO525171,,completed,False,
CASE-00340,INV-000340,Classify exception,2026-01-07T01:03:00,ServiceNow,AP Clerk,ap02,3000.8,EUR,NL,V2062,low,PO525171,price_mismatch,completed,False,
CASE-00340,INV-000340,Create price mismatch ticket,2026-01-07T01:15:00,ServiceNow,System,system,3000.8,EUR,NL,V2062,low,PO525171,price_mismatch,completed,False,
CASE-00340,INV-000340,AP review price mismatch,2026-01-11T01:56:33.908794,ServiceNow,AP Clerk,ap02,3000.8,EUR,NL,V2062,low,PO525171,price_mismatch,completed,False,
CASE-00340,INV-000340,Correction for price mismatch,2026-01-11T06:03:55.950596,SAP,Procurement Specialist,ap02,3000.8,EUR,NL,V2062,low,PO525171,price_mismatch,completed,False,
CASE-00340,INV-000340,Run three-way match,2026-01-11T06:27:55.950596,SAP,System,system,3000.8,EUR,NL,V2062,low,PO525171,price_mismatch,completed,False,
CASE-00340,INV-000340,Run duplicate invoice check,2026-01-11T06:39:55.950596,SAP,System,system,3000.8,EUR,NL,V2062,low,PO525171,,completed,False,
CASE-00340,INV-000340,Check vendor risk,2026-01-11T06:51:55.950596,Vendor Master Data,System,system,3000.8,EUR,NL,V2062,low,PO525171,,completed,False,
CASE-00340,INV-000340,Check approval threshold,2026-01-11T06:57:55.950596,SAP,System,system,3000.8,EUR,NL,V2062,low,PO525171,,completed,False,
CASE-00340,INV-000340,Auto approve for payment scheduling,2026-01-11T07:03:55.950596,SAP,System,system,3000.8,EUR,NL,V2062,low,PO525171,,completed,False,
CASE-00340,INV-000340,Schedule payment,2026-01-11T17:23:21.721305,Payment System,System,system,3000.8,EUR,NL,V2062,low,PO525171,,completed,False,
CASE-00340,INV-000340,Send remittance notice,2026-01-11T17:29:21.721305,Payment System,System,system,3000.8,EUR,NL,V2062,low,PO525171,,completed,False,
CASE-00340,INV-000340,Invoice paid,2026-01-11T17:35:21.721305,Payment System,System,system,3000.8,EUR,NL,V2062,low,PO525171,,paid,False,
CASE-00341,INV-000341,Invoice received,2026-01-06T23:46:00,Coupa,System,system,14629.78,EUR,DE,V5363,low,PO954253,,completed,False,
CASE-00341,INV-000341,Validate invoice data,2026-01-07T00:10:00,Coupa,AP Clerk,ap12,14629.78,EUR,DE,V5363,low,PO954253,,completed,False,
CASE-00341,INV-000341,Check PO exists,2026-01-07T00:28:00,SAP,System,system,14629.78,EUR,DE,V5363,low,PO954253,,completed,False,
CASE-00341,INV-000341,Run three-way match,2026-01-07T00:58:00,SAP,System,system,14629.78,EUR,DE,V5363,low,PO954253,,completed,False,
CASE-00341,INV-000341,Run duplicate invoice check,2026-01-07T01:10:00,SAP,System,system,14629.78,EUR,DE,V5363,low,PO954253,,completed,False,
CASE-00341,INV-000341,Check vendor risk,2026-01-07T01:22:00,Vendor Master Data,System,system,14629.78,EUR,DE,V5363,low,PO954253,,completed,False,
CASE-00341,INV-000341,Check approval threshold,2026-01-07T01:28:00,SAP,System,system,14629.78,EUR,DE,V5363,low,PO954253,,completed,False,
CASE-00341,INV-000341,Finance manager approval,2026-01-08T11:41:23.708628,SAP,Finance Manager,ap12,14629.78,EUR,DE,V5363,low,PO954253,,completed,False,
CASE-00341,INV-000341,Schedule payment,2026-01-08T17:48:42.865461,Payment System,System,system,14629.78,EUR,DE,V5363,low,PO954253,,completed,False,
CASE-00341,INV-000341,Send remittance notice,2026-01-08T17:54:42.865461,Payment System,System,system,14629.78,EUR,DE,V5363,low,PO954253,,completed,False,
CASE-00341,INV-000341,Invoice paid,2026-01-08T18:00:42.865461,Payment System,System,system,14629.78,EUR,DE,V5363,low,PO954253,,paid,False,
CASE-00342,INV-000342,Invoice received,2026-01-06T23:53:00,Coupa,System,system,9535.24,EUR,FR,V2515,medium,PO879239,,completed,False,
CASE-00342,INV-000342,Validate invoice data,2026-01-07T00:17:00,Coupa,AP Clerk,ap23,9535.24,EUR,FR,V2515,medium,PO879239,,completed,False,
CASE-00342,INV-000342,Check PO exists,2026-01-07T00:35:00,SAP,System,system,9535.24,EUR,FR,V2515,medium,PO879239,,completed,False,
CASE-00342,INV-000342,Run three-way match,2026-01-07T01:05:00,SAP,System,system,9535.24,EUR,FR,V2515,medium,PO879239,,completed,False,
CASE-00342,INV-000342,Classify exception,2026-01-07T01:17:00,ServiceNow,AP Clerk,ap23,9535.24,EUR,FR,V2515,medium,PO879239,price_mismatch,completed,False,
CASE-00342,INV-000342,Create price mismatch ticket,2026-01-07T01:29:00,ServiceNow,System,system,9535.24,EUR,FR,V2515,medium,PO879239,price_mismatch,completed,False,
CASE-00342,INV-000342,AP review price mismatch,2026-01-09T08:42:19.098335,ServiceNow,AP Clerk,ap23,9535.24,EUR,FR,V2515,medium,PO879239,price_mismatch,completed,False,
CASE-00342,INV-000342,Correction for price mismatch,2026-01-10T00:03:23.818953,SAP,Procurement Specialist,ap23,9535.24,EUR,FR,V2515,medium,PO879239,price_mismatch,completed,False,
CASE-00342,INV-000342,Run three-way match,2026-01-10T00:27:23.818953,SAP,System,system,9535.24,EUR,FR,V2515,medium,PO879239,price_mismatch,completed,False,
CASE-00342,INV-000342,Run duplicate invoice check,2026-01-10T00:39:23.818953,SAP,System,system,9535.24,EUR,FR,V2515,medium,PO879239,,completed,False,
CASE-00342,INV-000342,Check vendor risk,2026-01-10T00:51:23.818953,Vendor Master Data,System,system,9535.24,EUR,FR,V2515,medium,PO879239,,completed,False,
CASE-00342,INV-000342,Check approval threshold,2026-01-10T00:57:23.818953,SAP,System,system,9535.24,EUR,FR,V2515,medium,PO879239,,completed,False,
CASE-00342,INV-000342,Auto approve for payment scheduling,2026-01-10T01:03:23.818953,SAP,System,system,9535.24,EUR,FR,V2515,medium,PO879239,,completed,False,
CASE-00342,INV-000342,Schedule payment,2026-01-10T11:11:35.152720,Payment System,System,system,9535.24,EUR,FR,V2515,medium,PO879239,,completed,False,
CASE-00342,INV-000342,Send remittance notice,2026-01-10T11:17:35.152720,Payment System,System,system,9535.24,EUR,FR,V2515,medium,PO879239,,completed,False,
CASE-00342,INV-000342,Invoice paid,2026-01-10T11:23:35.152720,Payment System,System,system,9535.24,EUR,FR,V2515,medium,PO879239,,paid,False,
CASE-00343,INV-000343,Invoice received,2026-01-07T00:00:00,Coupa,System,system,11526.25,EUR,FR,V7138,low,PO403525,,completed,False,
CASE-00343,INV-000343,Validate invoice data,2026-01-07T00:24:00,Coupa,AP Clerk,ap22,11526.25,EUR,FR,V7138,low,PO403525,,completed,False,
CASE-00343,INV-000343,Check PO exists,2026-01-07T00:42:00,SAP,System,system,11526.25,EUR,FR,V7138,low,PO403525,,completed,False,
CASE-00343,INV-000343,Run three-way match,2026-01-07T01:12:00,SAP,System,system,11526.25,EUR,FR,V7138,low,PO403525,,completed,False,
CASE-00343,INV-000343,Classify exception,2026-01-07T01:24:00,ServiceNow,AP Clerk,ap22,11526.25,EUR,FR,V7138,low,PO403525,quantity_mismatch,completed,False,
CASE-00343,INV-000343,Create quantity mismatch ticket,2026-01-07T01:36:00,ServiceNow,System,system,11526.25,EUR,FR,V7138,low,PO403525,quantity_mismatch,completed,False,
CASE-00343,INV-000343,AP review quantity mismatch,2026-01-08T12:14:55.924114,ServiceNow,AP Clerk,ap22,11526.25,EUR,FR,V7138,low,PO403525,quantity_mismatch,completed,False,
CASE-00343,INV-000343,Correction for quantity mismatch,2026-01-08T21:32:52.616363,SAP,Procurement Specialist,ap22,11526.25,EUR,FR,V7138,low,PO403525,quantity_mismatch,completed,False,
CASE-00343,INV-000343,Run three-way match,2026-01-08T21:56:52.616363,SAP,System,system,11526.25,EUR,FR,V7138,low,PO403525,quantity_mismatch,completed,False,
CASE-00343,INV-000343,Run duplicate invoice check,2026-01-08T22:08:52.616363,SAP,System,system,11526.25,EUR,FR,V7138,low,PO403525,,completed,False,
CASE-00343,INV-000343,Check vendor risk,2026-01-08T22:20:52.616363,Vendor Master Data,System,system,11526.25,EUR,FR,V7138,low,PO403525,,completed,False,
CASE-00343,INV-000343,Check approval threshold,2026-01-08T22:26:52.616363,SAP,System,system,11526.25,EUR,FR,V7138,low,PO403525,,completed,False,
CASE-00343,INV-000343,Finance manager approval,2026-01-09T07:08:24.137165,SAP,Finance Manager,ap22,11526.25,EUR,FR,V7138,low,PO403525,,completed,False,
CASE-00343,INV-000343,Schedule payment,2026-01-09T12:00:17.753820,Payment System,System,system,11526.25,EUR,FR,V7138,low,PO403525,,completed,False,
CASE-00343,INV-000343,Send remittance notice,2026-01-09T12:06:17.753820,Payment System,System,system,11526.25,EUR,FR,V7138,low,PO403525,,completed,False,
CASE-00343,INV-000343,Invoice paid,2026-01-09T12:12:17.753820,Payment System,System,system,11526.25,EUR,FR,V7138,low,PO403525,,paid,False,
CASE-00344,INV-000344,Invoice received,2026-01-07T00:07:00,Coupa,System,system,22133.89,EUR,FR,V5451,low,PO145885,,completed,False,
CASE-00344,INV-000344,Validate invoice data,2026-01-07T00:31:00,Coupa,AP Clerk,ap09,22133.89,EUR,FR,V5451,low,PO145885,,completed,False,
CASE-00344,INV-000344,Check PO exists,2026-01-07T00:49:00,SAP,System,system,22133.89,EUR,FR,V5451,low,PO145885,,completed,False,
CASE-00344,INV-000344,Run three-way match,2026-01-07T01:19:00,SAP,System,system,22133.89,EUR,FR,V5451,low,PO145885,,completed,False,
CASE-00344,INV-000344,Classify exception,2026-01-07T01:31:00,ServiceNow,AP Clerk,ap09,22133.89,EUR,FR,V5451,low,PO145885,price_mismatch,completed,False,
CASE-00344,INV-000344,Create price mismatch ticket,2026-01-07T01:43:00,ServiceNow,System,system,22133.89,EUR,FR,V5451,low,PO145885,price_mismatch,completed,False,
CASE-00344,INV-000344,AP review price mismatch,2026-01-09T19:34:34.400581,ServiceNow,AP Clerk,ap09,22133.89,EUR,FR,V5451,low,PO145885,price_mismatch,completed,False,
CASE-00344,INV-000344,Correction for price mismatch,2026-01-10T06:50:09.585772,SAP,Procurement Specialist,ap09,22133.89,EUR,FR,V5451,low,PO145885,price_mismatch,completed,False,
CASE-00344,INV-000344,Run three-way match,2026-01-10T07:14:09.585772,SAP,System,system,22133.89,EUR,FR,V5451,low,PO145885,price_mismatch,completed,False,
CASE-00344,INV-000344,Run duplicate invoice check,2026-01-10T07:26:09.585772,SAP,System,system,22133.89,EUR,FR,V5451,low,PO145885,,completed,False,
CASE-00344,INV-000344,Check vendor risk,2026-01-10T07:38:09.585772,Vendor Master Data,System,system,22133.89,EUR,FR,V5451,low,PO145885,,completed,False,
CASE-00344,INV-000344,Check approval threshold,2026-01-10T07:44:09.585772,SAP,System,system,22133.89,EUR,FR,V5451,low,PO145885,,completed,False,
CASE-00344,INV-000344,Finance manager approval,2026-01-12T03:33:43.899235,SAP,Finance Manager,ap09,22133.89,EUR,FR,V5451,low,PO145885,,completed,False,
CASE-00344,INV-000344,Schedule payment,2026-01-12T12:28:33.629747,Payment System,System,system,22133.89,EUR,FR,V5451,low,PO145885,,completed,False,
CASE-00344,INV-000344,Send remittance notice,2026-01-12T12:34:33.629747,Payment System,System,system,22133.89,EUR,FR,V5451,low,PO145885,,completed,False,
CASE-00344,INV-000344,Invoice paid,2026-01-12T12:40:33.629747,Payment System,System,system,22133.89,EUR,FR,V5451,low,PO145885,,paid,False,
CASE-00345,INV-000345,Invoice received,2026-01-07T00:14:00,Coupa,System,system,8354.96,EUR,ES,V1739,low,PO602615,,completed,False,
CASE-00345,INV-000345,Validate invoice data,2026-01-07T00:38:00,Coupa,AP Clerk,ap05,8354.96,EUR,ES,V1739,low,PO602615,,completed,False,
CASE-00345,INV-000345,Check PO exists,2026-01-07T00:56:00,SAP,System,system,8354.96,EUR,ES,V1739,low,PO602615,,completed,False,
CASE-00345,INV-000345,Create missing PO exception,2026-01-07T01:08:00,ServiceNow,System,system,8354.96,EUR,ES,V1739,low,PO602615,missing_po,completed,False,
CASE-00345,INV-000345,AP review missing PO,2026-01-11T07:12:11.803358,ServiceNow,AP Clerk,ap05,8354.96,EUR,ES,V1739,low,PO602615,missing_po,completed,False,
CASE-00345,INV-000345,Procurement correction,2026-01-12T17:50:49.322005,SAP,Procurement Specialist,ap05,8354.96,EUR,ES,V1739,low,PO602615,missing_po,completed,False,
CASE-00345,INV-000345,Check PO exists,2026-01-12T18:02:49.322005,SAP,System,system,8354.96,EUR,ES,V1739,low,PO602615,missing_po,completed,False,
CASE-00345,INV-000345,Run three-way match,2026-01-12T18:32:49.322005,SAP,System,system,8354.96,EUR,ES,V1739,low,PO602615,,completed,False,
CASE-00345,INV-000345,Run duplicate invoice check,2026-01-12T18:44:49.322005,SAP,System,system,8354.96,EUR,ES,V1739,low,PO602615,,completed,False,
CASE-00345,INV-000345,Check vendor risk,2026-01-12T18:56:49.322005,Vendor Master Data,System,system,8354.96,EUR,ES,V1739,low,PO602615,,completed,False,
CASE-00345,INV-000345,Check approval threshold,2026-01-12T19:02:49.322005,SAP,System,system,8354.96,EUR,ES,V1739,low,PO602615,,completed,False,
CASE-00345,INV-000345,Auto approve for payment scheduling,2026-01-12T19:08:49.322005,SAP,System,system,8354.96,EUR,ES,V1739,low,PO602615,,completed,False,
CASE-00345,INV-000345,Schedule payment,2026-01-13T00:41:44.845440,Payment System,System,system,8354.96,EUR,ES,V1739,low,PO602615,,completed,False,
CASE-00345,INV-000345,Send remittance notice,2026-01-13T00:47:44.845440,Payment System,System,system,8354.96,EUR,ES,V1739,low,PO602615,,completed,False,
CASE-00345,INV-000345,Invoice paid,2026-01-13T00:53:44.845440,Payment System,System,system,8354.96,EUR,ES,V1739,low,PO602615,,paid,False,
CASE-00346,INV-000346,Invoice received,2026-01-07T00:21:00,Coupa,System,system,14749.83,EUR,ES,V3069,medium,PO766589,,completed,False,
CASE-00346,INV-000346,Validate invoice data,2026-01-07T00:45:00,Coupa,AP Clerk,ap09,14749.83,EUR,ES,V3069,medium,PO766589,,completed,False,
CASE-00346,INV-000346,Manual Email Review,2026-01-08T07:14:11.432927,Email and Excel,AP Clerk,ap09,14749.83,EUR,ES,V3069,medium,PO766589,,completed,True,Manual Email Review
CASE-00346,INV-000346,Check PO exists,2026-01-08T07:32:11.432927,SAP,System,system,14749.83,EUR,ES,V3069,medium,PO766589,,completed,False,
CASE-00346,INV-000346,Run three-way match,2026-01-08T08:02:11.432927,SAP,System,system,14749.83,EUR,ES,V3069,medium,PO766589,,completed,False,
CASE-00346,INV-000346,Classify exception,2026-01-08T08:14:11.432927,ServiceNow,AP Clerk,ap09,14749.83,EUR,ES,V3069,medium,PO766589,price_mismatch,completed,False,
CASE-00346,INV-000346,Create price mismatch ticket,2026-01-08T08:26:11.432927,ServiceNow,System,system,14749.83,EUR,ES,V3069,medium,PO766589,price_mismatch,completed,False,
CASE-00346,INV-000346,AP review price mismatch,2026-01-10T16:50:05.006923,ServiceNow,AP Clerk,ap09,14749.83,EUR,ES,V3069,medium,PO766589,price_mismatch,completed,False,
CASE-00346,INV-000346,Correction for price mismatch,2026-01-10T23:40:00.648437,SAP,Procurement Specialist,ap09,14749.83,EUR,ES,V3069,medium,PO766589,price_mismatch,completed,False,
CASE-00346,INV-000346,Run three-way match,2026-01-11T00:04:00.648437,SAP,System,system,14749.83,EUR,ES,V3069,medium,PO766589,price_mismatch,completed,False,
CASE-00346,INV-000346,Run duplicate invoice check,2026-01-11T00:16:00.648437,SAP,System,system,14749.83,EUR,ES,V3069,medium,PO766589,,completed,False,
CASE-00346,INV-000346,Check vendor risk,2026-01-11T00:28:00.648437,Vendor Master Data,System,system,14749.83,EUR,ES,V3069,medium,PO766589,,completed,False,
CASE-00346,INV-000346,Check approval threshold,2026-01-11T00:34:00.648437,SAP,System,system,14749.83,EUR,ES,V3069,medium,PO766589,,completed,False,
CASE-00346,INV-000346,Finance manager approval,2026-01-12T22:16:42.103336,SAP,Finance Manager,ap09,14749.83,EUR,ES,V3069,medium,PO766589,,completed,False,
CASE-00346,INV-000346,Schedule payment,2026-01-13T07:29:54.232534,Payment System,System,system,14749.83,EUR,ES,V3069,medium,PO766589,,completed,False,
CASE-00346,INV-000346,Send remittance notice,2026-01-13T07:35:54.232534,Payment System,System,system,14749.83,EUR,ES,V3069,medium,PO766589,,completed,False,
CASE-00346,INV-000346,Invoice paid,2026-01-13T07:41:54.232534,Payment System,System,system,14749.83,EUR,ES,V3069,medium,PO766589,,paid,False,
CASE-00347,INV-000347,Invoice received,2026-01-07T00:28:00,Coupa,System,system,15576.68,EUR,FR,V9306,low,PO315329,,completed,False,
CASE-00347,INV-000347,Validate invoice data,2026-01-07T00:52:00,Coupa,AP Clerk,ap07,15576.68,EUR,FR,V9306,low,PO315329,,completed,False,
CASE-00347,INV-000347,Check PO exists,2026-01-07T01:10:00,SAP,System,system,15576.68,EUR,FR,V9306,low,PO315329,,completed,False,
CASE-00347,INV-000347,Run three-way match,2026-01-07T01:40:00,SAP,System,system,15576.68,EUR,FR,V9306,low,PO315329,,completed,False,
CASE-00347,INV-000347,Classify exception,2026-01-07T01:52:00,ServiceNow,AP Clerk,ap07,15576.68,EUR,FR,V9306,low,PO315329,price_mismatch,completed,False,
CASE-00347,INV-000347,Create price mismatch ticket,2026-01-07T02:04:00,ServiceNow,System,system,15576.68,EUR,FR,V9306,low,PO315329,price_mismatch,completed,False,
CASE-00347,INV-000347,AP review price mismatch,2026-01-10T19:20:41.844811,ServiceNow,AP Clerk,ap07,15576.68,EUR,FR,V9306,low,PO315329,price_mismatch,completed,False,
CASE-00347,INV-000347,Correction for price mismatch,2026-01-11T14:07:26.784935,SAP,Procurement Specialist,ap07,15576.68,EUR,FR,V9306,low,PO315329,price_mismatch,completed,False,
CASE-00347,INV-000347,Run three-way match,2026-01-11T14:31:26.784935,SAP,System,system,15576.68,EUR,FR,V9306,low,PO315329,price_mismatch,completed,False,
CASE-00347,INV-000347,Run duplicate invoice check,2026-01-11T14:43:26.784935,SAP,System,system,15576.68,EUR,FR,V9306,low,PO315329,,completed,False,
CASE-00347,INV-000347,Check vendor risk,2026-01-11T14:55:26.784935,Vendor Master Data,System,system,15576.68,EUR,FR,V9306,low,PO315329,,completed,False,
CASE-00347,INV-000347,Check approval threshold,2026-01-11T15:01:26.784935,SAP,System,system,15576.68,EUR,FR,V9306,low,PO315329,,completed,False,
CASE-00347,INV-000347,Finance manager approval,2026-01-13T03:27:50.969356,SAP,Finance Manager,ap07,15576.68,EUR,FR,V9306,low,PO315329,,completed,False,
CASE-00347,INV-000347,Schedule payment,2026-01-13T09:21:16.287446,Payment System,System,system,15576.68,EUR,FR,V9306,low,PO315329,,completed,False,
CASE-00347,INV-000347,Send remittance notice,2026-01-13T09:27:16.287446,Payment System,System,system,15576.68,EUR,FR,V9306,low,PO315329,,completed,False,
CASE-00347,INV-000347,Invoice paid,2026-01-13T09:33:16.287446,Payment System,System,system,15576.68,EUR,FR,V9306,low,PO315329,,paid,False,
CASE-00348,INV-000348,Invoice received,2026-01-07T00:35:00,Coupa,System,system,2394.38,EUR,ES,V2662,low,PO782094,,completed,False,
CASE-00348,INV-000348,Validate invoice data,2026-01-07T00:59:00,Coupa,AP Clerk,ap14,2394.38,EUR,ES,V2662,low,PO782094,,completed,False,
CASE-00348,INV-000348,Check PO exists,2026-01-07T01:17:00,SAP,System,system,2394.38,EUR,ES,V2662,low,PO782094,,completed,False,
CASE-00348,INV-000348,Run three-way match,2026-01-07T01:47:00,SAP,System,system,2394.38,EUR,ES,V2662,low,PO782094,,completed,False,
CASE-00348,INV-000348,Classify exception,2026-01-07T01:59:00,ServiceNow,AP Clerk,ap14,2394.38,EUR,ES,V2662,low,PO782094,quantity_mismatch,completed,False,
CASE-00348,INV-000348,Create quantity mismatch ticket,2026-01-07T02:11:00,ServiceNow,System,system,2394.38,EUR,ES,V2662,low,PO782094,quantity_mismatch,completed,False,
CASE-00348,INV-000348,AP review quantity mismatch,2026-01-11T01:36:27.819566,ServiceNow,AP Clerk,ap14,2394.38,EUR,ES,V2662,low,PO782094,quantity_mismatch,completed,False,
CASE-00348,INV-000348,Correction for quantity mismatch,2026-01-11T08:00:29.502641,SAP,Procurement Specialist,ap14,2394.38,EUR,ES,V2662,low,PO782094,quantity_mismatch,completed,False,
CASE-00348,INV-000348,Run three-way match,2026-01-11T08:24:29.502641,SAP,System,system,2394.38,EUR,ES,V2662,low,PO782094,quantity_mismatch,completed,False,
CASE-00348,INV-000348,Run duplicate invoice check,2026-01-11T08:36:29.502641,SAP,System,system,2394.38,EUR,ES,V2662,low,PO782094,,completed,False,
CASE-00348,INV-000348,Check vendor risk,2026-01-11T08:48:29.502641,Vendor Master Data,System,system,2394.38,EUR,ES,V2662,low,PO782094,,completed,False,
CASE-00348,INV-000348,Check approval threshold,2026-01-11T08:54:29.502641,SAP,System,system,2394.38,EUR,ES,V2662,low,PO782094,,completed,False,
CASE-00348,INV-000348,Auto approve for payment scheduling,2026-01-11T09:00:29.502641,SAP,System,system,2394.38,EUR,ES,V2662,low,PO782094,,completed,False,
CASE-00348,INV-000348,Schedule payment,2026-01-11T19:03:44.425149,Payment System,System,system,2394.38,EUR,ES,V2662,low,PO782094,,completed,False,
CASE-00348,INV-000348,Send remittance notice,2026-01-11T19:09:44.425149,Payment System,System,system,2394.38,EUR,ES,V2662,low,PO782094,,completed,False,
CASE-00348,INV-000348,Invoice paid,2026-01-11T19:15:44.425149,Payment System,System,system,2394.38,EUR,ES,V2662,low,PO782094,,paid,False,
CASE-00349,INV-000349,Invoice received,2026-01-07T00:42:00,Coupa,System,system,12597.09,EUR,ES,V1818,low,PO811825,,completed,False,
CASE-00349,INV-000349,Validate invoice data,2026-01-07T01:06:00,Coupa,AP Clerk,ap25,12597.09,EUR,ES,V1818,low,PO811825,,completed,False,
CASE-00349,INV-000349,Check PO exists,2026-01-07T01:24:00,SAP,System,system,12597.09,EUR,ES,V1818,low,PO811825,,completed,False,
CASE-00349,INV-000349,Run three-way match,2026-01-07T01:54:00,SAP,System,system,12597.09,EUR,ES,V1818,low,PO811825,,completed,False,
CASE-00349,INV-000349,Run duplicate invoice check,2026-01-07T02:06:00,SAP,System,system,12597.09,EUR,ES,V1818,low,PO811825,,completed,False,
CASE-00349,INV-000349,Check vendor risk,2026-01-07T02:18:00,Vendor Master Data,System,system,12597.09,EUR,ES,V1818,low,PO811825,,completed,False,
CASE-00349,INV-000349,Check approval threshold,2026-01-07T02:24:00,SAP,System,system,12597.09,EUR,ES,V1818,low,PO811825,,completed,False,
CASE-00349,INV-000349,Finance manager approval,2026-01-07T10:36:22.381192,SAP,Finance Manager,ap25,12597.09,EUR,ES,V1818,low,PO811825,,completed,False,
CASE-00349,INV-000349,Schedule payment,2026-01-07T19:25:42.957342,Payment System,System,system,12597.09,EUR,ES,V1818,low,PO811825,,completed,False,
CASE-00349,INV-000349,Send remittance notice,2026-01-07T19:31:42.957342,Payment System,System,system,12597.09,EUR,ES,V1818,low,PO811825,,completed,False,
CASE-00349,INV-000349,Invoice paid,2026-01-07T19:37:42.957342,Payment System,System,system,12597.09,EUR,ES,V1818,low,PO811825,,paid,False,
CASE-00350,INV-000350,Invoice received,2026-01-07T00:49:00,Coupa,System,system,627.41,EUR,NL,V6081,low,PO719804,,completed,False,
CASE-00350,INV-000350,Validate invoice data,2026-01-07T01:13:00,Coupa,AP Clerk,ap20,627.41,EUR,NL,V6081,low,PO719804,,completed,False,
CASE-00350,INV-000350,Check PO exists,2026-01-07T01:31:00,SAP,System,system,627.41,EUR,NL,V6081,low,PO719804,,completed,False,
CASE-00350,INV-000350,Run three-way match,2026-01-07T02:01:00,SAP,System,system,627.41,EUR,NL,V6081,low,PO719804,,completed,False,
CASE-00350,INV-000350,Run duplicate invoice check,2026-01-07T02:13:00,SAP,System,system,627.41,EUR,NL,V6081,low,PO719804,,completed,False,
CASE-00350,INV-000350,Check vendor risk,2026-01-07T02:25:00,Vendor Master Data,System,system,627.41,EUR,NL,V6081,low,PO719804,,completed,False,
CASE-00350,INV-000350,Check approval threshold,2026-01-07T02:31:00,SAP,System,system,627.41,EUR,NL,V6081,low,PO719804,,completed,False,
CASE-00350,INV-000350,Auto approve for payment scheduling,2026-01-07T02:37:00,SAP,System,system,627.41,EUR,NL,V6081,low,PO719804,,completed,False,
CASE-00350,INV-000350,Schedule payment,2026-01-07T08:01:48.735196,Payment System,System,system,627.41,EUR,NL,V6081,low,PO719804,,completed,False,
CASE-00350,INV-000350,Send remittance notice,2026-01-07T08:07:48.735196,Payment System,System,system,627.41,EUR,NL,V6081,low,PO719804,,completed,False,
CASE-00350,INV-000350,Invoice paid,2026-01-07T08:13:48.735196,Payment System,System,system,627.41,EUR,NL,V6081,low,PO719804,,paid,False,
CASE-00351,INV-000351,Invoice received,2026-01-07T00:56:00,Coupa,System,system,17942.38,EUR,ES,V4969,low,PO555533,,completed,False,
CASE-00351,INV-000351,Validate invoice data,2026-01-07T01:20:00,Coupa,AP Clerk,ap04,17942.38,EUR,ES,V4969,low,PO555533,,completed,False,
CASE-00351,INV-000351,Check PO exists,2026-01-07T01:38:00,SAP,System,system,17942.38,EUR,ES,V4969,low,PO555533,,completed,False,
CASE-00351,INV-000351,Create missing PO exception,2026-01-07T01:50:00,ServiceNow,System,system,17942.38,EUR,ES,V4969,low,PO555533,missing_po,completed,False,
CASE-00351,INV-000351,AP review missing PO,2026-01-09T07:42:37.293805,ServiceNow,AP Clerk,ap04,17942.38,EUR,ES,V4969,low,PO555533,missing_po,completed,False,
CASE-00351,INV-000351,Procurement correction,2026-01-10T01:24:28.620741,SAP,Procurement Specialist,ap04,17942.38,EUR,ES,V4969,low,PO555533,missing_po,completed,False,
CASE-00351,INV-000351,Check PO exists,2026-01-10T01:36:28.620741,SAP,System,system,17942.38,EUR,ES,V4969,low,PO555533,missing_po,completed,False,
CASE-00351,INV-000351,Run three-way match,2026-01-10T02:06:28.620741,SAP,System,system,17942.38,EUR,ES,V4969,low,PO555533,,completed,False,
CASE-00351,INV-000351,Run duplicate invoice check,2026-01-10T02:18:28.620741,SAP,System,system,17942.38,EUR,ES,V4969,low,PO555533,,completed,False,
CASE-00351,INV-000351,Check vendor risk,2026-01-10T02:30:28.620741,Vendor Master Data,System,system,17942.38,EUR,ES,V4969,low,PO555533,,completed,False,
CASE-00351,INV-000351,Check approval threshold,2026-01-10T02:36:28.620741,SAP,System,system,17942.38,EUR,ES,V4969,low,PO555533,,completed,False,
CASE-00351,INV-000351,Finance manager approval,2026-01-10T15:58:33.870018,SAP,Finance Manager,ap04,17942.38,EUR,ES,V4969,low,PO555533,,completed,False,
CASE-00351,INV-000351,Schedule payment,2026-01-10T21:44:23.356665,Payment System,System,system,17942.38,EUR,ES,V4969,low,PO555533,,completed,False,
CASE-00351,INV-000351,Send remittance notice,2026-01-10T21:50:23.356665,Payment System,System,system,17942.38,EUR,ES,V4969,low,PO555533,,completed,False,
CASE-00351,INV-000351,Invoice paid,2026-01-10T21:56:23.356665,Payment System,System,system,17942.38,EUR,ES,V4969,low,PO555533,,paid,False,
CASE-00352,INV-000352,Invoice received,2026-01-07T01:03:00,Coupa,System,system,20051.1,EUR,FR,V5351,high,PO231637,,completed,False,
CASE-00352,INV-000352,Validate invoice data,2026-01-07T01:27:00,Coupa,AP Clerk,ap23,20051.1,EUR,FR,V5351,high,PO231637,,completed,False,
CASE-00352,INV-000352,Check PO exists,2026-01-07T01:45:00,SAP,System,system,20051.1,EUR,FR,V5351,high,PO231637,,completed,False,
CASE-00352,INV-000352,Run three-way match,2026-01-07T02:15:00,SAP,System,system,20051.1,EUR,FR,V5351,high,PO231637,,completed,False,
CASE-00352,INV-000352,Classify exception,2026-01-07T02:27:00,ServiceNow,AP Clerk,ap23,20051.1,EUR,FR,V5351,high,PO231637,missing_gr,completed,False,
CASE-00352,INV-000352,Request goods receipt confirmation,2026-01-07T17:44:49.574884,SAP,Procurement Specialist,ap23,20051.1,EUR,FR,V5351,high,PO231637,missing_gr,completed,False,
CASE-00352,INV-000352,Run three-way match,2026-01-07T18:08:49.574884,SAP,System,system,20051.1,EUR,FR,V5351,high,PO231637,missing_gr,completed,False,
CASE-00352,INV-000352,Run duplicate invoice check,2026-01-07T18:20:49.574884,SAP,System,system,20051.1,EUR,FR,V5351,high,PO231637,,completed,False,
CASE-00352,INV-000352,Check vendor risk,2026-01-07T18:32:49.574884,Vendor Master Data,System,system,20051.1,EUR,FR,V5351,high,PO231637,,completed,False,
CASE-00352,INV-000352,Compliance review,2026-01-08T23:01:04.755871,Vendor Master Data,Compliance Officer,ap23,20051.1,EUR,FR,V5351,high,PO231637,,completed,False,
CASE-00352,INV-000352,Check approval threshold,2026-01-08T23:07:04.755871,SAP,System,system,20051.1,EUR,FR,V5351,high,PO231637,,completed,False,
CASE-00352,INV-000352,Finance manager approval,2026-01-10T20:28:57.294699,SAP,Finance Manager,ap23,20051.1,EUR,FR,V5351,high,PO231637,,completed,False,
CASE-00352,INV-000352,Schedule payment,2026-01-11T05:31:54.364622,Payment System,System,system,20051.1,EUR,FR,V5351,high,PO231637,,completed,False,
CASE-00352,INV-000352,Send remittance notice,2026-01-11T05:37:54.364622,Payment System,System,system,20051.1,EUR,FR,V5351,high,PO231637,,completed,False,
CASE-00352,INV-000352,Invoice paid,2026-01-11T05:43:54.364622,Payment System,System,system,20051.1,EUR,FR,V5351,high,PO231637,,paid,False,
CASE-00353,INV-000353,Invoice received,2026-01-07T01:10:00,Coupa,System,system,18279.42,EUR,ES,V5824,low,PO341705,,completed,False,
CASE-00353,INV-000353,Validate invoice data,2026-01-07T01:34:00,Coupa,AP Clerk,ap10,18279.42,EUR,ES,V5824,low,PO341705,,completed,False,
CASE-00353,INV-000353,Check PO exists,2026-01-07T01:52:00,SAP,System,system,18279.42,EUR,ES,V5824,low,PO341705,,completed,False,
CASE-00353,INV-000353,Run three-way match,2026-01-07T02:22:00,SAP,System,system,18279.42,EUR,ES,V5824,low,PO341705,,completed,False,
CASE-00353,INV-000353,Run duplicate invoice check,2026-01-07T02:34:00,SAP,System,system,18279.42,EUR,ES,V5824,low,PO341705,,completed,False,
CASE-00353,INV-000353,Check vendor risk,2026-01-07T02:46:00,Vendor Master Data,System,system,18279.42,EUR,ES,V5824,low,PO341705,,completed,False,
CASE-00353,INV-000353,Check approval threshold,2026-01-07T02:52:00,SAP,System,system,18279.42,EUR,ES,V5824,low,PO341705,,completed,False,
CASE-00353,INV-000353,Finance manager approval,2026-01-07T19:42:48.474597,SAP,Finance Manager,ap10,18279.42,EUR,ES,V5824,low,PO341705,,completed,False,
CASE-00353,INV-000353,Schedule payment,2026-01-08T07:28:41.380227,Payment System,System,system,18279.42,EUR,ES,V5824,low,PO341705,,completed,False,
CASE-00353,INV-000353,Send remittance notice,2026-01-08T07:34:41.380227,Payment System,System,system,18279.42,EUR,ES,V5824,low,PO341705,,completed,False,
CASE-00353,INV-000353,Invoice paid,2026-01-08T07:40:41.380227,Payment System,System,system,18279.42,EUR,ES,V5824,low,PO341705,,paid,False,
CASE-00354,INV-000354,Invoice received,2026-01-07T01:17:00,Coupa,System,system,17669.83,EUR,NL,V5230,low,PO854491,,completed,False,
CASE-00354,INV-000354,Validate invoice data,2026-01-07T01:41:00,Coupa,AP Clerk,ap03,17669.83,EUR,NL,V5230,low,PO854491,,completed,False,
CASE-00354,INV-000354,Check PO exists,2026-01-07T01:59:00,SAP,System,system,17669.83,EUR,NL,V5230,low,PO854491,,completed,False,
CASE-00354,INV-000354,Run three-way match,2026-01-07T02:29:00,SAP,System,system,17669.83,EUR,NL,V5230,low,PO854491,,completed,False,
CASE-00354,INV-000354,Run duplicate invoice check,2026-01-07T02:41:00,SAP,System,system,17669.83,EUR,NL,V5230,low,PO854491,,completed,False,
CASE-00354,INV-000354,Check vendor risk,2026-01-07T02:53:00,Vendor Master Data,System,system,17669.83,EUR,NL,V5230,low,PO854491,,completed,False,
CASE-00354,INV-000354,Check approval threshold,2026-01-07T02:59:00,SAP,System,system,17669.83,EUR,NL,V5230,low,PO854491,,completed,False,
CASE-00354,INV-000354,Finance manager approval,2026-01-08T14:49:16.190294,SAP,Finance Manager,ap03,17669.83,EUR,NL,V5230,low,PO854491,,completed,False,
CASE-00354,INV-000354,Schedule payment,2026-01-08T23:12:00.044403,Payment System,System,system,17669.83,EUR,NL,V5230,low,PO854491,,completed,False,
CASE-00354,INV-000354,Send remittance notice,2026-01-08T23:18:00.044403,Payment System,System,system,17669.83,EUR,NL,V5230,low,PO854491,,completed,False,
CASE-00354,INV-000354,Invoice paid,2026-01-08T23:24:00.044403,Payment System,System,system,17669.83,EUR,NL,V5230,low,PO854491,,paid,False,
CASE-00355,INV-000355,Invoice received,2026-01-07T01:24:00,Coupa,System,system,22153.68,EUR,NL,V3224,high,PO797103,,completed,False,
CASE-00355,INV-000355,Validate invoice data,2026-01-07T01:48:00,Coupa,AP Clerk,ap03,22153.68,EUR,NL,V3224,high,PO797103,,completed,False,
CASE-00355,INV-000355,Check PO exists,2026-01-07T02:06:00,SAP,System,system,22153.68,EUR,NL,V3224,high,PO797103,,completed,False,
CASE-00355,INV-000355,Run three-way match,2026-01-07T02:36:00,SAP,System,system,22153.68,EUR,NL,V3224,high,PO797103,,completed,False,
CASE-00355,INV-000355,Classify exception,2026-01-07T02:48:00,ServiceNow,AP Clerk,ap03,22153.68,EUR,NL,V3224,high,PO797103,quantity_mismatch,completed,False,
CASE-00355,INV-000355,Create quantity mismatch ticket,2026-01-07T03:00:00,ServiceNow,System,system,22153.68,EUR,NL,V3224,high,PO797103,quantity_mismatch,completed,False,
CASE-00355,INV-000355,AP review quantity mismatch,2026-01-09T00:51:25.622495,ServiceNow,AP Clerk,ap03,22153.68,EUR,NL,V3224,high,PO797103,quantity_mismatch,completed,False,
CASE-00355,INV-000355,Correction for quantity mismatch,2026-01-09T20:00:13.405986,SAP,Procurement Specialist,ap03,22153.68,EUR,NL,V3224,high,PO797103,quantity_mismatch,completed,False,
CASE-00355,INV-000355,Run three-way match,2026-01-09T20:24:13.405986,SAP,System,system,22153.68,EUR,NL,V3224,high,PO797103,quantity_mismatch,completed,False,
CASE-00355,INV-000355,Run duplicate invoice check,2026-01-09T20:36:13.405986,SAP,System,system,22153.68,EUR,NL,V3224,high,PO797103,,completed,False,
CASE-00355,INV-000355,Check vendor risk,2026-01-09T20:48:13.405986,Vendor Master Data,System,system,22153.68,EUR,NL,V3224,high,PO797103,,completed,False,
CASE-00355,INV-000355,Compliance review,2026-01-11T21:59:19.760336,Vendor Master Data,Compliance Officer,ap03,22153.68,EUR,NL,V3224,high,PO797103,,completed,False,
CASE-00355,INV-000355,Check approval threshold,2026-01-11T22:05:19.760336,SAP,System,system,22153.68,EUR,NL,V3224,high,PO797103,,completed,False,
CASE-00355,INV-000355,Finance manager approval,2026-01-13T16:00:31.055478,SAP,Finance Manager,ap03,22153.68,EUR,NL,V3224,high,PO797103,,completed,False,
CASE-00355,INV-000355,Schedule payment,2026-01-13T23:09:06.079202,Payment System,System,system,22153.68,EUR,NL,V3224,high,PO797103,,completed,False,
CASE-00355,INV-000355,Send remittance notice,2026-01-13T23:15:06.079202,Payment System,System,system,22153.68,EUR,NL,V3224,high,PO797103,,completed,False,
CASE-00355,INV-000355,Invoice paid,2026-01-13T23:21:06.079202,Payment System,System,system,22153.68,EUR,NL,V3224,high,PO797103,,paid,False,
CASE-00356,INV-000356,Invoice received,2026-01-07T01:31:00,Coupa,System,system,19470.91,EUR,ES,V7593,low,PO503691,,completed,False,
CASE-00356,INV-000356,Validate invoice data,2026-01-07T01:55:00,Coupa,AP Clerk,ap04,19470.91,EUR,ES,V7593,low,PO503691,,completed,False,
CASE-00356,INV-000356,Check PO exists,2026-01-07T02:13:00,SAP,System,system,19470.91,EUR,ES,V7593,low,PO503691,,completed,False,
CASE-00356,INV-000356,Run three-way match,2026-01-07T02:43:00,SAP,System,system,19470.91,EUR,ES,V7593,low,PO503691,,completed,False,
CASE-00356,INV-000356,Classify exception,2026-01-07T02:55:00,ServiceNow,AP Clerk,ap04,19470.91,EUR,ES,V7593,low,PO503691,price_mismatch,completed,False,
CASE-00356,INV-000356,Create price mismatch ticket,2026-01-07T03:07:00,ServiceNow,System,system,19470.91,EUR,ES,V7593,low,PO503691,price_mismatch,completed,False,
CASE-00356,INV-000356,AP review price mismatch,2026-01-14T09:05:24.320299,ServiceNow,AP Clerk,ap04,19470.91,EUR,ES,V7593,low,PO503691,price_mismatch,completed,False,
CASE-00356,INV-000356,Correction for price mismatch,2026-01-14T15:00:21.748115,SAP,Procurement Specialist,ap04,19470.91,EUR,ES,V7593,low,PO503691,price_mismatch,completed,False,
CASE-00356,INV-000356,Run three-way match,2026-01-14T15:24:21.748115,SAP,System,system,19470.91,EUR,ES,V7593,low,PO503691,price_mismatch,completed,False,
CASE-00356,INV-000356,Run duplicate invoice check,2026-01-14T15:36:21.748115,SAP,System,system,19470.91,EUR,ES,V7593,low,PO503691,,completed,False,
CASE-00356,INV-000356,Check vendor risk,2026-01-14T15:48:21.748115,Vendor Master Data,System,system,19470.91,EUR,ES,V7593,low,PO503691,,completed,False,
CASE-00356,INV-000356,Check approval threshold,2026-01-14T15:54:21.748115,SAP,System,system,19470.91,EUR,ES,V7593,low,PO503691,,completed,False,
CASE-00356,INV-000356,Finance manager approval,2026-01-16T02:15:46.958564,SAP,Finance Manager,ap04,19470.91,EUR,ES,V7593,low,PO503691,,completed,False,
CASE-00356,INV-000356,Schedule payment,2026-01-16T13:09:46.377355,Payment System,System,system,19470.91,EUR,ES,V7593,low,PO503691,,completed,False,
CASE-00356,INV-000356,Send remittance notice,2026-01-16T13:15:46.377355,Payment System,System,system,19470.91,EUR,ES,V7593,low,PO503691,,completed,False,
CASE-00356,INV-000356,Invoice paid,2026-01-16T13:21:46.377355,Payment System,System,system,19470.91,EUR,ES,V7593,low,PO503691,,paid,False,
CASE-00357,INV-000357,Invoice received,2026-01-07T01:38:00,Coupa,System,system,9748.43,EUR,DE,V2973,low,PO902246,,completed,False,
CASE-00357,INV-000357,Validate invoice data,2026-01-07T02:02:00,Coupa,AP Clerk,ap14,9748.43,EUR,DE,V2973,low,PO902246,,completed,False,
CASE-00357,INV-000357,Check PO exists,2026-01-07T02:20:00,SAP,System,system,9748.43,EUR,DE,V2973,low,PO902246,,completed,False,
CASE-00357,INV-000357,Run three-way match,2026-01-07T02:50:00,SAP,System,system,9748.43,EUR,DE,V2973,low,PO902246,,completed,False,
CASE-00357,INV-000357,Run duplicate invoice check,2026-01-07T03:02:00,SAP,System,system,9748.43,EUR,DE,V2973,low,PO902246,,completed,False,
CASE-00357,INV-000357,Check vendor risk,2026-01-07T03:14:00,Vendor Master Data,System,system,9748.43,EUR,DE,V2973,low,PO902246,,completed,False,
CASE-00357,INV-000357,Check approval threshold,2026-01-07T03:20:00,SAP,System,system,9748.43,EUR,DE,V2973,low,PO902246,,completed,False,
CASE-00357,INV-000357,Auto approve for payment scheduling,2026-01-07T03:26:00,SAP,System,system,9748.43,EUR,DE,V2973,low,PO902246,,completed,False,
CASE-00357,INV-000357,Schedule payment,2026-01-07T13:44:35.491214,Payment System,System,system,9748.43,EUR,DE,V2973,low,PO902246,,completed,False,
CASE-00357,INV-000357,Send remittance notice,2026-01-07T13:50:35.491214,Payment System,System,system,9748.43,EUR,DE,V2973,low,PO902246,,completed,False,
CASE-00357,INV-000357,Invoice paid,2026-01-07T13:56:35.491214,Payment System,System,system,9748.43,EUR,DE,V2973,low,PO902246,,paid,False,
CASE-00358,INV-000358,Invoice received,2026-01-07T01:45:00,Coupa,System,system,15704.98,EUR,NL,V2825,low,PO755243,,completed,False,
CASE-00358,INV-000358,Validate invoice data,2026-01-07T02:09:00,Coupa,AP Clerk,ap14,15704.98,EUR,NL,V2825,low,PO755243,,completed,False,
CASE-00358,INV-000358,Check PO exists,2026-01-07T02:27:00,SAP,System,system,15704.98,EUR,NL,V2825,low,PO755243,,completed,False,
CASE-00358,INV-000358,Run three-way match,2026-01-07T02:57:00,SAP,System,system,15704.98,EUR,NL,V2825,low,PO755243,,completed,False,
CASE-00358,INV-000358,Run duplicate invoice check,2026-01-07T03:09:00,SAP,System,system,15704.98,EUR,NL,V2825,low,PO755243,,completed,False,
CASE-00358,INV-000358,Check vendor risk,2026-01-07T03:21:00,Vendor Master Data,System,system,15704.98,EUR,NL,V2825,low,PO755243,,completed,False,
CASE-00358,INV-000358,Check approval threshold,2026-01-07T03:27:00,SAP,System,system,15704.98,EUR,NL,V2825,low,PO755243,,completed,False,
CASE-00358,INV-000358,Finance manager approval,2026-01-07T09:43:15.650889,SAP,Finance Manager,ap14,15704.98,EUR,NL,V2825,low,PO755243,,completed,False,
CASE-00358,INV-000358,Schedule payment,2026-01-07T18:20:36.645030,Payment System,System,system,15704.98,EUR,NL,V2825,low,PO755243,,completed,False,
CASE-00358,INV-000358,Send remittance notice,2026-01-07T18:26:36.645030,Payment System,System,system,15704.98,EUR,NL,V2825,low,PO755243,,completed,False,
CASE-00358,INV-000358,Invoice paid,2026-01-07T18:32:36.645030,Payment System,System,system,15704.98,EUR,NL,V2825,low,PO755243,,paid,False,
CASE-00359,INV-000359,Invoice received,2026-01-07T01:52:00,Coupa,System,system,469.54,EUR,NL,V5052,low,PO384402,,completed,False,
CASE-00359,INV-000359,Validate invoice data,2026-01-07T02:16:00,Coupa,AP Clerk,ap22,469.54,EUR,NL,V5052,low,PO384402,,completed,False,
CASE-00359,INV-000359,Check PO exists,2026-01-07T02:34:00,SAP,System,system,469.54,EUR,NL,V5052,low,PO384402,,completed,False,
CASE-00359,INV-000359,Run three-way match,2026-01-07T03:04:00,SAP,System,system,469.54,EUR,NL,V5052,low,PO384402,,completed,False,
CASE-00359,INV-000359,Run duplicate invoice check,2026-01-07T03:16:00,SAP,System,system,469.54,EUR,NL,V5052,low,PO384402,,completed,False,
CASE-00359,INV-000359,Check vendor risk,2026-01-07T03:28:00,Vendor Master Data,System,system,469.54,EUR,NL,V5052,low,PO384402,,completed,False,
CASE-00359,INV-000359,Check approval threshold,2026-01-07T03:34:00,SAP,System,system,469.54,EUR,NL,V5052,low,PO384402,,completed,False,
CASE-00359,INV-000359,Auto approve for payment scheduling,2026-01-07T03:40:00,SAP,System,system,469.54,EUR,NL,V5052,low,PO384402,,completed,False,
CASE-00359,INV-000359,Schedule payment,2026-01-07T08:28:40.744242,Payment System,System,system,469.54,EUR,NL,V5052,low,PO384402,,completed,False,
CASE-00359,INV-000359,Send remittance notice,2026-01-07T08:34:40.744242,Payment System,System,system,469.54,EUR,NL,V5052,low,PO384402,,completed,False,
CASE-00359,INV-000359,Invoice paid,2026-01-07T08:40:40.744242,Payment System,System,system,469.54,EUR,NL,V5052,low,PO384402,,paid,False,
CASE-00360,INV-000360,Invoice received,2026-01-07T01:59:00,Coupa,System,system,2452.46,EUR,DE,V4308,medium,PO472695,,completed,False,
CASE-00360,INV-000360,Validate invoice data,2026-01-07T02:23:00,Coupa,AP Clerk,ap18,2452.46,EUR,DE,V4308,medium,PO472695,,completed,False,
CASE-00360,INV-000360,Check PO exists,2026-01-07T02:41:00,SAP,System,system,2452.46,EUR,DE,V4308,medium,PO472695,,completed,False,
CASE-00360,INV-000360,Run three-way match,2026-01-07T03:11:00,SAP,System,system,2452.46,EUR,DE,V4308,medium,PO472695,,completed,False,
CASE-00360,INV-000360,Classify exception,2026-01-07T03:23:00,ServiceNow,AP Clerk,ap18,2452.46,EUR,DE,V4308,medium,PO472695,missing_gr,completed,False,
CASE-00360,INV-000360,Request goods receipt confirmation,2026-01-07T14:13:00.691126,SAP,Procurement Specialist,ap18,2452.46,EUR,DE,V4308,medium,PO472695,missing_gr,completed,False,
CASE-00360,INV-000360,Run three-way match,2026-01-07T14:37:00.691126,SAP,System,system,2452.46,EUR,DE,V4308,medium,PO472695,missing_gr,completed,False,
CASE-00360,INV-000360,Run duplicate invoice check,2026-01-07T14:49:00.691126,SAP,System,system,2452.46,EUR,DE,V4308,medium,PO472695,,completed,False,
CASE-00360,INV-000360,Check vendor risk,2026-01-07T15:01:00.691126,Vendor Master Data,System,system,2452.46,EUR,DE,V4308,medium,PO472695,,completed,False,
CASE-00360,INV-000360,Check approval threshold,2026-01-07T15:07:00.691126,SAP,System,system,2452.46,EUR,DE,V4308,medium,PO472695,,completed,False,
CASE-00360,INV-000360,Auto approve for payment scheduling,2026-01-07T15:13:00.691126,SAP,System,system,2452.46,EUR,DE,V4308,medium,PO472695,,completed,False,
CASE-00360,INV-000360,Schedule payment,2026-01-08T01:13:31.063295,Payment System,System,system,2452.46,EUR,DE,V4308,medium,PO472695,,completed,False,
CASE-00360,INV-000360,Send remittance notice,2026-01-08T01:19:31.063295,Payment System,System,system,2452.46,EUR,DE,V4308,medium,PO472695,,completed,False,
CASE-00360,INV-000360,Invoice paid,2026-01-08T01:25:31.063295,Payment System,System,system,2452.46,EUR,DE,V4308,medium,PO472695,,paid,False,
CASE-00361,INV-000361,Invoice received,2026-01-07T02:06:00,Coupa,System,system,21206.74,EUR,IT,V5136,low,PO603014,,completed,False,
CASE-00361,INV-000361,Validate invoice data,2026-01-07T02:30:00,Coupa,AP Clerk,ap12,21206.74,EUR,IT,V5136,low,PO603014,,completed,False,
CASE-00361,INV-000361,Check PO exists,2026-01-07T02:48:00,SAP,System,system,21206.74,EUR,IT,V5136,low,PO603014,,completed,False,
CASE-00361,INV-000361,Run three-way match,2026-01-07T03:18:00,SAP,System,system,21206.74,EUR,IT,V5136,low,PO603014,,completed,False,
CASE-00361,INV-000361,Classify exception,2026-01-07T03:30:00,ServiceNow,AP Clerk,ap12,21206.74,EUR,IT,V5136,low,PO603014,price_mismatch,completed,False,
CASE-00361,INV-000361,Create price mismatch ticket,2026-01-07T03:42:00,ServiceNow,System,system,21206.74,EUR,IT,V5136,low,PO603014,price_mismatch,completed,False,
CASE-00361,INV-000361,AP review price mismatch,2026-01-11T04:41:18.992412,ServiceNow,AP Clerk,ap12,21206.74,EUR,IT,V5136,low,PO603014,price_mismatch,completed,False,
CASE-00361,INV-000361,Correction for price mismatch,2026-01-11T22:53:01.259669,SAP,Procurement Specialist,ap12,21206.74,EUR,IT,V5136,low,PO603014,price_mismatch,completed,False,
CASE-00361,INV-000361,Run three-way match,2026-01-11T23:17:01.259669,SAP,System,system,21206.74,EUR,IT,V5136,low,PO603014,price_mismatch,completed,False,
CASE-00361,INV-000361,Run duplicate invoice check,2026-01-11T23:29:01.259669,SAP,System,system,21206.74,EUR,IT,V5136,low,PO603014,,completed,False,
CASE-00361,INV-000361,Check vendor risk,2026-01-11T23:41:01.259669,Vendor Master Data,System,system,21206.74,EUR,IT,V5136,low,PO603014,,completed,False,
CASE-00361,INV-000361,Check approval threshold,2026-01-11T23:47:01.259669,SAP,System,system,21206.74,EUR,IT,V5136,low,PO603014,,completed,False,
CASE-00361,INV-000361,Finance manager approval,2026-01-12T13:25:41.863001,SAP,Finance Manager,ap12,21206.74,EUR,IT,V5136,low,PO603014,,completed,False,
CASE-00361,INV-000361,Schedule payment,2026-01-13T00:08:50.998258,Payment System,System,system,21206.74,EUR,IT,V5136,low,PO603014,,completed,False,
CASE-00361,INV-000361,Send remittance notice,2026-01-13T00:14:50.998258,Payment System,System,system,21206.74,EUR,IT,V5136,low,PO603014,,completed,False,
CASE-00361,INV-000361,Invoice paid,2026-01-13T00:20:50.998258,Payment System,System,system,21206.74,EUR,IT,V5136,low,PO603014,,paid,False,
CASE-00362,INV-000362,Invoice received,2026-01-07T02:13:00,Coupa,System,system,15401.81,EUR,DE,V7229,medium,PO411593,,completed,False,
CASE-00362,INV-000362,Validate invoice data,2026-01-07T02:37:00,Coupa,AP Clerk,ap02,15401.81,EUR,DE,V7229,medium,PO411593,,completed,False,
CASE-00362,INV-000362,Check PO exists,2026-01-07T02:55:00,SAP,System,system,15401.81,EUR,DE,V7229,medium,PO411593,,completed,False,
CASE-00362,INV-000362,Run three-way match,2026-01-07T03:25:00,SAP,System,system,15401.81,EUR,DE,V7229,medium,PO411593,,completed,False,
CASE-00362,INV-000362,Run duplicate invoice check,2026-01-07T03:37:00,SAP,System,system,15401.81,EUR,DE,V7229,medium,PO411593,,completed,False,
CASE-00362,INV-000362,Check vendor risk,2026-01-07T03:49:00,Vendor Master Data,System,system,15401.81,EUR,DE,V7229,medium,PO411593,,completed,False,
CASE-00362,INV-000362,Check approval threshold,2026-01-07T03:55:00,SAP,System,system,15401.81,EUR,DE,V7229,medium,PO411593,,completed,False,
CASE-00362,INV-000362,Finance manager approval,2026-01-07T11:43:04.843472,SAP,Finance Manager,ap02,15401.81,EUR,DE,V7229,medium,PO411593,,completed,False,
CASE-00362,INV-000362,Schedule payment,2026-01-07T16:50:38.164800,Payment System,System,system,15401.81,EUR,DE,V7229,medium,PO411593,,completed,False,
CASE-00362,INV-000362,Send remittance notice,2026-01-07T16:56:38.164800,Payment System,System,system,15401.81,EUR,DE,V7229,medium,PO411593,,completed,False,
CASE-00362,INV-000362,Invoice paid,2026-01-07T17:02:38.164800,Payment System,System,system,15401.81,EUR,DE,V7229,medium,PO411593,,paid,False,
CASE-00363,INV-000363,Invoice received,2026-01-07T02:20:00,Coupa,System,system,20715.45,EUR,ES,V4999,low,PO798894,,completed,False,
CASE-00363,INV-000363,Validate invoice data,2026-01-07T02:44:00,Coupa,AP Clerk,ap10,20715.45,EUR,ES,V4999,low,PO798894,,completed,False,
CASE-00363,INV-000363,Check PO exists,2026-01-07T03:02:00,SAP,System,system,20715.45,EUR,ES,V4999,low,PO798894,,completed,False,
CASE-00363,INV-000363,Run three-way match,2026-01-07T03:32:00,SAP,System,system,20715.45,EUR,ES,V4999,low,PO798894,,completed,False,
CASE-00363,INV-000363,Run duplicate invoice check,2026-01-07T03:44:00,SAP,System,system,20715.45,EUR,ES,V4999,low,PO798894,,completed,False,
CASE-00363,INV-000363,Check vendor risk,2026-01-07T03:56:00,Vendor Master Data,System,system,20715.45,EUR,ES,V4999,low,PO798894,,completed,False,
CASE-00363,INV-000363,Check approval threshold,2026-01-07T04:02:00,SAP,System,system,20715.45,EUR,ES,V4999,low,PO798894,,completed,False,
CASE-00363,INV-000363,Finance manager approval,2026-01-08T20:46:01.613968,SAP,Finance Manager,ap10,20715.45,EUR,ES,V4999,low,PO798894,,completed,False,
CASE-00363,INV-000363,Schedule payment,2026-01-09T04:25:11.734239,Payment System,System,system,20715.45,EUR,ES,V4999,low,PO798894,,completed,False,
CASE-00363,INV-000363,Send remittance notice,2026-01-09T04:31:11.734239,Payment System,System,system,20715.45,EUR,ES,V4999,low,PO798894,,completed,False,
CASE-00363,INV-000363,Invoice paid,2026-01-09T04:37:11.734239,Payment System,System,system,20715.45,EUR,ES,V4999,low,PO798894,,paid,False,
CASE-00364,INV-000364,Invoice received,2026-01-07T02:27:00,Coupa,System,system,13996.39,EUR,ES,V8839,high,PO227266,,completed,False,
CASE-00364,INV-000364,Validate invoice data,2026-01-07T02:51:00,Coupa,AP Clerk,ap08,13996.39,EUR,ES,V8839,high,PO227266,,completed,False,
CASE-00364,INV-000364,Manual Email Review,2026-01-08T00:57:23.311797,Email and Excel,AP Clerk,ap08,13996.39,EUR,ES,V8839,high,PO227266,,completed,True,Manual Email Review
CASE-00364,INV-000364,Check PO exists,2026-01-08T01:15:23.311797,SAP,System,system,13996.39,EUR,ES,V8839,high,PO227266,,completed,False,
CASE-00364,INV-000364,Run three-way match,2026-01-08T01:45:23.311797,SAP,System,system,13996.39,EUR,ES,V8839,high,PO227266,,completed,False,
CASE-00364,INV-000364,Run duplicate invoice check,2026-01-08T01:57:23.311797,SAP,System,system,13996.39,EUR,ES,V8839,high,PO227266,,completed,False,
CASE-00364,INV-000364,Check vendor risk,2026-01-08T02:09:23.311797,Vendor Master Data,System,system,13996.39,EUR,ES,V8839,high,PO227266,,completed,False,
CASE-00364,INV-000364,Compliance review,2026-01-10T16:22:09.467702,Vendor Master Data,Compliance Officer,ap08,13996.39,EUR,ES,V8839,high,PO227266,,completed,False,
CASE-00364,INV-000364,Check approval threshold,2026-01-10T16:28:09.467702,SAP,System,system,13996.39,EUR,ES,V8839,high,PO227266,,completed,False,
CASE-00364,INV-000364,Finance manager approval,2026-01-12T14:32:34.511289,SAP,Finance Manager,ap08,13996.39,EUR,ES,V8839,high,PO227266,,completed,False,
CASE-00364,INV-000364,Schedule payment,2026-01-12T23:21:57.211129,Payment System,System,system,13996.39,EUR,ES,V8839,high,PO227266,,completed,False,
CASE-00364,INV-000364,Send remittance notice,2026-01-12T23:27:57.211129,Payment System,System,system,13996.39,EUR,ES,V8839,high,PO227266,,completed,False,
CASE-00364,INV-000364,Invoice paid,2026-01-12T23:33:57.211129,Payment System,System,system,13996.39,EUR,ES,V8839,high,PO227266,,paid,False,
CASE-00365,INV-000365,Invoice received,2026-01-07T02:34:00,Coupa,System,system,889.1,EUR,ES,V1937,low,PO653357,,completed,False,
CASE-00365,INV-000365,Validate invoice data,2026-01-07T02:58:00,Coupa,AP Clerk,ap10,889.1,EUR,ES,V1937,low,PO653357,,completed,False,
CASE-00365,INV-000365,Check PO exists,2026-01-07T03:16:00,SAP,System,system,889.1,EUR,ES,V1937,low,PO653357,,completed,False,
CASE-00365,INV-000365,Run three-way match,2026-01-07T03:46:00,SAP,System,system,889.1,EUR,ES,V1937,low,PO653357,,completed,False,
CASE-00365,INV-000365,Run duplicate invoice check,2026-01-07T03:58:00,SAP,System,system,889.1,EUR,ES,V1937,low,PO653357,,completed,False,
CASE-00365,INV-000365,Check vendor risk,2026-01-07T04:10:00,Vendor Master Data,System,system,889.1,EUR,ES,V1937,low,PO653357,,completed,False,
CASE-00365,INV-000365,Check approval threshold,2026-01-07T04:16:00,SAP,System,system,889.1,EUR,ES,V1937,low,PO653357,,completed,False,
CASE-00365,INV-000365,Auto approve for payment scheduling,2026-01-07T04:22:00,SAP,System,system,889.1,EUR,ES,V1937,low,PO653357,,completed,False,
CASE-00365,INV-000365,Schedule payment,2026-01-07T09:31:05.303362,Payment System,System,system,889.1,EUR,ES,V1937,low,PO653357,,completed,False,
CASE-00365,INV-000365,Send remittance notice,2026-01-07T09:37:05.303362,Payment System,System,system,889.1,EUR,ES,V1937,low,PO653357,,completed,False,
CASE-00365,INV-000365,Invoice paid,2026-01-07T09:43:05.303362,Payment System,System,system,889.1,EUR,ES,V1937,low,PO653357,,paid,False,
CASE-00366,INV-000366,Invoice received,2026-01-07T02:41:00,Coupa,System,system,15642.5,EUR,NL,V8098,medium,PO910490,,completed,False,
CASE-00366,INV-000366,Validate invoice data,2026-01-07T03:05:00,Coupa,AP Clerk,ap09,15642.5,EUR,NL,V8098,medium,PO910490,,completed,False,
CASE-00366,INV-000366,Check PO exists,2026-01-07T03:23:00,SAP,System,system,15642.5,EUR,NL,V8098,medium,PO910490,,completed,False,
CASE-00366,INV-000366,Run three-way match,2026-01-07T03:53:00,SAP,System,system,15642.5,EUR,NL,V8098,medium,PO910490,,completed,False,
CASE-00366,INV-000366,Classify exception,2026-01-07T04:05:00,ServiceNow,AP Clerk,ap09,15642.5,EUR,NL,V8098,medium,PO910490,price_mismatch,completed,False,
CASE-00366,INV-000366,Create price mismatch ticket,2026-01-07T04:17:00,ServiceNow,System,system,15642.5,EUR,NL,V8098,medium,PO910490,price_mismatch,completed,False,
CASE-00366,INV-000366,AP review price mismatch,2026-01-11T11:23:06.457421,ServiceNow,AP Clerk,ap09,15642.5,EUR,NL,V8098,medium,PO910490,price_mismatch,completed,False,
CASE-00366,INV-000366,Correction for price mismatch,2026-01-12T02:12:26.436572,SAP,Procurement Specialist,ap09,15642.5,EUR,NL,V8098,medium,PO910490,price_mismatch,completed,False,
CASE-00366,INV-000366,Run three-way match,2026-01-12T02:36:26.436572,SAP,System,system,15642.5,EUR,NL,V8098,medium,PO910490,price_mismatch,completed,False,
CASE-00366,INV-000366,Run duplicate invoice check,2026-01-12T02:48:26.436572,SAP,System,system,15642.5,EUR,NL,V8098,medium,PO910490,,completed,False,
CASE-00366,INV-000366,Check vendor risk,2026-01-12T03:00:26.436572,Vendor Master Data,System,system,15642.5,EUR,NL,V8098,medium,PO910490,,completed,False,
CASE-00366,INV-000366,Check approval threshold,2026-01-12T03:06:26.436572,SAP,System,system,15642.5,EUR,NL,V8098,medium,PO910490,,completed,False,
CASE-00366,INV-000366,Finance manager approval,2026-01-12T23:46:40.588010,SAP,Finance Manager,ap09,15642.5,EUR,NL,V8098,medium,PO910490,,completed,False,
CASE-00366,INV-000366,Schedule payment,2026-01-13T08:32:29.790449,Payment System,System,system,15642.5,EUR,NL,V8098,medium,PO910490,,completed,False,
CASE-00366,INV-000366,Send remittance notice,2026-01-13T08:38:29.790449,Payment System,System,system,15642.5,EUR,NL,V8098,medium,PO910490,,completed,False,
CASE-00366,INV-000366,Invoice paid,2026-01-13T08:44:29.790449,Payment System,System,system,15642.5,EUR,NL,V8098,medium,PO910490,,paid,False,
CASE-00367,INV-000367,Invoice received,2026-01-07T02:48:00,Coupa,System,system,19954.62,EUR,IT,V4656,low,PO195122,,completed,False,
CASE-00367,INV-000367,Validate invoice data,2026-01-07T03:12:00,Coupa,AP Clerk,ap18,19954.62,EUR,IT,V4656,low,PO195122,,completed,False,
CASE-00367,INV-000367,Check PO exists,2026-01-07T03:30:00,SAP,System,system,19954.62,EUR,IT,V4656,low,PO195122,,completed,False,
CASE-00367,INV-000367,Run three-way match,2026-01-07T04:00:00,SAP,System,system,19954.62,EUR,IT,V4656,low,PO195122,,completed,False,
CASE-00367,INV-000367,Run duplicate invoice check,2026-01-07T04:12:00,SAP,System,system,19954.62,EUR,IT,V4656,low,PO195122,,completed,False,
CASE-00367,INV-000367,Check vendor risk,2026-01-07T04:24:00,Vendor Master Data,System,system,19954.62,EUR,IT,V4656,low,PO195122,,completed,False,
CASE-00367,INV-000367,Check approval threshold,2026-01-07T04:30:00,SAP,System,system,19954.62,EUR,IT,V4656,low,PO195122,,completed,False,
CASE-00367,INV-000367,Finance manager approval,2026-01-07T19:03:58.724716,SAP,Finance Manager,ap18,19954.62,EUR,IT,V4656,low,PO195122,,completed,False,
CASE-00367,INV-000367,Schedule payment,2026-01-08T05:53:00.919916,Payment System,System,system,19954.62,EUR,IT,V4656,low,PO195122,,completed,False,
CASE-00367,INV-000367,Send remittance notice,2026-01-08T05:59:00.919916,Payment System,System,system,19954.62,EUR,IT,V4656,low,PO195122,,completed,False,
CASE-00367,INV-000367,Invoice paid,2026-01-08T06:05:00.919916,Payment System,System,system,19954.62,EUR,IT,V4656,low,PO195122,,paid,False,
CASE-00368,INV-000368,Invoice received,2026-01-07T02:55:00,Coupa,System,system,4808.8,EUR,DE,V8194,low,PO593542,,completed,False,
CASE-00368,INV-000368,Validate invoice data,2026-01-07T03:19:00,Coupa,AP Clerk,ap24,4808.8,EUR,DE,V8194,low,PO593542,,completed,False,
CASE-00368,INV-000368,Check PO exists,2026-01-07T03:37:00,SAP,System,system,4808.8,EUR,DE,V8194,low,PO593542,,completed,False,
CASE-00368,INV-000368,Run three-way match,2026-01-07T04:07:00,SAP,System,system,4808.8,EUR,DE,V8194,low,PO593542,,completed,False,
CASE-00368,INV-000368,Classify exception,2026-01-07T04:19:00,ServiceNow,AP Clerk,ap24,4808.8,EUR,DE,V8194,low,PO593542,price_mismatch,completed,False,
CASE-00368,INV-000368,Create price mismatch ticket,2026-01-07T04:31:00,ServiceNow,System,system,4808.8,EUR,DE,V8194,low,PO593542,price_mismatch,completed,False,
CASE-00368,INV-000368,AP review price mismatch,2026-01-12T08:50:43.833019,ServiceNow,AP Clerk,ap24,4808.8,EUR,DE,V8194,low,PO593542,price_mismatch,completed,False,
CASE-00368,INV-000368,Correction for price mismatch,2026-01-13T07:59:29.019088,SAP,Procurement Specialist,ap24,4808.8,EUR,DE,V8194,low,PO593542,price_mismatch,completed,False,
CASE-00368,INV-000368,Run three-way match,2026-01-13T08:23:29.019088,SAP,System,system,4808.8,EUR,DE,V8194,low,PO593542,price_mismatch,completed,False,
CASE-00368,INV-000368,Run duplicate invoice check,2026-01-13T08:35:29.019088,SAP,System,system,4808.8,EUR,DE,V8194,low,PO593542,,completed,False,
CASE-00368,INV-000368,Check vendor risk,2026-01-13T08:47:29.019088,Vendor Master Data,System,system,4808.8,EUR,DE,V8194,low,PO593542,,completed,False,
CASE-00368,INV-000368,Check approval threshold,2026-01-13T08:53:29.019088,SAP,System,system,4808.8,EUR,DE,V8194,low,PO593542,,completed,False,
CASE-00368,INV-000368,Auto approve for payment scheduling,2026-01-13T08:59:29.019088,SAP,System,system,4808.8,EUR,DE,V8194,low,PO593542,,completed,False,
CASE-00368,INV-000368,Schedule payment,2026-01-13T20:09:42.415246,Payment System,System,system,4808.8,EUR,DE,V8194,low,PO593542,,completed,False,
CASE-00368,INV-000368,Send remittance notice,2026-01-13T20:15:42.415246,Payment System,System,system,4808.8,EUR,DE,V8194,low,PO593542,,completed,False,
CASE-00368,INV-000368,Invoice paid,2026-01-13T20:21:42.415246,Payment System,System,system,4808.8,EUR,DE,V8194,low,PO593542,,paid,False,
CASE-00369,INV-000369,Invoice received,2026-01-07T03:02:00,Coupa,System,system,13558.66,EUR,IT,V4221,low,PO404696,,completed,False,
CASE-00369,INV-000369,Validate invoice data,2026-01-07T03:26:00,Coupa,AP Clerk,ap09,13558.66,EUR,IT,V4221,low,PO404696,,completed,False,
CASE-00369,INV-000369,Manual Email Review,2026-01-08T09:24:19.580270,Email and Excel,AP Clerk,ap09,13558.66,EUR,IT,V4221,low,PO404696,,completed,True,Manual Email Review
CASE-00369,INV-000369,Check PO exists,2026-01-08T09:42:19.580270,SAP,System,system,13558.66,EUR,IT,V4221,low,PO404696,,completed,False,
CASE-00369,INV-000369,Run three-way match,2026-01-08T10:12:19.580270,SAP,System,system,13558.66,EUR,IT,V4221,low,PO404696,,completed,False,
CASE-00369,INV-000369,Classify exception,2026-01-08T10:24:19.580270,ServiceNow,AP Clerk,ap09,13558.66,EUR,IT,V4221,low,PO404696,price_mismatch,completed,False,
CASE-00369,INV-000369,Create price mismatch ticket,2026-01-08T10:36:19.580270,ServiceNow,System,system,13558.66,EUR,IT,V4221,low,PO404696,price_mismatch,completed,False,
CASE-00369,INV-000369,AP review price mismatch,2026-01-12T08:03:10.410631,ServiceNow,AP Clerk,ap09,13558.66,EUR,IT,V4221,low,PO404696,price_mismatch,completed,False,
CASE-00369,INV-000369,Correction for price mismatch,2026-01-12T17:09:34.018429,SAP,Procurement Specialist,ap09,13558.66,EUR,IT,V4221,low,PO404696,price_mismatch,completed,False,
CASE-00369,INV-000369,Run three-way match,2026-01-12T17:33:34.018429,SAP,System,system,13558.66,EUR,IT,V4221,low,PO404696,price_mismatch,completed,False,
CASE-00369,INV-000369,Run duplicate invoice check,2026-01-12T17:45:34.018429,SAP,System,system,13558.66,EUR,IT,V4221,low,PO404696,,completed,False,
CASE-00369,INV-000369,Check vendor risk,2026-01-12T17:57:34.018429,Vendor Master Data,System,system,13558.66,EUR,IT,V4221,low,PO404696,,completed,False,
CASE-00369,INV-000369,Check approval threshold,2026-01-12T18:03:34.018429,SAP,System,system,13558.66,EUR,IT,V4221,low,PO404696,,completed,False,
CASE-00369,INV-000369,Finance manager approval,2026-01-14T14:07:56.036540,SAP,Finance Manager,ap09,13558.66,EUR,IT,V4221,low,PO404696,,completed,False,
CASE-00369,INV-000369,Schedule payment,2026-01-14T20:20:44.372745,Payment System,System,system,13558.66,EUR,IT,V4221,low,PO404696,,completed,False,
CASE-00369,INV-000369,Send remittance notice,2026-01-14T20:26:44.372745,Payment System,System,system,13558.66,EUR,IT,V4221,low,PO404696,,completed,False,
CASE-00369,INV-000369,Invoice paid,2026-01-14T20:32:44.372745,Payment System,System,system,13558.66,EUR,IT,V4221,low,PO404696,,paid,False,
CASE-00370,INV-000370,Invoice received,2026-01-07T03:09:00,Coupa,System,system,15527.18,EUR,DE,V6069,low,PO591813,,completed,False,
CASE-00370,INV-000370,Validate invoice data,2026-01-07T03:33:00,Coupa,AP Clerk,ap02,15527.18,EUR,DE,V6069,low,PO591813,,completed,False,
CASE-00370,INV-000370,Check PO exists,2026-01-07T03:51:00,SAP,System,system,15527.18,EUR,DE,V6069,low,PO591813,,completed,False,
CASE-00370,INV-000370,Run three-way match,2026-01-07T04:21:00,SAP,System,system,15527.18,EUR,DE,V6069,low,PO591813,,completed,False,
CASE-00370,INV-000370,Classify exception,2026-01-07T04:33:00,ServiceNow,AP Clerk,ap02,15527.18,EUR,DE,V6069,low,PO591813,missing_gr,completed,False,
CASE-00370,INV-000370,Request goods receipt confirmation,2026-01-07T15:58:20.924890,SAP,Procurement Specialist,ap02,15527.18,EUR,DE,V6069,low,PO591813,missing_gr,completed,False,
CASE-00370,INV-000370,Run three-way match,2026-01-07T16:22:20.924890,SAP,System,system,15527.18,EUR,DE,V6069,low,PO591813,missing_gr,completed,False,
CASE-00370,INV-000370,Run duplicate invoice check,2026-01-07T16:34:20.924890,SAP,System,system,15527.18,EUR,DE,V6069,low,PO591813,,completed,False,
CASE-00370,INV-000370,Check vendor risk,2026-01-07T16:46:20.924890,Vendor Master Data,System,system,15527.18,EUR,DE,V6069,low,PO591813,,completed,False,
CASE-00370,INV-000370,Check approval threshold,2026-01-07T16:52:20.924890,SAP,System,system,15527.18,EUR,DE,V6069,low,PO591813,,completed,False,
CASE-00370,INV-000370,Finance manager approval,2026-01-08T19:20:38.390190,SAP,Finance Manager,ap02,15527.18,EUR,DE,V6069,low,PO591813,,completed,False,
CASE-00370,INV-000370,Schedule payment,2026-01-09T02:33:47.238647,Payment System,System,system,15527.18,EUR,DE,V6069,low,PO591813,,completed,False,
CASE-00370,INV-000370,Send remittance notice,2026-01-09T02:39:47.238647,Payment System,System,system,15527.18,EUR,DE,V6069,low,PO591813,,completed,False,
CASE-00370,INV-000370,Invoice paid,2026-01-09T02:45:47.238647,Payment System,System,system,15527.18,EUR,DE,V6069,low,PO591813,,paid,False,
CASE-00371,INV-000371,Invoice received,2026-01-07T03:16:00,Coupa,System,system,9019.72,EUR,ES,V2678,low,PO195667,,completed,False,
CASE-00371,INV-000371,Validate invoice data,2026-01-07T03:40:00,Coupa,AP Clerk,ap25,9019.72,EUR,ES,V2678,low,PO195667,,completed,False,
CASE-00371,INV-000371,Check PO exists,2026-01-07T03:58:00,SAP,System,system,9019.72,EUR,ES,V2678,low,PO195667,,completed,False,
CASE-00371,INV-000371,Run three-way match,2026-01-07T04:28:00,SAP,System,system,9019.72,EUR,ES,V2678,low,PO195667,,completed,False,
CASE-00371,INV-000371,Run duplicate invoice check,2026-01-07T04:40:00,SAP,System,system,9019.72,EUR,ES,V2678,low,PO195667,,completed,False,
CASE-00371,INV-000371,Block invoice,2026-01-07T04:46:00,SAP,System,system,9019.72,EUR,ES,V2678,low,PO195667,duplicate,completed,False,
CASE-00371,INV-000371,Finance controller review,2026-01-07T22:01:05.531946,SAP,Finance Controller,ap25,9019.72,EUR,ES,V2678,low,PO195667,duplicate,completed,False,
CASE-00371,INV-000371,Invoice rejected,2026-01-07T22:07:05.531946,SAP,System,system,9019.72,EUR,ES,V2678,low,PO195667,duplicate,rejected,False,
CASE-00372,INV-000372,Invoice received,2026-01-07T03:23:00,Coupa,System,system,8820.65,EUR,FR,V3224,high,PO378887,,completed,False,
CASE-00372,INV-000372,Validate invoice data,2026-01-07T03:47:00,Coupa,AP Clerk,ap23,8820.65,EUR,FR,V3224,high,PO378887,,completed,False,
CASE-00372,INV-000372,Check PO exists,2026-01-07T04:05:00,SAP,System,system,8820.65,EUR,FR,V3224,high,PO378887,,completed,False,
CASE-00372,INV-000372,Run three-way match,2026-01-07T04:35:00,SAP,System,system,8820.65,EUR,FR,V3224,high,PO378887,,completed,False,
CASE-00372,INV-000372,Classify exception,2026-01-07T04:47:00,ServiceNow,AP Clerk,ap23,8820.65,EUR,FR,V3224,high,PO378887,price_mismatch,completed,False,
CASE-00372,INV-000372,Create price mismatch ticket,2026-01-07T04:59:00,ServiceNow,System,system,8820.65,EUR,FR,V3224,high,PO378887,price_mismatch,completed,False,
CASE-00372,INV-000372,AP review price mismatch,2026-01-14T07:14:28.285743,ServiceNow,AP Clerk,ap23,8820.65,EUR,FR,V3224,high,PO378887,price_mismatch,completed,False,
CASE-00372,INV-000372,Correction for price mismatch,2026-01-15T02:00:18.040655,SAP,Procurement Specialist,ap23,8820.65,EUR,FR,V3224,high,PO378887,price_mismatch,completed,False,
CASE-00372,INV-000372,Ticket Reopened,2026-01-15T15:36:04.115529,ServiceNow,AP Clerk,ap23,8820.65,EUR,FR,V3224,high,PO378887,price_mismatch,completed,True,Ticket Reopened
CASE-00372,INV-000372,AP review price mismatch,2026-01-16T12:14:49.432488,ServiceNow,AP Clerk,ap23,8820.65,EUR,FR,V3224,high,PO378887,price_mismatch,completed,False,
CASE-00372,INV-000372,Run three-way match,2026-01-16T12:38:49.432488,SAP,System,system,8820.65,EUR,FR,V3224,high,PO378887,price_mismatch,completed,False,
CASE-00372,INV-000372,Run duplicate invoice check,2026-01-16T12:50:49.432488,SAP,System,system,8820.65,EUR,FR,V3224,high,PO378887,,completed,False,
CASE-00372,INV-000372,Check vendor risk,2026-01-16T13:02:49.432488,Vendor Master Data,System,system,8820.65,EUR,FR,V3224,high,PO378887,,completed,False,
CASE-00372,INV-000372,Compliance review,2026-01-18T09:59:35.123482,Vendor Master Data,Compliance Officer,ap23,8820.65,EUR,FR,V3224,high,PO378887,,completed,False,
CASE-00372,INV-000372,Check approval threshold,2026-01-18T10:05:35.123482,SAP,System,system,8820.65,EUR,FR,V3224,high,PO378887,,completed,False,
CASE-00372,INV-000372,Auto approve for payment scheduling,2026-01-18T10:11:35.123482,SAP,System,system,8820.65,EUR,FR,V3224,high,PO378887,,completed,False,
CASE-00372,INV-000372,Schedule payment,2026-01-18T15:08:52.978877,Payment System,System,system,8820.65,EUR,FR,V3224,high,PO378887,,completed,False,
CASE-00372,INV-000372,Send remittance notice,2026-01-18T15:14:52.978877,Payment System,System,system,8820.65,EUR,FR,V3224,high,PO378887,,completed,False,
CASE-00372,INV-000372,Invoice paid,2026-01-18T15:20:52.978877,Payment System,System,system,8820.65,EUR,FR,V3224,high,PO378887,,paid,False,
CASE-00373,INV-000373,Invoice received,2026-01-07T03:30:00,Coupa,System,system,14746.53,EUR,ES,V9586,low,PO545103,,completed,False,
CASE-00373,INV-000373,Validate invoice data,2026-01-07T03:54:00,Coupa,AP Clerk,ap10,14746.53,EUR,ES,V9586,low,PO545103,,completed,False,
CASE-00373,INV-000373,Manual Email Review,2026-01-08T05:13:19.138547,Email and Excel,AP Clerk,ap10,14746.53,EUR,ES,V9586,low,PO545103,,completed,True,Manual Email Review
CASE-00373,INV-000373,Check PO exists,2026-01-08T05:31:19.138547,SAP,System,system,14746.53,EUR,ES,V9586,low,PO545103,,completed,False,
CASE-00373,INV-000373,Run three-way match,2026-01-08T06:01:19.138547,SAP,System,system,14746.53,EUR,ES,V9586,low,PO545103,,completed,False,
CASE-00373,INV-000373,Classify exception,2026-01-08T06:13:19.138547,ServiceNow,AP Clerk,ap10,14746.53,EUR,ES,V9586,low,PO545103,quantity_mismatch,completed,False,
CASE-00373,INV-000373,Create quantity mismatch ticket,2026-01-08T06:25:19.138547,ServiceNow,System,system,14746.53,EUR,ES,V9586,low,PO545103,quantity_mismatch,completed,False,
CASE-00373,INV-000373,AP review quantity mismatch,2026-01-11T10:24:06.236112,ServiceNow,AP Clerk,ap10,14746.53,EUR,ES,V9586,low,PO545103,quantity_mismatch,completed,False,
CASE-00373,INV-000373,Correction for quantity mismatch,2026-01-11T17:34:56.535088,SAP,Procurement Specialist,ap10,14746.53,EUR,ES,V9586,low,PO545103,quantity_mismatch,completed,False,
CASE-00373,INV-000373,Run three-way match,2026-01-11T17:58:56.535088,SAP,System,system,14746.53,EUR,ES,V9586,low,PO545103,quantity_mismatch,completed,False,
CASE-00373,INV-000373,Run duplicate invoice check,2026-01-11T18:10:56.535088,SAP,System,system,14746.53,EUR,ES,V9586,low,PO545103,,completed,False,
CASE-00373,INV-000373,Check vendor risk,2026-01-11T18:22:56.535088,Vendor Master Data,System,system,14746.53,EUR,ES,V9586,low,PO545103,,completed,False,
CASE-00373,INV-000373,Check approval threshold,2026-01-11T18:28:56.535088,SAP,System,system,14746.53,EUR,ES,V9586,low,PO545103,,completed,False,
CASE-00373,INV-000373,Finance manager approval,2026-01-12T22:47:52.467452,SAP,Finance Manager,ap10,14746.53,EUR,ES,V9586,low,PO545103,,completed,False,
CASE-00373,INV-000373,Schedule payment,2026-01-13T07:06:55.446982,Payment System,System,system,14746.53,EUR,ES,V9586,low,PO545103,,completed,False,
CASE-00373,INV-000373,Send remittance notice,2026-01-13T07:12:55.446982,Payment System,System,system,14746.53,EUR,ES,V9586,low,PO545103,,completed,False,
CASE-00373,INV-000373,Invoice paid,2026-01-13T07:18:55.446982,Payment System,System,system,14746.53,EUR,ES,V9586,low,PO545103,,paid,False,
CASE-00374,INV-000374,Invoice received,2026-01-07T03:37:00,Coupa,System,system,2565.29,EUR,ES,V1201,high,PO299575,,completed,False,
CASE-00374,INV-000374,Validate invoice data,2026-01-07T04:01:00,Coupa,AP Clerk,ap11,2565.29,EUR,ES,V1201,high,PO299575,,completed,False,
CASE-00374,INV-000374,Check PO exists,2026-01-07T04:19:00,SAP,System,system,2565.29,EUR,ES,V1201,high,PO299575,,completed,False,
CASE-00374,INV-000374,Run three-way match,2026-01-07T04:49:00,SAP,System,system,2565.29,EUR,ES,V1201,high,PO299575,,completed,False,
CASE-00374,INV-000374,Classify exception,2026-01-07T05:01:00,ServiceNow,AP Clerk,ap11,2565.29,EUR,ES,V1201,high,PO299575,price_mismatch,completed,False,
CASE-00374,INV-000374,Create price mismatch ticket,2026-01-07T05:13:00,ServiceNow,System,system,2565.29,EUR,ES,V1201,high,PO299575,price_mismatch,completed,False,
CASE-00374,INV-000374,AP review price mismatch,2026-01-09T21:24:16.364155,ServiceNow,AP Clerk,ap11,2565.29,EUR,ES,V1201,high,PO299575,price_mismatch,completed,False,
CASE-00374,INV-000374,Correction for price mismatch,2026-01-10T19:39:39.727652,SAP,Procurement Specialist,ap11,2565.29,EUR,ES,V1201,high,PO299575,price_mismatch,completed,False,
CASE-00374,INV-000374,Run three-way match,2026-01-10T20:03:39.727652,SAP,System,system,2565.29,EUR,ES,V1201,high,PO299575,price_mismatch,completed,False,
CASE-00374,INV-000374,Run duplicate invoice check,2026-01-10T20:15:39.727652,SAP,System,system,2565.29,EUR,ES,V1201,high,PO299575,,completed,False,
CASE-00374,INV-000374,Check vendor risk,2026-01-10T20:27:39.727652,Vendor Master Data,System,system,2565.29,EUR,ES,V1201,high,PO299575,,completed,False,
CASE-00374,INV-000374,Compliance review,2026-01-13T11:10:49.964407,Vendor Master Data,Compliance Officer,ap11,2565.29,EUR,ES,V1201,high,PO299575,,completed,False,
CASE-00374,INV-000374,Check approval threshold,2026-01-13T11:16:49.964407,SAP,System,system,2565.29,EUR,ES,V1201,high,PO299575,,completed,False,
CASE-00374,INV-000374,Auto approve for payment scheduling,2026-01-13T11:22:49.964407,SAP,System,system,2565.29,EUR,ES,V1201,high,PO299575,,completed,False,
CASE-00374,INV-000374,Schedule payment,2026-01-13T20:43:42.467309,Payment System,System,system,2565.29,EUR,ES,V1201,high,PO299575,,completed,False,
CASE-00374,INV-000374,Send remittance notice,2026-01-13T20:49:42.467309,Payment System,System,system,2565.29,EUR,ES,V1201,high,PO299575,,completed,False,
CASE-00374,INV-000374,Invoice paid,2026-01-13T20:55:42.467309,Payment System,System,system,2565.29,EUR,ES,V1201,high,PO299575,,paid,False,
CASE-00375,INV-000375,Invoice received,2026-01-07T03:44:00,Coupa,System,system,2003.14,EUR,DE,V1608,low,PO162236,,completed,False,
CASE-00375,INV-000375,Validate invoice data,2026-01-07T04:08:00,Coupa,AP Clerk,ap09,2003.14,EUR,DE,V1608,low,PO162236,,completed,False,
CASE-00375,INV-000375,Check PO exists,2026-01-07T04:26:00,SAP,System,system,2003.14,EUR,DE,V1608,low,PO162236,,completed,False,
CASE-00375,INV-000375,Run three-way match,2026-01-07T04:56:00,SAP,System,system,2003.14,EUR,DE,V1608,low,PO162236,,completed,False,
CASE-00375,INV-000375,Run duplicate invoice check,2026-01-07T05:08:00,SAP,System,system,2003.14,EUR,DE,V1608,low,PO162236,,completed,False,
CASE-00375,INV-000375,Check vendor risk,2026-01-07T05:20:00,Vendor Master Data,System,system,2003.14,EUR,DE,V1608,low,PO162236,,completed,False,
CASE-00375,INV-000375,Check approval threshold,2026-01-07T05:26:00,SAP,System,system,2003.14,EUR,DE,V1608,low,PO162236,,completed,False,
CASE-00375,INV-000375,Auto approve for payment scheduling,2026-01-07T05:32:00,SAP,System,system,2003.14,EUR,DE,V1608,low,PO162236,,completed,False,
CASE-00375,INV-000375,Schedule payment,2026-01-07T12:23:15.672942,Payment System,System,system,2003.14,EUR,DE,V1608,low,PO162236,,completed,False,
CASE-00375,INV-000375,Send remittance notice,2026-01-07T12:29:15.672942,Payment System,System,system,2003.14,EUR,DE,V1608,low,PO162236,,completed,False,
CASE-00375,INV-000375,Invoice paid,2026-01-07T12:35:15.672942,Payment System,System,system,2003.14,EUR,DE,V1608,low,PO162236,,paid,False,
CASE-00376,INV-000376,Invoice received,2026-01-07T03:51:00,Coupa,System,system,10195.35,EUR,NL,V9733,medium,PO319105,,completed,False,
CASE-00376,INV-000376,Validate invoice data,2026-01-07T04:15:00,Coupa,AP Clerk,ap06,10195.35,EUR,NL,V9733,medium,PO319105,,completed,False,
CASE-00376,INV-000376,Check PO exists,2026-01-07T04:33:00,SAP,System,system,10195.35,EUR,NL,V9733,medium,PO319105,,completed,False,
CASE-00376,INV-000376,Run three-way match,2026-01-07T05:03:00,SAP,System,system,10195.35,EUR,NL,V9733,medium,PO319105,,completed,False,
CASE-00376,INV-000376,Run duplicate invoice check,2026-01-07T05:15:00,SAP,System,system,10195.35,EUR,NL,V9733,medium,PO319105,,completed,False,
CASE-00376,INV-000376,Check vendor risk,2026-01-07T05:27:00,Vendor Master Data,System,system,10195.35,EUR,NL,V9733,medium,PO319105,,completed,False,
CASE-00376,INV-000376,Check approval threshold,2026-01-07T05:33:00,SAP,System,system,10195.35,EUR,NL,V9733,medium,PO319105,,completed,False,
CASE-00376,INV-000376,Finance manager approval,2026-01-07T20:48:53.368780,SAP,Finance Manager,ap06,10195.35,EUR,NL,V9733,medium,PO319105,,completed,False,
CASE-00376,INV-000376,Schedule payment,2026-01-08T05:12:26.553919,Payment System,System,system,10195.35,EUR,NL,V9733,medium,PO319105,,completed,False,
CASE-00376,INV-000376,Send remittance notice,2026-01-08T05:18:26.553919,Payment System,System,system,10195.35,EUR,NL,V9733,medium,PO319105,,completed,False,
CASE-00376,INV-000376,Invoice paid,2026-01-08T05:24:26.553919,Payment System,System,system,10195.35,EUR,NL,V9733,medium,PO319105,,paid,False,
CASE-00377,INV-000377,Invoice received,2026-01-07T03:58:00,Coupa,System,system,21031.71,EUR,ES,V5847,low,PO131642,,completed,False,
CASE-00377,INV-000377,Validate invoice data,2026-01-07T04:22:00,Coupa,AP Clerk,ap20,21031.71,EUR,ES,V5847,low,PO131642,,completed,False,
CASE-00377,INV-000377,Manual Email Review,2026-01-07T12:59:34.510527,Email and Excel,AP Clerk,ap20,21031.71,EUR,ES,V5847,low,PO131642,,completed,True,Manual Email Review
CASE-00377,INV-000377,Check PO exists,2026-01-07T13:17:34.510527,SAP,System,system,21031.71,EUR,ES,V5847,low,PO131642,,completed,False,
CASE-00377,INV-000377,Create missing PO exception,2026-01-07T13:29:34.510527,ServiceNow,System,system,21031.71,EUR,ES,V5847,low,PO131642,missing_po,completed,False,
CASE-00377,INV-000377,AP review missing PO,2026-01-12T12:10:50.572789,ServiceNow,AP Clerk,ap20,21031.71,EUR,ES,V5847,low,PO131642,missing_po,completed,False,
CASE-00377,INV-000377,Procurement correction,2026-01-13T11:11:10.874142,SAP,Procurement Specialist,ap20,21031.71,EUR,ES,V5847,low,PO131642,missing_po,completed,False,
CASE-00377,INV-000377,Check PO exists,2026-01-13T11:23:10.874142,SAP,System,system,21031.71,EUR,ES,V5847,low,PO131642,missing_po,completed,False,
CASE-00377,INV-000377,Run three-way match,2026-01-13T11:53:10.874142,SAP,System,system,21031.71,EUR,ES,V5847,low,PO131642,,completed,False,
CASE-00377,INV-000377,Run duplicate invoice check,2026-01-13T12:05:10.874142,SAP,System,system,21031.71,EUR,ES,V5847,low,PO131642,,completed,False,
CASE-00377,INV-000377,Check vendor risk,2026-01-13T12:17:10.874142,Vendor Master Data,System,system,21031.71,EUR,ES,V5847,low,PO131642,,completed,False,
CASE-00377,INV-000377,Check approval threshold,2026-01-13T12:23:10.874142,SAP,System,system,21031.71,EUR,ES,V5847,low,PO131642,,completed,False,
CASE-00377,INV-000377,Finance manager approval,2026-01-14T01:24:51.100112,SAP,Finance Manager,ap20,21031.71,EUR,ES,V5847,low,PO131642,,completed,False,
CASE-00377,INV-000377,Schedule payment,2026-01-14T06:04:17.099992,Payment System,System,system,21031.71,EUR,ES,V5847,low,PO131642,,completed,False,
CASE-00377,INV-000377,Send remittance notice,2026-01-14T06:10:17.099992,Payment System,System,system,21031.71,EUR,ES,V5847,low,PO131642,,completed,False,
CASE-00377,INV-000377,Invoice paid,2026-01-14T06:16:17.099992,Payment System,System,system,21031.71,EUR,ES,V5847,low,PO131642,,paid,False,
CASE-00378,INV-000378,Invoice received,2026-01-07T04:05:00,Coupa,System,system,13133.71,EUR,FR,V4667,low,PO314966,,completed,False,
CASE-00378,INV-000378,Validate invoice data,2026-01-07T04:29:00,Coupa,AP Clerk,ap09,13133.71,EUR,FR,V4667,low,PO314966,,completed,False,
CASE-00378,INV-000378,Check PO exists,2026-01-07T04:47:00,SAP,System,system,13133.71,EUR,FR,V4667,low,PO314966,,completed,False,
CASE-00378,INV-000378,Run three-way match,2026-01-07T05:17:00,SAP,System,system,13133.71,EUR,FR,V4667,low,PO314966,,completed,False,
CASE-00378,INV-000378,Run duplicate invoice check,2026-01-07T05:29:00,SAP,System,system,13133.71,EUR,FR,V4667,low,PO314966,,completed,False,
CASE-00378,INV-000378,Check vendor risk,2026-01-07T05:41:00,Vendor Master Data,System,system,13133.71,EUR,FR,V4667,low,PO314966,,completed,False,
CASE-00378,INV-000378,Check approval threshold,2026-01-07T05:47:00,SAP,System,system,13133.71,EUR,FR,V4667,low,PO314966,,completed,False,
CASE-00378,INV-000378,Finance manager approval,2026-01-08T21:21:35.678222,SAP,Finance Manager,ap09,13133.71,EUR,FR,V4667,low,PO314966,,completed,False,
CASE-00378,INV-000378,Schedule payment,2026-01-09T04:24:56.838258,Payment System,System,system,13133.71,EUR,FR,V4667,low,PO314966,,completed,False,
CASE-00378,INV-000378,Send remittance notice,2026-01-09T04:30:56.838258,Payment System,System,system,13133.71,EUR,FR,V4667,low,PO314966,,completed,False,
CASE-00378,INV-000378,Invoice paid,2026-01-09T04:36:56.838258,Payment System,System,system,13133.71,EUR,FR,V4667,low,PO314966,,paid,False,
CASE-00379,INV-000379,Invoice received,2026-01-07T04:12:00,Coupa,System,system,2085.0,EUR,IT,V5645,low,PO952440,,completed,False,
CASE-00379,INV-000379,Validate invoice data,2026-01-07T04:36:00,Coupa,AP Clerk,ap14,2085.0,EUR,IT,V5645,low,PO952440,,completed,False,
CASE-00379,INV-000379,Check PO exists,2026-01-07T04:54:00,SAP,System,system,2085.0,EUR,IT,V5645,low,PO952440,,completed,False,
CASE-00379,INV-000379,Run three-way match,2026-01-07T05:24:00,SAP,System,system,2085.0,EUR,IT,V5645,low,PO952440,,completed,False,
CASE-00379,INV-000379,Classify exception,2026-01-07T05:36:00,ServiceNow,AP Clerk,ap14,2085.0,EUR,IT,V5645,low,PO952440,quantity_mismatch,completed,False,
CASE-00379,INV-000379,Create quantity mismatch ticket,2026-01-07T05:48:00,ServiceNow,System,system,2085.0,EUR,IT,V5645,low,PO952440,quantity_mismatch,completed,False,
CASE-00379,INV-000379,AP review quantity mismatch,2026-01-11T20:25:49.760252,ServiceNow,AP Clerk,ap14,2085.0,EUR,IT,V5645,low,PO952440,quantity_mismatch,completed,False,
CASE-00379,INV-000379,Correction for quantity mismatch,2026-01-12T05:55:53.002784,SAP,Procurement Specialist,ap14,2085.0,EUR,IT,V5645,low,PO952440,quantity_mismatch,completed,False,
CASE-00379,INV-000379,Run three-way match,2026-01-12T06:19:53.002784,SAP,System,system,2085.0,EUR,IT,V5645,low,PO952440,quantity_mismatch,completed,False,
CASE-00379,INV-000379,Run duplicate invoice check,2026-01-12T06:31:53.002784,SAP,System,system,2085.0,EUR,IT,V5645,low,PO952440,,completed,False,
CASE-00379,INV-000379,Check vendor risk,2026-01-12T06:43:53.002784,Vendor Master Data,System,system,2085.0,EUR,IT,V5645,low,PO952440,,completed,False,
CASE-00379,INV-000379,Check approval threshold,2026-01-12T06:49:53.002784,SAP,System,system,2085.0,EUR,IT,V5645,low,PO952440,,completed,False,
CASE-00379,INV-000379,Auto approve for payment scheduling,2026-01-12T06:55:53.002784,SAP,System,system,2085.0,EUR,IT,V5645,low,PO952440,,completed,False,
CASE-00379,INV-000379,Schedule payment,2026-01-12T17:04:46.131459,Payment System,System,system,2085.0,EUR,IT,V5645,low,PO952440,,completed,False,
CASE-00379,INV-000379,Send remittance notice,2026-01-12T17:10:46.131459,Payment System,System,system,2085.0,EUR,IT,V5645,low,PO952440,,completed,False,
CASE-00379,INV-000379,Invoice paid,2026-01-12T17:16:46.131459,Payment System,System,system,2085.0,EUR,IT,V5645,low,PO952440,,paid,False,
CASE-00380,INV-000380,Invoice received,2026-01-07T04:19:00,Coupa,System,system,22803.77,EUR,IT,V6742,low,PO581858,,completed,False,
CASE-00380,INV-000380,Validate invoice data,2026-01-07T04:43:00,Coupa,AP Clerk,ap12,22803.77,EUR,IT,V6742,low,PO581858,,completed,False,
CASE-00380,INV-000380,Check PO exists,2026-01-07T05:01:00,SAP,System,system,22803.77,EUR,IT,V6742,low,PO581858,,completed,False,
CASE-00380,INV-000380,Run three-way match,2026-01-07T05:31:00,SAP,System,system,22803.77,EUR,IT,V6742,low,PO581858,,completed,False,
CASE-00380,INV-000380,Run duplicate invoice check,2026-01-07T05:43:00,SAP,System,system,22803.77,EUR,IT,V6742,low,PO581858,,completed,False,
CASE-00380,INV-000380,Check vendor risk,2026-01-07T05:55:00,Vendor Master Data,System,system,22803.77,EUR,IT,V6742,low,PO581858,,completed,False,
CASE-00380,INV-000380,Check approval threshold,2026-01-07T06:01:00,SAP,System,system,22803.77,EUR,IT,V6742,low,PO581858,,completed,False,
CASE-00380,INV-000380,Finance manager approval,2026-01-07T15:15:20.123843,SAP,Finance Manager,ap12,22803.77,EUR,IT,V6742,low,PO581858,,completed,False,
CASE-00380,INV-000380,Schedule payment,2026-01-07T23:24:59.374108,Payment System,System,system,22803.77,EUR,IT,V6742,low,PO581858,,completed,False,
CASE-00380,INV-000380,Send remittance notice,2026-01-07T23:30:59.374108,Payment System,System,system,22803.77,EUR,IT,V6742,low,PO581858,,completed,False,
CASE-00380,INV-000380,Invoice paid,2026-01-07T23:36:59.374108,Payment System,System,system,22803.77,EUR,IT,V6742,low,PO581858,,paid,False,
CASE-00381,INV-000381,Invoice received,2026-01-07T04:26:00,Coupa,System,system,15816.15,EUR,NL,V1597,low,PO459557,,completed,False,
CASE-00381,INV-000381,Validate invoice data,2026-01-07T04:50:00,Coupa,AP Clerk,ap23,15816.15,EUR,NL,V1597,low,PO459557,,completed,False,
CASE-00381,INV-000381,Check PO exists,2026-01-07T05:08:00,SAP,System,system,15816.15,EUR,NL,V1597,low,PO459557,,completed,False,
CASE-00381,INV-000381,Run three-way match,2026-01-07T05:38:00,SAP,System,system,15816.15,EUR,NL,V1597,low,PO459557,,completed,False,
CASE-00381,INV-000381,Run duplicate invoice check,2026-01-07T05:50:00,SAP,System,system,15816.15,EUR,NL,V1597,low,PO459557,,completed,False,
CASE-00381,INV-000381,Check vendor risk,2026-01-07T06:02:00,Vendor Master Data,System,system,15816.15,EUR,NL,V1597,low,PO459557,,completed,False,
CASE-00381,INV-000381,Check approval threshold,2026-01-07T06:08:00,SAP,System,system,15816.15,EUR,NL,V1597,low,PO459557,,completed,False,
CASE-00381,INV-000381,Finance manager approval,2026-01-07T16:25:11.991316,SAP,Finance Manager,ap23,15816.15,EUR,NL,V1597,low,PO459557,,completed,False,
CASE-00381,INV-000381,Schedule payment,2026-01-08T03:04:19.497159,Payment System,System,system,15816.15,EUR,NL,V1597,low,PO459557,,completed,False,
CASE-00381,INV-000381,Send remittance notice,2026-01-08T03:10:19.497159,Payment System,System,system,15816.15,EUR,NL,V1597,low,PO459557,,completed,False,
CASE-00381,INV-000381,Invoice paid,2026-01-08T03:16:19.497159,Payment System,System,system,15816.15,EUR,NL,V1597,low,PO459557,,paid,False,
CASE-00382,INV-000382,Invoice received,2026-01-07T04:33:00,Coupa,System,system,11312.6,EUR,FR,V5049,low,PO662630,,completed,False,
CASE-00382,INV-000382,Validate invoice data,2026-01-07T04:57:00,Coupa,AP Clerk,ap12,11312.6,EUR,FR,V5049,low,PO662630,,completed,False,
CASE-00382,INV-000382,Check PO exists,2026-01-07T05:15:00,SAP,System,system,11312.6,EUR,FR,V5049,low,PO662630,,completed,False,
CASE-00382,INV-000382,Run three-way match,2026-01-07T05:45:00,SAP,System,system,11312.6,EUR,FR,V5049,low,PO662630,,completed,False,
CASE-00382,INV-000382,Classify exception,2026-01-07T05:57:00,ServiceNow,AP Clerk,ap12,11312.6,EUR,FR,V5049,low,PO662630,quantity_mismatch,completed,False,
CASE-00382,INV-000382,Create quantity mismatch ticket,2026-01-07T06:09:00,ServiceNow,System,system,11312.6,EUR,FR,V5049,low,PO662630,quantity_mismatch,completed,False,
CASE-00382,INV-000382,AP review quantity mismatch,2026-01-10T15:19:39.925472,ServiceNow,AP Clerk,ap12,11312.6,EUR,FR,V5049,low,PO662630,quantity_mismatch,completed,False,
CASE-00382,INV-000382,Correction for quantity mismatch,2026-01-11T01:17:11.296640,SAP,Procurement Specialist,ap12,11312.6,EUR,FR,V5049,low,PO662630,quantity_mismatch,completed,False,
CASE-00382,INV-000382,Run three-way match,2026-01-11T01:41:11.296640,SAP,System,system,11312.6,EUR,FR,V5049,low,PO662630,quantity_mismatch,completed,False,
CASE-00382,INV-000382,Run duplicate invoice check,2026-01-11T01:53:11.296640,SAP,System,system,11312.6,EUR,FR,V5049,low,PO662630,,completed,False,
CASE-00382,INV-000382,Check vendor risk,2026-01-11T02:05:11.296640,Vendor Master Data,System,system,11312.6,EUR,FR,V5049,low,PO662630,,completed,False,
CASE-00382,INV-000382,Check approval threshold,2026-01-11T02:11:11.296640,SAP,System,system,11312.6,EUR,FR,V5049,low,PO662630,,completed,False,
CASE-00382,INV-000382,Finance manager approval,2026-01-12T18:14:54.048116,SAP,Finance Manager,ap12,11312.6,EUR,FR,V5049,low,PO662630,,completed,False,
CASE-00382,INV-000382,Schedule payment,2026-01-13T02:11:10.775536,Payment System,System,system,11312.6,EUR,FR,V5049,low,PO662630,,completed,False,
CASE-00382,INV-000382,Send remittance notice,2026-01-13T02:17:10.775536,Payment System,System,system,11312.6,EUR,FR,V5049,low,PO662630,,completed,False,
CASE-00382,INV-000382,Invoice paid,2026-01-13T02:23:10.775536,Payment System,System,system,11312.6,EUR,FR,V5049,low,PO662630,,paid,False,
CASE-00383,INV-000383,Invoice received,2026-01-07T04:40:00,Coupa,System,system,18283.41,EUR,DE,V5070,medium,PO920197,,completed,False,
CASE-00383,INV-000383,Validate invoice data,2026-01-07T05:04:00,Coupa,AP Clerk,ap15,18283.41,EUR,DE,V5070,medium,PO920197,,completed,False,
CASE-00383,INV-000383,Check PO exists,2026-01-07T05:22:00,SAP,System,system,18283.41,EUR,DE,V5070,medium,PO920197,,completed,False,
CASE-00383,INV-000383,Run three-way match,2026-01-07T05:52:00,SAP,System,system,18283.41,EUR,DE,V5070,medium,PO920197,,completed,False,
CASE-00383,INV-000383,Classify exception,2026-01-07T06:04:00,ServiceNow,AP Clerk,ap15,18283.41,EUR,DE,V5070,medium,PO920197,price_mismatch,completed,False,
CASE-00383,INV-000383,Create price mismatch ticket,2026-01-07T06:16:00,ServiceNow,System,system,18283.41,EUR,DE,V5070,medium,PO920197,price_mismatch,completed,False,
CASE-00383,INV-000383,AP review price mismatch,2026-01-09T15:47:16.357605,ServiceNow,AP Clerk,ap15,18283.41,EUR,DE,V5070,medium,PO920197,price_mismatch,completed,False,
CASE-00383,INV-000383,Correction for price mismatch,2026-01-10T04:34:09.410026,SAP,Procurement Specialist,ap15,18283.41,EUR,DE,V5070,medium,PO920197,price_mismatch,completed,False,
CASE-00383,INV-000383,Run three-way match,2026-01-10T04:58:09.410026,SAP,System,system,18283.41,EUR,DE,V5070,medium,PO920197,price_mismatch,completed,False,
CASE-00383,INV-000383,Run duplicate invoice check,2026-01-10T05:10:09.410026,SAP,System,system,18283.41,EUR,DE,V5070,medium,PO920197,,completed,False,
CASE-00383,INV-000383,Check vendor risk,2026-01-10T05:22:09.410026,Vendor Master Data,System,system,18283.41,EUR,DE,V5070,medium,PO920197,,completed,False,
CASE-00383,INV-000383,Check approval threshold,2026-01-10T05:28:09.410026,SAP,System,system,18283.41,EUR,DE,V5070,medium,PO920197,,completed,False,
CASE-00383,INV-000383,Finance manager approval,2026-01-11T11:38:56.996824,SAP,Finance Manager,ap15,18283.41,EUR,DE,V5070,medium,PO920197,,completed,False,
CASE-00383,INV-000383,Schedule payment,2026-01-11T22:01:50.236088,Payment System,System,system,18283.41,EUR,DE,V5070,medium,PO920197,,completed,False,
CASE-00383,INV-000383,Send remittance notice,2026-01-11T22:07:50.236088,Payment System,System,system,18283.41,EUR,DE,V5070,medium,PO920197,,completed,False,
CASE-00383,INV-000383,Invoice paid,2026-01-11T22:13:50.236088,Payment System,System,system,18283.41,EUR,DE,V5070,medium,PO920197,,paid,False,
CASE-00384,INV-000384,Invoice received,2026-01-07T04:47:00,Coupa,System,system,2829.89,EUR,IT,V5858,low,PO294674,,completed,False,
CASE-00384,INV-000384,Validate invoice data,2026-01-07T05:11:00,Coupa,AP Clerk,ap07,2829.89,EUR,IT,V5858,low,PO294674,,completed,False,
CASE-00384,INV-000384,Check PO exists,2026-01-07T05:29:00,SAP,System,system,2829.89,EUR,IT,V5858,low,PO294674,,completed,False,
CASE-00384,INV-000384,Run three-way match,2026-01-07T05:59:00,SAP,System,system,2829.89,EUR,IT,V5858,low,PO294674,,completed,False,
CASE-00384,INV-000384,Classify exception,2026-01-07T06:11:00,ServiceNow,AP Clerk,ap07,2829.89,EUR,IT,V5858,low,PO294674,price_mismatch,completed,False,
CASE-00384,INV-000384,Create price mismatch ticket,2026-01-07T06:23:00,ServiceNow,System,system,2829.89,EUR,IT,V5858,low,PO294674,price_mismatch,completed,False,
CASE-00384,INV-000384,AP review price mismatch,2026-01-11T21:25:20.014404,ServiceNow,AP Clerk,ap07,2829.89,EUR,IT,V5858,low,PO294674,price_mismatch,completed,False,
CASE-00384,INV-000384,Correction for price mismatch,2026-01-12T05:55:32.721848,SAP,Procurement Specialist,ap07,2829.89,EUR,IT,V5858,low,PO294674,price_mismatch,completed,False,
CASE-00384,INV-000384,Run three-way match,2026-01-12T06:19:32.721848,SAP,System,system,2829.89,EUR,IT,V5858,low,PO294674,price_mismatch,completed,False,
CASE-00384,INV-000384,Run duplicate invoice check,2026-01-12T06:31:32.721848,SAP,System,system,2829.89,EUR,IT,V5858,low,PO294674,,completed,False,
CASE-00384,INV-000384,Check vendor risk,2026-01-12T06:43:32.721848,Vendor Master Data,System,system,2829.89,EUR,IT,V5858,low,PO294674,,completed,False,
CASE-00384,INV-000384,Check approval threshold,2026-01-12T06:49:32.721848,SAP,System,system,2829.89,EUR,IT,V5858,low,PO294674,,completed,False,
CASE-00384,INV-000384,Auto approve for payment scheduling,2026-01-12T06:55:32.721848,SAP,System,system,2829.89,EUR,IT,V5858,low,PO294674,,completed,False,
CASE-00384,INV-000384,Schedule payment,2026-01-12T12:05:33.970467,Payment System,System,system,2829.89,EUR,IT,V5858,low,PO294674,,completed,False,
CASE-00384,INV-000384,Send remittance notice,2026-01-12T12:11:33.970467,Payment System,System,system,2829.89,EUR,IT,V5858,low,PO294674,,completed,False,
CASE-00384,INV-000384,Invoice paid,2026-01-12T12:17:33.970467,Payment System,System,system,2829.89,EUR,IT,V5858,low,PO294674,,paid,False,
CASE-00385,INV-000385,Invoice received,2026-01-07T04:54:00,Coupa,System,system,22572.32,EUR,ES,V3209,low,PO776852,,completed,False,
CASE-00385,INV-000385,Validate invoice data,2026-01-07T05:18:00,Coupa,AP Clerk,ap17,22572.32,EUR,ES,V3209,low,PO776852,,completed,False,
CASE-00385,INV-000385,Check PO exists,2026-01-07T05:36:00,SAP,System,system,22572.32,EUR,ES,V3209,low,PO776852,,completed,False,
CASE-00385,INV-000385,Run three-way match,2026-01-07T06:06:00,SAP,System,system,22572.32,EUR,ES,V3209,low,PO776852,,completed,False,
CASE-00385,INV-000385,Classify exception,2026-01-07T06:18:00,ServiceNow,AP Clerk,ap17,22572.32,EUR,ES,V3209,low,PO776852,quantity_mismatch,completed,False,
CASE-00385,INV-000385,Create quantity mismatch ticket,2026-01-07T06:30:00,ServiceNow,System,system,22572.32,EUR,ES,V3209,low,PO776852,quantity_mismatch,completed,False,
CASE-00385,INV-000385,AP review quantity mismatch,2026-01-10T21:35:30.182431,ServiceNow,AP Clerk,ap17,22572.32,EUR,ES,V3209,low,PO776852,quantity_mismatch,completed,False,
CASE-00385,INV-000385,Correction for quantity mismatch,2026-01-11T04:24:56.476688,SAP,Procurement Specialist,ap17,22572.32,EUR,ES,V3209,low,PO776852,quantity_mismatch,completed,False,
CASE-00385,INV-000385,Run three-way match,2026-01-11T04:48:56.476688,SAP,System,system,22572.32,EUR,ES,V3209,low,PO776852,quantity_mismatch,completed,False,
CASE-00385,INV-000385,Run duplicate invoice check,2026-01-11T05:00:56.476688,SAP,System,system,22572.32,EUR,ES,V3209,low,PO776852,,completed,False,
CASE-00385,INV-000385,Check vendor risk,2026-01-11T05:12:56.476688,Vendor Master Data,System,system,22572.32,EUR,ES,V3209,low,PO776852,,completed,False,
CASE-00385,INV-000385,Check approval threshold,2026-01-11T05:18:56.476688,SAP,System,system,22572.32,EUR,ES,V3209,low,PO776852,,completed,False,
CASE-00385,INV-000385,Finance manager approval,2026-01-12T19:20:15.517008,SAP,Finance Manager,ap17,22572.32,EUR,ES,V3209,low,PO776852,,completed,False,
CASE-00385,INV-000385,Schedule payment,2026-01-12T23:52:04.093464,Payment System,System,system,22572.32,EUR,ES,V3209,low,PO776852,,completed,False,
CASE-00385,INV-000385,Send remittance notice,2026-01-12T23:58:04.093464,Payment System,System,system,22572.32,EUR,ES,V3209,low,PO776852,,completed,False,
CASE-00385,INV-000385,Invoice paid,2026-01-13T00:04:04.093464,Payment System,System,system,22572.32,EUR,ES,V3209,low,PO776852,,paid,False,
CASE-00386,INV-000386,Invoice received,2026-01-07T05:01:00,Coupa,System,system,10859.04,EUR,DE,V2692,low,PO204644,,completed,False,
CASE-00386,INV-000386,Validate invoice data,2026-01-07T05:25:00,Coupa,AP Clerk,ap22,10859.04,EUR,DE,V2692,low,PO204644,,completed,False,
CASE-00386,INV-000386,Check PO exists,2026-01-07T05:43:00,SAP,System,system,10859.04,EUR,DE,V2692,low,PO204644,,completed,False,
CASE-00386,INV-000386,Run three-way match,2026-01-07T06:13:00,SAP,System,system,10859.04,EUR,DE,V2692,low,PO204644,,completed,False,
CASE-00386,INV-000386,Classify exception,2026-01-07T06:25:00,ServiceNow,AP Clerk,ap22,10859.04,EUR,DE,V2692,low,PO204644,price_mismatch,completed,False,
CASE-00386,INV-000386,Create price mismatch ticket,2026-01-07T06:37:00,ServiceNow,System,system,10859.04,EUR,DE,V2692,low,PO204644,price_mismatch,completed,False,
CASE-00386,INV-000386,AP review price mismatch,2026-01-14T23:43:50.242713,ServiceNow,AP Clerk,ap22,10859.04,EUR,DE,V2692,low,PO204644,price_mismatch,completed,False,
CASE-00386,INV-000386,Correction for price mismatch,2026-01-15T13:04:37.791442,SAP,Procurement Specialist,ap22,10859.04,EUR,DE,V2692,low,PO204644,price_mismatch,completed,False,
CASE-00386,INV-000386,Run three-way match,2026-01-15T13:28:37.791442,SAP,System,system,10859.04,EUR,DE,V2692,low,PO204644,price_mismatch,completed,False,
CASE-00386,INV-000386,Run duplicate invoice check,2026-01-15T13:40:37.791442,SAP,System,system,10859.04,EUR,DE,V2692,low,PO204644,,completed,False,
CASE-00386,INV-000386,Check vendor risk,2026-01-15T13:52:37.791442,Vendor Master Data,System,system,10859.04,EUR,DE,V2692,low,PO204644,,completed,False,
CASE-00386,INV-000386,Check approval threshold,2026-01-15T13:58:37.791442,SAP,System,system,10859.04,EUR,DE,V2692,low,PO204644,,completed,False,
CASE-00386,INV-000386,Finance manager approval,2026-01-16T00:58:23.767890,SAP,Finance Manager,ap22,10859.04,EUR,DE,V2692,low,PO204644,,completed,False,
CASE-00386,INV-000386,Schedule payment,2026-01-16T07:57:31.247829,Payment System,System,system,10859.04,EUR,DE,V2692,low,PO204644,,completed,False,
CASE-00386,INV-000386,Send remittance notice,2026-01-16T08:03:31.247829,Payment System,System,system,10859.04,EUR,DE,V2692,low,PO204644,,completed,False,
CASE-00386,INV-000386,Invoice paid,2026-01-16T08:09:31.247829,Payment System,System,system,10859.04,EUR,DE,V2692,low,PO204644,,paid,False,
CASE-00387,INV-000387,Invoice received,2026-01-07T05:08:00,Coupa,System,system,24765.09,EUR,ES,V3694,high,PO930449,,completed,False,
CASE-00387,INV-000387,Validate invoice data,2026-01-07T05:32:00,Coupa,AP Clerk,ap17,24765.09,EUR,ES,V3694,high,PO930449,,completed,False,
CASE-00387,INV-000387,Check PO exists,2026-01-07T05:50:00,SAP,System,system,24765.09,EUR,ES,V3694,high,PO930449,,completed,False,
CASE-00387,INV-000387,Run three-way match,2026-01-07T06:20:00,SAP,System,system,24765.09,EUR,ES,V3694,high,PO930449,,completed,False,
CASE-00387,INV-000387,Run duplicate invoice check,2026-01-07T06:32:00,SAP,System,system,24765.09,EUR,ES,V3694,high,PO930449,,completed,False,
CASE-00387,INV-000387,Check vendor risk,2026-01-07T06:44:00,Vendor Master Data,System,system,24765.09,EUR,ES,V3694,high,PO930449,,completed,False,
CASE-00387,INV-000387,Compliance review,2026-01-08T02:54:38.654469,Vendor Master Data,Compliance Officer,ap17,24765.09,EUR,ES,V3694,high,PO930449,,completed,False,
CASE-00387,INV-000387,Check approval threshold,2026-01-08T03:00:38.654469,SAP,System,system,24765.09,EUR,ES,V3694,high,PO930449,,completed,False,
CASE-00387,INV-000387,Finance manager approval,2026-01-08T12:26:06.135027,SAP,Finance Manager,ap17,24765.09,EUR,ES,V3694,high,PO930449,,completed,False,
CASE-00387,INV-000387,Schedule payment,2026-01-08T22:35:14.535136,Payment System,System,system,24765.09,EUR,ES,V3694,high,PO930449,,completed,False,
CASE-00387,INV-000387,Send remittance notice,2026-01-08T22:41:14.535136,Payment System,System,system,24765.09,EUR,ES,V3694,high,PO930449,,completed,False,
CASE-00387,INV-000387,Invoice paid,2026-01-08T22:47:14.535136,Payment System,System,system,24765.09,EUR,ES,V3694,high,PO930449,,paid,False,
CASE-00388,INV-000388,Invoice received,2026-01-07T05:15:00,Coupa,System,system,21828.89,EUR,ES,V1553,low,PO178587,,completed,False,
CASE-00388,INV-000388,Validate invoice data,2026-01-07T05:39:00,Coupa,AP Clerk,ap03,21828.89,EUR,ES,V1553,low,PO178587,,completed,False,
CASE-00388,INV-000388,Manual Email Review,2026-01-08T10:41:08.615402,Email and Excel,AP Clerk,ap03,21828.89,EUR,ES,V1553,low,PO178587,,completed,True,Manual Email Review
CASE-00388,INV-000388,Check PO exists,2026-01-08T10:59:08.615402,SAP,System,system,21828.89,EUR,ES,V1553,low,PO178587,,completed,False,
CASE-00388,INV-000388,Run three-way match,2026-01-08T11:29:08.615402,SAP,System,system,21828.89,EUR,ES,V1553,low,PO178587,,completed,False,
CASE-00388,INV-000388,Run duplicate invoice check,2026-01-08T11:41:08.615402,SAP,System,system,21828.89,EUR,ES,V1553,low,PO178587,,completed,False,
CASE-00388,INV-000388,Check vendor risk,2026-01-08T11:53:08.615402,Vendor Master Data,System,system,21828.89,EUR,ES,V1553,low,PO178587,,completed,False,
CASE-00388,INV-000388,Check approval threshold,2026-01-08T11:59:08.615402,SAP,System,system,21828.89,EUR,ES,V1553,low,PO178587,,completed,False,
CASE-00388,INV-000388,Finance manager approval,2026-01-09T04:18:55.688676,SAP,Finance Manager,ap03,21828.89,EUR,ES,V1553,low,PO178587,,completed,False,
CASE-00388,INV-000388,Schedule payment,2026-01-09T11:26:03.406639,Payment System,System,system,21828.89,EUR,ES,V1553,low,PO178587,,completed,False,
CASE-00388,INV-000388,Send remittance notice,2026-01-09T11:32:03.406639,Payment System,System,system,21828.89,EUR,ES,V1553,low,PO178587,,completed,False,
CASE-00388,INV-000388,Invoice paid,2026-01-09T11:38:03.406639,Payment System,System,system,21828.89,EUR,ES,V1553,low,PO178587,,paid,False,
CASE-00389,INV-000389,Invoice received,2026-01-07T05:22:00,Coupa,System,system,14763.8,EUR,DE,V6312,low,PO481569,,completed,False,
CASE-00389,INV-000389,Validate invoice data,2026-01-07T05:46:00,Coupa,AP Clerk,ap22,14763.8,EUR,DE,V6312,low,PO481569,,completed,False,
CASE-00389,INV-000389,Manual Email Review,2026-01-07T18:46:02.439666,Email and Excel,AP Clerk,ap22,14763.8,EUR,DE,V6312,low,PO481569,,completed,True,Manual Email Review
CASE-00389,INV-000389,Check PO exists,2026-01-07T19:04:02.439666,SAP,System,system,14763.8,EUR,DE,V6312,low,PO481569,,completed,False,
CASE-00389,INV-000389,Run three-way match,2026-01-07T19:34:02.439666,SAP,System,system,14763.8,EUR,DE,V6312,low,PO481569,,completed,False,
CASE-00389,INV-000389,Run duplicate invoice check,2026-01-07T19:46:02.439666,SAP,System,system,14763.8,EUR,DE,V6312,low,PO481569,,completed,False,
CASE-00389,INV-000389,Check vendor risk,2026-01-07T19:58:02.439666,Vendor Master Data,System,system,14763.8,EUR,DE,V6312,low,PO481569,,completed,False,
CASE-00389,INV-000389,Check approval threshold,2026-01-07T20:04:02.439666,SAP,System,system,14763.8,EUR,DE,V6312,low,PO481569,,completed,False,
CASE-00389,INV-000389,Finance manager approval,2026-01-09T12:41:53.997119,SAP,Finance Manager,ap22,14763.8,EUR,DE,V6312,low,PO481569,,completed,False,
CASE-00389,INV-000389,Schedule payment,2026-01-09T17:32:32.111709,Payment System,System,system,14763.8,EUR,DE,V6312,low,PO481569,,completed,False,
CASE-00389,INV-000389,Send remittance notice,2026-01-09T17:38:32.111709,Payment System,System,system,14763.8,EUR,DE,V6312,low,PO481569,,completed,False,
CASE-00389,INV-000389,Invoice paid,2026-01-09T17:44:32.111709,Payment System,System,system,14763.8,EUR,DE,V6312,low,PO481569,,paid,False,
CASE-00390,INV-000390,Invoice received,2026-01-07T05:29:00,Coupa,System,system,4583.1,EUR,FR,V9892,low,PO565986,,completed,False,
CASE-00390,INV-000390,Validate invoice data,2026-01-07T05:53:00,Coupa,AP Clerk,ap17,4583.1,EUR,FR,V9892,low,PO565986,,completed,False,
CASE-00390,INV-000390,Check PO exists,2026-01-07T06:11:00,SAP,System,system,4583.1,EUR,FR,V9892,low,PO565986,,completed,False,
CASE-00390,INV-000390,Run three-way match,2026-01-07T06:41:00,SAP,System,system,4583.1,EUR,FR,V9892,low,PO565986,,completed,False,
CASE-00390,INV-000390,Run duplicate invoice check,2026-01-07T06:53:00,SAP,System,system,4583.1,EUR,FR,V9892,low,PO565986,,completed,False,
CASE-00390,INV-000390,Check vendor risk,2026-01-07T07:05:00,Vendor Master Data,System,system,4583.1,EUR,FR,V9892,low,PO565986,,completed,False,
CASE-00390,INV-000390,Check approval threshold,2026-01-07T07:11:00,SAP,System,system,4583.1,EUR,FR,V9892,low,PO565986,,completed,False,
CASE-00390,INV-000390,Auto approve for payment scheduling,2026-01-07T07:17:00,SAP,System,system,4583.1,EUR,FR,V9892,low,PO565986,,completed,False,
CASE-00390,INV-000390,Schedule payment,2026-01-07T13:42:19.116947,Payment System,System,system,4583.1,EUR,FR,V9892,low,PO565986,,completed,False,
CASE-00390,INV-000390,Send remittance notice,2026-01-07T13:48:19.116947,Payment System,System,system,4583.1,EUR,FR,V9892,low,PO565986,,completed,False,
CASE-00390,INV-000390,Invoice paid,2026-01-07T13:54:19.116947,Payment System,System,system,4583.1,EUR,FR,V9892,low,PO565986,,paid,False,
CASE-00391,INV-000391,Invoice received,2026-01-07T05:36:00,Coupa,System,system,11672.99,EUR,FR,V7669,low,PO545068,,completed,False,
CASE-00391,INV-000391,Validate invoice data,2026-01-07T06:00:00,Coupa,AP Clerk,ap16,11672.99,EUR,FR,V7669,low,PO545068,,completed,False,
CASE-00391,INV-000391,Manual Email Review,2026-01-07T20:35:32.694257,Email and Excel,AP Clerk,ap16,11672.99,EUR,FR,V7669,low,PO545068,,completed,True,Manual Email Review
CASE-00391,INV-000391,Check PO exists,2026-01-07T20:53:32.694257,SAP,System,system,11672.99,EUR,FR,V7669,low,PO545068,,completed,False,
CASE-00391,INV-000391,Run three-way match,2026-01-07T21:23:32.694257,SAP,System,system,11672.99,EUR,FR,V7669,low,PO545068,,completed,False,
CASE-00391,INV-000391,Run duplicate invoice check,2026-01-07T21:35:32.694257,SAP,System,system,11672.99,EUR,FR,V7669,low,PO545068,,completed,False,
CASE-00391,INV-000391,Check vendor risk,2026-01-07T21:47:32.694257,Vendor Master Data,System,system,11672.99,EUR,FR,V7669,low,PO545068,,completed,False,
CASE-00391,INV-000391,Check approval threshold,2026-01-07T21:53:32.694257,SAP,System,system,11672.99,EUR,FR,V7669,low,PO545068,,completed,False,
CASE-00391,INV-000391,Finance manager approval,2026-01-08T20:36:44.283902,SAP,Finance Manager,ap16,11672.99,EUR,FR,V7669,low,PO545068,,completed,False,
CASE-00391,INV-000391,Schedule payment,2026-01-09T04:49:22.208682,Payment System,System,system,11672.99,EUR,FR,V7669,low,PO545068,,completed,False,
CASE-00391,INV-000391,Send remittance notice,2026-01-09T04:55:22.208682,Payment System,System,system,11672.99,EUR,FR,V7669,low,PO545068,,completed,False,
CASE-00391,INV-000391,Invoice paid,2026-01-09T05:01:22.208682,Payment System,System,system,11672.99,EUR,FR,V7669,low,PO545068,,paid,False,
CASE-00392,INV-000392,Invoice received,2026-01-07T05:43:00,Coupa,System,system,17455.99,EUR,IT,V7605,medium,PO897453,,completed,False,
CASE-00392,INV-000392,Validate invoice data,2026-01-07T06:07:00,Coupa,AP Clerk,ap02,17455.99,EUR,IT,V7605,medium,PO897453,,completed,False,
CASE-00392,INV-000392,Manual Email Review,2026-01-08T02:11:31.861603,Email and Excel,AP Clerk,ap02,17455.99,EUR,IT,V7605,medium,PO897453,,completed,True,Manual Email Review
CASE-00392,INV-000392,Check PO exists,2026-01-08T02:29:31.861603,SAP,System,system,17455.99,EUR,IT,V7605,medium,PO897453,,completed,False,
CASE-00392,INV-000392,Run three-way match,2026-01-08T02:59:31.861603,SAP,System,system,17455.99,EUR,IT,V7605,medium,PO897453,,completed,False,
CASE-00392,INV-000392,Run duplicate invoice check,2026-01-08T03:11:31.861603,SAP,System,system,17455.99,EUR,IT,V7605,medium,PO897453,,completed,False,
CASE-00392,INV-000392,Check vendor risk,2026-01-08T03:23:31.861603,Vendor Master Data,System,system,17455.99,EUR,IT,V7605,medium,PO897453,,completed,False,
CASE-00392,INV-000392,Check approval threshold,2026-01-08T03:29:31.861603,SAP,System,system,17455.99,EUR,IT,V7605,medium,PO897453,,completed,False,
CASE-00392,INV-000392,Finance manager approval,2026-01-08T10:56:23.615204,SAP,Finance Manager,ap02,17455.99,EUR,IT,V7605,medium,PO897453,,completed,False,
CASE-00392,INV-000392,Schedule payment,2026-01-08T21:45:56.149893,Payment System,System,system,17455.99,EUR,IT,V7605,medium,PO897453,,completed,False,
CASE-00392,INV-000392,Send remittance notice,2026-01-08T21:51:56.149893,Payment System,System,system,17455.99,EUR,IT,V7605,medium,PO897453,,completed,False,
CASE-00392,INV-000392,Invoice paid,2026-01-08T21:57:56.149893,Payment System,System,system,17455.99,EUR,IT,V7605,medium,PO897453,,paid,False,
CASE-00393,INV-000393,Invoice received,2026-01-07T05:50:00,Coupa,System,system,9197.02,EUR,ES,V4650,low,PO748092,,completed,False,
CASE-00393,INV-000393,Validate invoice data,2026-01-07T06:14:00,Coupa,AP Clerk,ap05,9197.02,EUR,ES,V4650,low,PO748092,,completed,False,
CASE-00393,INV-000393,Check PO exists,2026-01-07T06:32:00,SAP,System,system,9197.02,EUR,ES,V4650,low,PO748092,,completed,False,
CASE-00393,INV-000393,Run three-way match,2026-01-07T07:02:00,SAP,System,system,9197.02,EUR,ES,V4650,low,PO748092,,completed,False,
CASE-00393,INV-000393,Run duplicate invoice check,2026-01-07T07:14:00,SAP,System,system,9197.02,EUR,ES,V4650,low,PO748092,,completed,False,
CASE-00393,INV-000393,Check vendor risk,2026-01-07T07:26:00,Vendor Master Data,System,system,9197.02,EUR,ES,V4650,low,PO748092,,completed,False,
CASE-00393,INV-000393,Check approval threshold,2026-01-07T07:32:00,SAP,System,system,9197.02,EUR,ES,V4650,low,PO748092,,completed,False,
CASE-00393,INV-000393,Auto approve for payment scheduling,2026-01-07T07:38:00,SAP,System,system,9197.02,EUR,ES,V4650,low,PO748092,,completed,False,
CASE-00393,INV-000393,Schedule payment,2026-01-07T15:10:16.319757,Payment System,System,system,9197.02,EUR,ES,V4650,low,PO748092,,completed,False,
CASE-00393,INV-000393,Send remittance notice,2026-01-07T15:16:16.319757,Payment System,System,system,9197.02,EUR,ES,V4650,low,PO748092,,completed,False,
CASE-00393,INV-000393,Invoice paid,2026-01-07T15:22:16.319757,Payment System,System,system,9197.02,EUR,ES,V4650,low,PO748092,,paid,False,
CASE-00394,INV-000394,Invoice received,2026-01-07T05:57:00,Coupa,System,system,18095.69,EUR,IT,V3626,low,PO918900,,completed,False,
CASE-00394,INV-000394,Validate invoice data,2026-01-07T06:21:00,Coupa,AP Clerk,ap22,18095.69,EUR,IT,V3626,low,PO918900,,completed,False,
CASE-00394,INV-000394,Check PO exists,2026-01-07T06:39:00,SAP,System,system,18095.69,EUR,IT,V3626,low,PO918900,,completed,False,
CASE-00394,INV-000394,Run three-way match,2026-01-07T07:09:00,SAP,System,system,18095.69,EUR,IT,V3626,low,PO918900,,completed,False,
CASE-00394,INV-000394,Run duplicate invoice check,2026-01-07T07:21:00,SAP,System,system,18095.69,EUR,IT,V3626,low,PO918900,,completed,False,
CASE-00394,INV-000394,Check vendor risk,2026-01-07T07:33:00,Vendor Master Data,System,system,18095.69,EUR,IT,V3626,low,PO918900,,completed,False,
CASE-00394,INV-000394,Check approval threshold,2026-01-07T07:39:00,SAP,System,system,18095.69,EUR,IT,V3626,low,PO918900,,completed,False,
CASE-00394,INV-000394,Finance manager approval,2026-01-08T06:25:45.744791,SAP,Finance Manager,ap22,18095.69,EUR,IT,V3626,low,PO918900,,completed,False,
CASE-00394,INV-000394,Schedule payment,2026-01-08T12:04:07.369114,Payment System,System,system,18095.69,EUR,IT,V3626,low,PO918900,,completed,False,
CASE-00394,INV-000394,Send remittance notice,2026-01-08T12:10:07.369114,Payment System,System,system,18095.69,EUR,IT,V3626,low,PO918900,,completed,False,
CASE-00394,INV-000394,Invoice paid,2026-01-08T12:16:07.369114,Payment System,System,system,18095.69,EUR,IT,V3626,low,PO918900,,paid,False,
CASE-00395,INV-000395,Invoice received,2026-01-07T06:04:00,Coupa,System,system,15670.62,EUR,DE,V8259,low,PO543216,,completed,False,
CASE-00395,INV-000395,Validate invoice data,2026-01-07T06:28:00,Coupa,AP Clerk,ap02,15670.62,EUR,DE,V8259,low,PO543216,,completed,False,
CASE-00395,INV-000395,Check PO exists,2026-01-07T06:46:00,SAP,System,system,15670.62,EUR,DE,V8259,low,PO543216,,completed,False,
CASE-00395,INV-000395,Run three-way match,2026-01-07T07:16:00,SAP,System,system,15670.62,EUR,DE,V8259,low,PO543216,,completed,False,
CASE-00395,INV-000395,Classify exception,2026-01-07T07:28:00,ServiceNow,AP Clerk,ap02,15670.62,EUR,DE,V8259,low,PO543216,missing_gr,completed,False,
CASE-00395,INV-000395,Request goods receipt confirmation,2026-01-08T10:12:16.835280,SAP,Procurement Specialist,ap02,15670.62,EUR,DE,V8259,low,PO543216,missing_gr,completed,False,
CASE-00395,INV-000395,Run three-way match,2026-01-08T10:36:16.835280,SAP,System,system,15670.62,EUR,DE,V8259,low,PO543216,missing_gr,completed,False,
CASE-00395,INV-000395,Run duplicate invoice check,2026-01-08T10:48:16.835280,SAP,System,system,15670.62,EUR,DE,V8259,low,PO543216,,completed,False,
CASE-00395,INV-000395,Check vendor risk,2026-01-08T11:00:16.835280,Vendor Master Data,System,system,15670.62,EUR,DE,V8259,low,PO543216,,completed,False,
CASE-00395,INV-000395,Check approval threshold,2026-01-08T11:06:16.835280,SAP,System,system,15670.62,EUR,DE,V8259,low,PO543216,,completed,False,
CASE-00395,INV-000395,Finance manager approval,2026-01-08T19:15:02.099503,SAP,Finance Manager,ap02,15670.62,EUR,DE,V8259,low,PO543216,,completed,False,
CASE-00395,INV-000395,Schedule payment,2026-01-09T02:44:50.535831,Payment System,System,system,15670.62,EUR,DE,V8259,low,PO543216,,completed,False,
CASE-00395,INV-000395,Send remittance notice,2026-01-09T02:50:50.535831,Payment System,System,system,15670.62,EUR,DE,V8259,low,PO543216,,completed,False,
CASE-00395,INV-000395,Invoice paid,2026-01-09T02:56:50.535831,Payment System,System,system,15670.62,EUR,DE,V8259,low,PO543216,,paid,False,
CASE-00396,INV-000396,Invoice received,2026-01-07T06:11:00,Coupa,System,system,8072.06,EUR,IT,V1396,low,PO796749,,completed,False,
CASE-00396,INV-000396,Validate invoice data,2026-01-07T06:35:00,Coupa,AP Clerk,ap16,8072.06,EUR,IT,V1396,low,PO796749,,completed,False,
CASE-00396,INV-000396,Check PO exists,2026-01-07T06:53:00,SAP,System,system,8072.06,EUR,IT,V1396,low,PO796749,,completed,False,
CASE-00396,INV-000396,Run three-way match,2026-01-07T07:23:00,SAP,System,system,8072.06,EUR,IT,V1396,low,PO796749,,completed,False,
CASE-00396,INV-000396,Classify exception,2026-01-07T07:35:00,ServiceNow,AP Clerk,ap16,8072.06,EUR,IT,V1396,low,PO796749,price_mismatch,completed,False,
CASE-00396,INV-000396,Create price mismatch ticket,2026-01-07T07:47:00,ServiceNow,System,system,8072.06,EUR,IT,V1396,low,PO796749,price_mismatch,completed,False,
CASE-00396,INV-000396,AP review price mismatch,2026-01-14T15:49:18.437278,ServiceNow,AP Clerk,ap16,8072.06,EUR,IT,V1396,low,PO796749,price_mismatch,completed,False,
CASE-00396,INV-000396,Correction for price mismatch,2026-01-15T11:44:47.766038,SAP,Procurement Specialist,ap16,8072.06,EUR,IT,V1396,low,PO796749,price_mismatch,completed,False,
CASE-00396,INV-000396,Run three-way match,2026-01-15T12:08:47.766038,SAP,System,system,8072.06,EUR,IT,V1396,low,PO796749,price_mismatch,completed,False,
CASE-00396,INV-000396,Run duplicate invoice check,2026-01-15T12:20:47.766038,SAP,System,system,8072.06,EUR,IT,V1396,low,PO796749,,completed,False,
CASE-00396,INV-000396,Check vendor risk,2026-01-15T12:32:47.766038,Vendor Master Data,System,system,8072.06,EUR,IT,V1396,low,PO796749,,completed,False,
CASE-00396,INV-000396,Check approval threshold,2026-01-15T12:38:47.766038,SAP,System,system,8072.06,EUR,IT,V1396,low,PO796749,,completed,False,
CASE-00396,INV-000396,Auto approve for payment scheduling,2026-01-15T12:44:47.766038,SAP,System,system,8072.06,EUR,IT,V1396,low,PO796749,,completed,False,
CASE-00396,INV-000396,Schedule payment,2026-01-15T20:27:54.262802,Payment System,System,system,8072.06,EUR,IT,V1396,low,PO796749,,completed,False,
CASE-00396,INV-000396,Send remittance notice,2026-01-15T20:33:54.262802,Payment System,System,system,8072.06,EUR,IT,V1396,low,PO796749,,completed,False,
CASE-00396,INV-000396,Invoice paid,2026-01-15T20:39:54.262802,Payment System,System,system,8072.06,EUR,IT,V1396,low,PO796749,,paid,False,
CASE-00397,INV-000397,Invoice received,2026-01-07T06:18:00,Coupa,System,system,9480.56,EUR,FR,V6308,high,PO226993,,completed,False,
CASE-00397,INV-000397,Validate invoice data,2026-01-07T06:42:00,Coupa,AP Clerk,ap18,9480.56,EUR,FR,V6308,high,PO226993,,completed,False,
CASE-00397,INV-000397,Check PO exists,2026-01-07T07:00:00,SAP,System,system,9480.56,EUR,FR,V6308,high,PO226993,,completed,False,
CASE-00397,INV-000397,Run three-way match,2026-01-07T07:30:00,SAP,System,system,9480.56,EUR,FR,V6308,high,PO226993,,completed,False,
CASE-00397,INV-000397,Classify exception,2026-01-07T07:42:00,ServiceNow,AP Clerk,ap18,9480.56,EUR,FR,V6308,high,PO226993,quantity_mismatch,completed,False,
CASE-00397,INV-000397,Create quantity mismatch ticket,2026-01-07T07:54:00,ServiceNow,System,system,9480.56,EUR,FR,V6308,high,PO226993,quantity_mismatch,completed,False,
CASE-00397,INV-000397,AP review quantity mismatch,2026-01-11T07:20:28.970854,ServiceNow,AP Clerk,ap18,9480.56,EUR,FR,V6308,high,PO226993,quantity_mismatch,completed,False,
CASE-00397,INV-000397,Correction for quantity mismatch,2026-01-11T20:32:55.078493,SAP,Procurement Specialist,ap18,9480.56,EUR,FR,V6308,high,PO226993,quantity_mismatch,completed,False,
CASE-00397,INV-000397,Run three-way match,2026-01-11T20:56:55.078493,SAP,System,system,9480.56,EUR,FR,V6308,high,PO226993,quantity_mismatch,completed,False,
CASE-00397,INV-000397,Run duplicate invoice check,2026-01-11T21:08:55.078493,SAP,System,system,9480.56,EUR,FR,V6308,high,PO226993,,completed,False,
CASE-00397,INV-000397,Check vendor risk,2026-01-11T21:20:55.078493,Vendor Master Data,System,system,9480.56,EUR,FR,V6308,high,PO226993,,completed,False,
CASE-00397,INV-000397,Compliance review,2026-01-13T02:19:08.556226,Vendor Master Data,Compliance Officer,ap18,9480.56,EUR,FR,V6308,high,PO226993,,completed,False,
CASE-00397,INV-000397,Check approval threshold,2026-01-13T02:25:08.556226,SAP,System,system,9480.56,EUR,FR,V6308,high,PO226993,,completed,False,
CASE-00397,INV-000397,Auto approve for payment scheduling,2026-01-13T02:31:08.556226,SAP,System,system,9480.56,EUR,FR,V6308,high,PO226993,,completed,False,
CASE-00397,INV-000397,Schedule payment,2026-01-13T10:57:59.512042,Payment System,System,system,9480.56,EUR,FR,V6308,high,PO226993,,completed,False,
CASE-00397,INV-000397,Send remittance notice,2026-01-13T11:03:59.512042,Payment System,System,system,9480.56,EUR,FR,V6308,high,PO226993,,completed,False,
CASE-00397,INV-000397,Invoice paid,2026-01-13T11:09:59.512042,Payment System,System,system,9480.56,EUR,FR,V6308,high,PO226993,,paid,False,
CASE-00398,INV-000398,Invoice received,2026-01-07T06:25:00,Coupa,System,system,22822.84,EUR,NL,V5688,low,PO573384,,completed,False,
CASE-00398,INV-000398,Validate invoice data,2026-01-07T06:49:00,Coupa,AP Clerk,ap04,22822.84,EUR,NL,V5688,low,PO573384,,completed,False,
CASE-00398,INV-000398,Check PO exists,2026-01-07T07:07:00,SAP,System,system,22822.84,EUR,NL,V5688,low,PO573384,,completed,False,
CASE-00398,INV-000398,Run three-way match,2026-01-07T07:37:00,SAP,System,system,22822.84,EUR,NL,V5688,low,PO573384,,completed,False,
CASE-00398,INV-000398,Classify exception,2026-01-07T07:49:00,ServiceNow,AP Clerk,ap04,22822.84,EUR,NL,V5688,low,PO573384,price_mismatch,completed,False,
CASE-00398,INV-000398,Create price mismatch ticket,2026-01-07T08:01:00,ServiceNow,System,system,22822.84,EUR,NL,V5688,low,PO573384,price_mismatch,completed,False,
CASE-00398,INV-000398,AP review price mismatch,2026-01-10T22:24:05.805064,ServiceNow,AP Clerk,ap04,22822.84,EUR,NL,V5688,low,PO573384,price_mismatch,completed,False,
CASE-00398,INV-000398,Correction for price mismatch,2026-01-11T09:21:34.820211,SAP,Procurement Specialist,ap04,22822.84,EUR,NL,V5688,low,PO573384,price_mismatch,completed,False,
CASE-00398,INV-000398,Run three-way match,2026-01-11T09:45:34.820211,SAP,System,system,22822.84,EUR,NL,V5688,low,PO573384,price_mismatch,completed,False,
CASE-00398,INV-000398,Run duplicate invoice check,2026-01-11T09:57:34.820211,SAP,System,system,22822.84,EUR,NL,V5688,low,PO573384,,completed,False,
CASE-00398,INV-000398,Check vendor risk,2026-01-11T10:09:34.820211,Vendor Master Data,System,system,22822.84,EUR,NL,V5688,low,PO573384,,completed,False,
CASE-00398,INV-000398,Check approval threshold,2026-01-11T10:15:34.820211,SAP,System,system,22822.84,EUR,NL,V5688,low,PO573384,,completed,False,
CASE-00398,INV-000398,Finance manager approval,2026-01-13T09:13:26.634830,SAP,Finance Manager,ap04,22822.84,EUR,NL,V5688,low,PO573384,,completed,False,
CASE-00398,INV-000398,Schedule payment,2026-01-13T19:09:32.343582,Payment System,System,system,22822.84,EUR,NL,V5688,low,PO573384,,completed,False,
CASE-00398,INV-000398,Send remittance notice,2026-01-13T19:15:32.343582,Payment System,System,system,22822.84,EUR,NL,V5688,low,PO573384,,completed,False,
CASE-00398,INV-000398,Invoice paid,2026-01-13T19:21:32.343582,Payment System,System,system,22822.84,EUR,NL,V5688,low,PO573384,,paid,False,
CASE-00399,INV-000399,Invoice received,2026-01-07T06:32:00,Coupa,System,system,19280.86,EUR,ES,V1885,medium,PO156003,,completed,False,
CASE-00399,INV-000399,Validate invoice data,2026-01-07T06:56:00,Coupa,AP Clerk,ap22,19280.86,EUR,ES,V1885,medium,PO156003,,completed,False,
CASE-00399,INV-000399,Check PO exists,2026-01-07T07:14:00,SAP,System,system,19280.86,EUR,ES,V1885,medium,PO156003,,completed,False,
CASE-00399,INV-000399,Run three-way match,2026-01-07T07:44:00,SAP,System,system,19280.86,EUR,ES,V1885,medium,PO156003,,completed,False,
CASE-00399,INV-000399,Classify exception,2026-01-07T07:56:00,ServiceNow,AP Clerk,ap22,19280.86,EUR,ES,V1885,medium,PO156003,price_mismatch,completed,False,
CASE-00399,INV-000399,Create price mismatch ticket,2026-01-07T08:08:00,ServiceNow,System,system,19280.86,EUR,ES,V1885,medium,PO156003,price_mismatch,completed,False,
CASE-00399,INV-000399,AP review price mismatch,2026-01-11T03:54:31.484118,ServiceNow,AP Clerk,ap22,19280.86,EUR,ES,V1885,medium,PO156003,price_mismatch,completed,False,
CASE-00399,INV-000399,Correction for price mismatch,2026-01-11T23:35:52.104343,SAP,Procurement Specialist,ap22,19280.86,EUR,ES,V1885,medium,PO156003,price_mismatch,completed,False,
CASE-00399,INV-000399,Run three-way match,2026-01-11T23:59:52.104343,SAP,System,system,19280.86,EUR,ES,V1885,medium,PO156003,price_mismatch,completed,False,
CASE-00399,INV-000399,Run duplicate invoice check,2026-01-12T00:11:52.104343,SAP,System,system,19280.86,EUR,ES,V1885,medium,PO156003,,completed,False,
CASE-00399,INV-000399,Check vendor risk,2026-01-12T00:23:52.104343,Vendor Master Data,System,system,19280.86,EUR,ES,V1885,medium,PO156003,,completed,False,
CASE-00399,INV-000399,Check approval threshold,2026-01-12T00:29:52.104343,SAP,System,system,19280.86,EUR,ES,V1885,medium,PO156003,,completed,False,
CASE-00399,INV-000399,Finance manager approval,2026-01-12T08:38:39.777120,SAP,Finance Manager,ap22,19280.86,EUR,ES,V1885,medium,PO156003,,completed,False,
CASE-00399,INV-000399,Schedule payment,2026-01-12T13:48:15.571524,Payment System,System,system,19280.86,EUR,ES,V1885,medium,PO156003,,completed,False,
CASE-00399,INV-000399,Send remittance notice,2026-01-12T13:54:15.571524,Payment System,System,system,19280.86,EUR,ES,V1885,medium,PO156003,,completed,False,
CASE-00399,INV-000399,Invoice paid,2026-01-12T14:00:15.571524,Payment System,System,system,19280.86,EUR,ES,V1885,medium,PO156003,,paid,False,
CASE-00400,INV-000400,Invoice received,2026-01-07T06:39:00,Coupa,System,system,12904.44,EUR,ES,V8546,low,PO735220,,completed,False,
CASE-00400,INV-000400,Validate invoice data,2026-01-07T07:03:00,Coupa,AP Clerk,ap09,12904.44,EUR,ES,V8546,low,PO735220,,completed,False,
CASE-00400,INV-000400,Check PO exists,2026-01-07T07:21:00,SAP,System,system,12904.44,EUR,ES,V8546,low,PO735220,,completed,False,
CASE-00400,INV-000400,Run three-way match,2026-01-07T07:51:00,SAP,System,system,12904.44,EUR,ES,V8546,low,PO735220,,completed,False,
CASE-00400,INV-000400,Run duplicate invoice check,2026-01-07T08:03:00,SAP,System,system,12904.44,EUR,ES,V8546,low,PO735220,,completed,False,
CASE-00400,INV-000400,Check vendor risk,2026-01-07T08:15:00,Vendor Master Data,System,system,12904.44,EUR,ES,V8546,low,PO735220,,completed,False,
CASE-00400,INV-000400,Check approval threshold,2026-01-07T08:21:00,SAP,System,system,12904.44,EUR,ES,V8546,low,PO735220,,completed,False,
CASE-00400,INV-000400,Finance manager approval,2026-01-07T21:27:08.141348,SAP,Finance Manager,ap09,12904.44,EUR,ES,V8546,low,PO735220,,completed,False,
CASE-00400,INV-000400,Schedule payment,2026-01-08T04:39:59.494158,Payment System,System,system,12904.44,EUR,ES,V8546,low,PO735220,,completed,False,
CASE-00400,INV-000400,Send remittance notice,2026-01-08T04:45:59.494158,Payment System,System,system,12904.44,EUR,ES,V8546,low,PO735220,,completed,False,
CASE-00400,INV-000400,Invoice paid,2026-01-08T04:51:59.494158,Payment System,System,system,12904.44,EUR,ES,V8546,low,PO735220,,paid,False,
CASE-00401,INV-000401,Invoice received,2026-01-07T06:46:00,Coupa,System,system,21250.93,EUR,FR,V1413,low,PO683324,,completed,False,
CASE-00401,INV-000401,Validate invoice data,2026-01-07T07:10:00,Coupa,AP Clerk,ap03,21250.93,EUR,FR,V1413,low,PO683324,,completed,False,
CASE-00401,INV-000401,Check PO exists,2026-01-07T07:28:00,SAP,System,system,21250.93,EUR,FR,V1413,low,PO683324,,completed,False,
CASE-00401,INV-000401,Run three-way match,2026-01-07T07:58:00,SAP,System,system,21250.93,EUR,FR,V1413,low,PO683324,,completed,False,
CASE-00401,INV-000401,Run duplicate invoice check,2026-01-07T08:10:00,SAP,System,system,21250.93,EUR,FR,V1413,low,PO683324,,completed,False,
CASE-00401,INV-000401,Check vendor risk,2026-01-07T08:22:00,Vendor Master Data,System,system,21250.93,EUR,FR,V1413,low,PO683324,,completed,False,
CASE-00401,INV-000401,Check approval threshold,2026-01-07T08:28:00,SAP,System,system,21250.93,EUR,FR,V1413,low,PO683324,,completed,False,
CASE-00401,INV-000401,Finance manager approval,2026-01-08T05:28:08.680642,SAP,Finance Manager,ap03,21250.93,EUR,FR,V1413,low,PO683324,,completed,False,
CASE-00401,INV-000401,Schedule payment,2026-01-08T15:03:46.092159,Payment System,System,system,21250.93,EUR,FR,V1413,low,PO683324,,completed,False,
CASE-00401,INV-000401,Send remittance notice,2026-01-08T15:09:46.092159,Payment System,System,system,21250.93,EUR,FR,V1413,low,PO683324,,completed,False,
CASE-00401,INV-000401,Invoice paid,2026-01-08T15:15:46.092159,Payment System,System,system,21250.93,EUR,FR,V1413,low,PO683324,,paid,False,
CASE-00402,INV-000402,Invoice received,2026-01-07T06:53:00,Coupa,System,system,8169.59,EUR,ES,V6522,low,PO185473,,completed,False,
CASE-00402,INV-000402,Validate invoice data,2026-01-07T07:17:00,Coupa,AP Clerk,ap14,8169.59,EUR,ES,V6522,low,PO185473,,completed,False,
CASE-00402,INV-000402,Manual Email Review,2026-01-08T06:12:20.141164,Email and Excel,AP Clerk,ap14,8169.59,EUR,ES,V6522,low,PO185473,,completed,True,Manual Email Review
CASE-00402,INV-000402,Check PO exists,2026-01-08T06:30:20.141164,SAP,System,system,8169.59,EUR,ES,V6522,low,PO185473,,completed,False,
CASE-00402,INV-000402,Run three-way match,2026-01-08T07:00:20.141164,SAP,System,system,8169.59,EUR,ES,V6522,low,PO185473,,completed,False,
CASE-00402,INV-000402,Classify exception,2026-01-08T07:12:20.141164,ServiceNow,AP Clerk,ap14,8169.59,EUR,ES,V6522,low,PO185473,price_mismatch,completed,False,
CASE-00402,INV-000402,Create price mismatch ticket,2026-01-08T07:24:20.141164,ServiceNow,System,system,8169.59,EUR,ES,V6522,low,PO185473,price_mismatch,completed,False,
CASE-00402,INV-000402,AP review price mismatch,2026-01-14T04:53:15.004045,ServiceNow,AP Clerk,ap14,8169.59,EUR,ES,V6522,low,PO185473,price_mismatch,completed,False,
CASE-00402,INV-000402,Correction for price mismatch,2026-01-14T13:50:17.524025,SAP,Procurement Specialist,ap14,8169.59,EUR,ES,V6522,low,PO185473,price_mismatch,completed,False,
CASE-00402,INV-000402,Run three-way match,2026-01-14T14:14:17.524025,SAP,System,system,8169.59,EUR,ES,V6522,low,PO185473,price_mismatch,completed,False,
CASE-00402,INV-000402,Run duplicate invoice check,2026-01-14T14:26:17.524025,SAP,System,system,8169.59,EUR,ES,V6522,low,PO185473,,completed,False,
CASE-00402,INV-000402,Check vendor risk,2026-01-14T14:38:17.524025,Vendor Master Data,System,system,8169.59,EUR,ES,V6522,low,PO185473,,completed,False,
CASE-00402,INV-000402,Check approval threshold,2026-01-14T14:44:17.524025,SAP,System,system,8169.59,EUR,ES,V6522,low,PO185473,,completed,False,
CASE-00402,INV-000402,Auto approve for payment scheduling,2026-01-14T14:50:17.524025,SAP,System,system,8169.59,EUR,ES,V6522,low,PO185473,,completed,False,
CASE-00402,INV-000402,Schedule payment,2026-01-14T21:21:46.477765,Payment System,System,system,8169.59,EUR,ES,V6522,low,PO185473,,completed,False,
CASE-00402,INV-000402,Send remittance notice,2026-01-14T21:27:46.477765,Payment System,System,system,8169.59,EUR,ES,V6522,low,PO185473,,completed,False,
CASE-00402,INV-000402,Invoice paid,2026-01-14T21:33:46.477765,Payment System,System,system,8169.59,EUR,ES,V6522,low,PO185473,,paid,False,
CASE-00403,INV-000403,Invoice received,2026-01-07T07:00:00,Coupa,System,system,24696.05,EUR,ES,V1661,low,PO719658,,completed,False,
CASE-00403,INV-000403,Validate invoice data,2026-01-07T07:24:00,Coupa,AP Clerk,ap09,24696.05,EUR,ES,V1661,low,PO719658,,completed,False,
CASE-00403,INV-000403,Check PO exists,2026-01-07T07:42:00,SAP,System,system,24696.05,EUR,ES,V1661,low,PO719658,,completed,False,
CASE-00403,INV-000403,Run three-way match,2026-01-07T08:12:00,SAP,System,system,24696.05,EUR,ES,V1661,low,PO719658,,completed,False,
CASE-00403,INV-000403,Run duplicate invoice check,2026-01-07T08:24:00,SAP,System,system,24696.05,EUR,ES,V1661,low,PO719658,,completed,False,
CASE-00403,INV-000403,Check vendor risk,2026-01-07T08:36:00,Vendor Master Data,System,system,24696.05,EUR,ES,V1661,low,PO719658,,completed,False,
CASE-00403,INV-000403,Check approval threshold,2026-01-07T08:42:00,SAP,System,system,24696.05,EUR,ES,V1661,low,PO719658,,completed,False,
CASE-00403,INV-000403,Finance manager approval,2026-01-07T19:12:49.752050,SAP,Finance Manager,ap09,24696.05,EUR,ES,V1661,low,PO719658,,completed,False,
CASE-00403,INV-000403,Schedule payment,2026-01-08T02:20:03.256001,Payment System,System,system,24696.05,EUR,ES,V1661,low,PO719658,,completed,False,
CASE-00403,INV-000403,Send remittance notice,2026-01-08T02:26:03.256001,Payment System,System,system,24696.05,EUR,ES,V1661,low,PO719658,,completed,False,
CASE-00403,INV-000403,Invoice paid,2026-01-08T02:32:03.256001,Payment System,System,system,24696.05,EUR,ES,V1661,low,PO719658,,paid,False,
CASE-00404,INV-000404,Invoice received,2026-01-07T07:07:00,Coupa,System,system,10563.82,EUR,NL,V7937,low,PO928213,,completed,False,
CASE-00404,INV-000404,Validate invoice data,2026-01-07T07:31:00,Coupa,AP Clerk,ap03,10563.82,EUR,NL,V7937,low,PO928213,,completed,False,
CASE-00404,INV-000404,Check PO exists,2026-01-07T07:49:00,SAP,System,system,10563.82,EUR,NL,V7937,low,PO928213,,completed,False,
CASE-00404,INV-000404,Create missing PO exception,2026-01-07T08:01:00,ServiceNow,System,system,10563.82,EUR,NL,V7937,low,PO928213,missing_po,completed,False,
CASE-00404,INV-000404,AP review missing PO,2026-01-14T05:51:49.710198,ServiceNow,AP Clerk,ap03,10563.82,EUR,NL,V7937,low,PO928213,missing_po,completed,False,
CASE-00404,INV-000404,Procurement correction,2026-01-15T07:05:47.202434,SAP,Procurement Specialist,ap03,10563.82,EUR,NL,V7937,low,PO928213,missing_po,completed,False,
CASE-00404,INV-000404,Check PO exists,2026-01-15T07:17:47.202434,SAP,System,system,10563.82,EUR,NL,V7937,low,PO928213,missing_po,completed,False,
CASE-00404,INV-000404,Run three-way match,2026-01-15T07:47:47.202434,SAP,System,system,10563.82,EUR,NL,V7937,low,PO928213,,completed,False,
CASE-00404,INV-000404,Run duplicate invoice check,2026-01-15T07:59:47.202434,SAP,System,system,10563.82,EUR,NL,V7937,low,PO928213,,completed,False,
CASE-00404,INV-000404,Check vendor risk,2026-01-15T08:11:47.202434,Vendor Master Data,System,system,10563.82,EUR,NL,V7937,low,PO928213,,completed,False,
CASE-00404,INV-000404,Check approval threshold,2026-01-15T08:17:47.202434,SAP,System,system,10563.82,EUR,NL,V7937,low,PO928213,,completed,False,
CASE-00404,INV-000404,Finance manager approval,2026-01-16T10:34:55.093044,SAP,Finance Manager,ap03,10563.82,EUR,NL,V7937,low,PO928213,,completed,False,
CASE-00404,INV-000404,Schedule payment,2026-01-16T14:36:50.691442,Payment System,System,system,10563.82,EUR,NL,V7937,low,PO928213,,completed,False,
CASE-00404,INV-000404,Send remittance notice,2026-01-16T14:42:50.691442,Payment System,System,system,10563.82,EUR,NL,V7937,low,PO928213,,completed,False,
CASE-00404,INV-000404,Invoice paid,2026-01-16T14:48:50.691442,Payment System,System,system,10563.82,EUR,NL,V7937,low,PO928213,,paid,False,
CASE-00405,INV-000405,Invoice received,2026-01-07T07:14:00,Coupa,System,system,7994.43,EUR,FR,V5109,low,PO671209,,completed,False,
CASE-00405,INV-000405,Validate invoice data,2026-01-07T07:38:00,Coupa,AP Clerk,ap09,7994.43,EUR,FR,V5109,low,PO671209,,completed,False,
CASE-00405,INV-000405,Check PO exists,2026-01-07T07:56:00,SAP,System,system,7994.43,EUR,FR,V5109,low,PO671209,,completed,False,
CASE-00405,INV-000405,Run three-way match,2026-01-07T08:26:00,SAP,System,system,7994.43,EUR,FR,V5109,low,PO671209,,completed,False,
CASE-00405,INV-000405,Classify exception,2026-01-07T08:38:00,ServiceNow,AP Clerk,ap09,7994.43,EUR,FR,V5109,low,PO671209,missing_gr,completed,False,
CASE-00405,INV-000405,Request goods receipt confirmation,2026-01-08T15:48:04.685694,SAP,Procurement Specialist,ap09,7994.43,EUR,FR,V5109,low,PO671209,missing_gr,completed,False,
CASE-00405,INV-000405,Run three-way match,2026-01-08T16:12:04.685694,SAP,System,system,7994.43,EUR,FR,V5109,low,PO671209,missing_gr,completed,False,
CASE-00405,INV-000405,Run duplicate invoice check,2026-01-08T16:24:04.685694,SAP,System,system,7994.43,EUR,FR,V5109,low,PO671209,,completed,False,
CASE-00405,INV-000405,Check vendor risk,2026-01-08T16:36:04.685694,Vendor Master Data,System,system,7994.43,EUR,FR,V5109,low,PO671209,,completed,False,
CASE-00405,INV-000405,Check approval threshold,2026-01-08T16:42:04.685694,SAP,System,system,7994.43,EUR,FR,V5109,low,PO671209,,completed,False,
CASE-00405,INV-000405,Auto approve for payment scheduling,2026-01-08T16:48:04.685694,SAP,System,system,7994.43,EUR,FR,V5109,low,PO671209,,completed,False,
CASE-00405,INV-000405,Schedule payment,2026-01-09T00:47:01.358602,Payment System,System,system,7994.43,EUR,FR,V5109,low,PO671209,,completed,False,
CASE-00405,INV-000405,Send remittance notice,2026-01-09T00:53:01.358602,Payment System,System,system,7994.43,EUR,FR,V5109,low,PO671209,,completed,False,
CASE-00405,INV-000405,Invoice paid,2026-01-09T00:59:01.358602,Payment System,System,system,7994.43,EUR,FR,V5109,low,PO671209,,paid,False,
CASE-00406,INV-000406,Invoice received,2026-01-07T07:21:00,Coupa,System,system,12891.69,EUR,FR,V5149,low,PO544398,,completed,False,
CASE-00406,INV-000406,Validate invoice data,2026-01-07T07:45:00,Coupa,AP Clerk,ap18,12891.69,EUR,FR,V5149,low,PO544398,,completed,False,
CASE-00406,INV-000406,Check PO exists,2026-01-07T08:03:00,SAP,System,system,12891.69,EUR,FR,V5149,low,PO544398,,completed,False,
CASE-00406,INV-000406,Run three-way match,2026-01-07T08:33:00,SAP,System,system,12891.69,EUR,FR,V5149,low,PO544398,,completed,False,
CASE-00406,INV-000406,Classify exception,2026-01-07T08:45:00,ServiceNow,AP Clerk,ap18,12891.69,EUR,FR,V5149,low,PO544398,price_mismatch,completed,False,
CASE-00406,INV-000406,Create price mismatch ticket,2026-01-07T08:57:00,ServiceNow,System,system,12891.69,EUR,FR,V5149,low,PO544398,price_mismatch,completed,False,
CASE-00406,INV-000406,AP review price mismatch,2026-01-08T12:57:35.418429,ServiceNow,AP Clerk,ap18,12891.69,EUR,FR,V5149,low,PO544398,price_mismatch,completed,False,
CASE-00406,INV-000406,Correction for price mismatch,2026-01-08T20:55:10.227645,SAP,Procurement Specialist,ap18,12891.69,EUR,FR,V5149,low,PO544398,price_mismatch,completed,False,
CASE-00406,INV-000406,Run three-way match,2026-01-08T21:19:10.227645,SAP,System,system,12891.69,EUR,FR,V5149,low,PO544398,price_mismatch,completed,False,
CASE-00406,INV-000406,Run duplicate invoice check,2026-01-08T21:31:10.227645,SAP,System,system,12891.69,EUR,FR,V5149,low,PO544398,,completed,False,
CASE-00406,INV-000406,Check vendor risk,2026-01-08T21:43:10.227645,Vendor Master Data,System,system,12891.69,EUR,FR,V5149,low,PO544398,,completed,False,
CASE-00406,INV-000406,Check approval threshold,2026-01-08T21:49:10.227645,SAP,System,system,12891.69,EUR,FR,V5149,low,PO544398,,completed,False,
CASE-00406,INV-000406,Finance manager approval,2026-01-10T09:45:42.532391,SAP,Finance Manager,ap18,12891.69,EUR,FR,V5149,low,PO544398,,completed,False,
CASE-00406,INV-000406,Schedule payment,2026-01-10T14:56:45.031948,Payment System,System,system,12891.69,EUR,FR,V5149,low,PO544398,,completed,False,
CASE-00406,INV-000406,Send remittance notice,2026-01-10T15:02:45.031948,Payment System,System,system,12891.69,EUR,FR,V5149,low,PO544398,,completed,False,
CASE-00406,INV-000406,Invoice paid,2026-01-10T15:08:45.031948,Payment System,System,system,12891.69,EUR,FR,V5149,low,PO544398,,paid,False,
CASE-00407,INV-000407,Invoice received,2026-01-07T07:28:00,Coupa,System,system,19035.87,EUR,IT,V4406,low,PO724834,,completed,False,
CASE-00407,INV-000407,Validate invoice data,2026-01-07T07:52:00,Coupa,AP Clerk,ap02,19035.87,EUR,IT,V4406,low,PO724834,,completed,False,
CASE-00407,INV-000407,Check PO exists,2026-01-07T08:10:00,SAP,System,system,19035.87,EUR,IT,V4406,low,PO724834,,completed,False,
CASE-00407,INV-000407,Run three-way match,2026-01-07T08:40:00,SAP,System,system,19035.87,EUR,IT,V4406,low,PO724834,,completed,False,
CASE-00407,INV-000407,Classify exception,2026-01-07T08:52:00,ServiceNow,AP Clerk,ap02,19035.87,EUR,IT,V4406,low,PO724834,missing_gr,completed,False,
CASE-00407,INV-000407,Request goods receipt confirmation,2026-01-07T17:43:07.832706,SAP,Procurement Specialist,ap02,19035.87,EUR,IT,V4406,low,PO724834,missing_gr,completed,False,
CASE-00407,INV-000407,Run three-way match,2026-01-07T18:07:07.832706,SAP,System,system,19035.87,EUR,IT,V4406,low,PO724834,missing_gr,completed,False,
CASE-00407,INV-000407,Run duplicate invoice check,2026-01-07T18:19:07.832706,SAP,System,system,19035.87,EUR,IT,V4406,low,PO724834,,completed,False,
CASE-00407,INV-000407,Check vendor risk,2026-01-07T18:31:07.832706,Vendor Master Data,System,system,19035.87,EUR,IT,V4406,low,PO724834,,completed,False,
CASE-00407,INV-000407,Check approval threshold,2026-01-07T18:37:07.832706,SAP,System,system,19035.87,EUR,IT,V4406,low,PO724834,,completed,False,
CASE-00407,INV-000407,Finance manager approval,2026-01-09T08:13:50.540549,SAP,Finance Manager,ap02,19035.87,EUR,IT,V4406,low,PO724834,,completed,False,
CASE-00407,INV-000407,Schedule payment,2026-01-09T14:23:10.078508,Payment System,System,system,19035.87,EUR,IT,V4406,low,PO724834,,completed,False,
CASE-00407,INV-000407,Send remittance notice,2026-01-09T14:29:10.078508,Payment System,System,system,19035.87,EUR,IT,V4406,low,PO724834,,completed,False,
CASE-00407,INV-000407,Invoice paid,2026-01-09T14:35:10.078508,Payment System,System,system,19035.87,EUR,IT,V4406,low,PO724834,,paid,False,
CASE-00408,INV-000408,Invoice received,2026-01-07T07:35:00,Coupa,System,system,6984.79,EUR,NL,V7629,medium,PO210455,,completed,False,
CASE-00408,INV-000408,Validate invoice data,2026-01-07T07:59:00,Coupa,AP Clerk,ap16,6984.79,EUR,NL,V7629,medium,PO210455,,completed,False,
CASE-00408,INV-000408,Check PO exists,2026-01-07T08:17:00,SAP,System,system,6984.79,EUR,NL,V7629,medium,PO210455,,completed,False,
CASE-00408,INV-000408,Run three-way match,2026-01-07T08:47:00,SAP,System,system,6984.79,EUR,NL,V7629,medium,PO210455,,completed,False,
CASE-00408,INV-000408,Run duplicate invoice check,2026-01-07T08:59:00,SAP,System,system,6984.79,EUR,NL,V7629,medium,PO210455,,completed,False,
CASE-00408,INV-000408,Check vendor risk,2026-01-07T09:11:00,Vendor Master Data,System,system,6984.79,EUR,NL,V7629,medium,PO210455,,completed,False,
CASE-00408,INV-000408,Check approval threshold,2026-01-07T09:17:00,SAP,System,system,6984.79,EUR,NL,V7629,medium,PO210455,,completed,False,
CASE-00408,INV-000408,Auto approve for payment scheduling,2026-01-07T09:23:00,SAP,System,system,6984.79,EUR,NL,V7629,medium,PO210455,,completed,False,
CASE-00408,INV-000408,Schedule payment,2026-01-07T14:45:49.307957,Payment System,System,system,6984.79,EUR,NL,V7629,medium,PO210455,,completed,False,
CASE-00408,INV-000408,Send remittance notice,2026-01-07T14:51:49.307957,Payment System,System,system,6984.79,EUR,NL,V7629,medium,PO210455,,completed,False,
CASE-00408,INV-000408,Invoice paid,2026-01-07T14:57:49.307957,Payment System,System,system,6984.79,EUR,NL,V7629,medium,PO210455,,paid,False,
CASE-00409,INV-000409,Invoice received,2026-01-07T07:42:00,Coupa,System,system,12128.26,EUR,IT,V3992,low,PO417530,,completed,False,
CASE-00409,INV-000409,Validate invoice data,2026-01-07T08:06:00,Coupa,AP Clerk,ap09,12128.26,EUR,IT,V3992,low,PO417530,,completed,False,
CASE-00409,INV-000409,Check PO exists,2026-01-07T08:24:00,SAP,System,system,12128.26,EUR,IT,V3992,low,PO417530,,completed,False,
CASE-00409,INV-000409,Run three-way match,2026-01-07T08:54:00,SAP,System,system,12128.26,EUR,IT,V3992,low,PO417530,,completed,False,
CASE-00409,INV-000409,Run duplicate invoice check,2026-01-07T09:06:00,SAP,System,system,12128.26,EUR,IT,V3992,low,PO417530,,completed,False,
CASE-00409,INV-000409,Check vendor risk,2026-01-07T09:18:00,Vendor Master Data,System,system,12128.26,EUR,IT,V3992,low,PO417530,,completed,False,
CASE-00409,INV-000409,Check approval threshold,2026-01-07T09:24:00,SAP,System,system,12128.26,EUR,IT,V3992,low,PO417530,,completed,False,
CASE-00409,INV-000409,Finance manager approval,2026-01-07T22:10:24.272660,SAP,Finance Manager,ap09,12128.26,EUR,IT,V3992,low,PO417530,,completed,False,
CASE-00409,INV-000409,Schedule payment,2026-01-08T03:31:30.966476,Payment System,System,system,12128.26,EUR,IT,V3992,low,PO417530,,completed,False,
CASE-00409,INV-000409,Send remittance notice,2026-01-08T03:37:30.966476,Payment System,System,system,12128.26,EUR,IT,V3992,low,PO417530,,completed,False,
CASE-00409,INV-000409,Invoice paid,2026-01-08T03:43:30.966476,Payment System,System,system,12128.26,EUR,IT,V3992,low,PO417530,,paid,False,
CASE-00410,INV-000410,Invoice received,2026-01-07T07:49:00,Coupa,System,system,13037.98,EUR,ES,V3365,low,PO502138,,completed,False,
CASE-00410,INV-000410,Validate invoice data,2026-01-07T08:13:00,Coupa,AP Clerk,ap10,13037.98,EUR,ES,V3365,low,PO502138,,completed,False,
CASE-00410,INV-000410,Check PO exists,2026-01-07T08:31:00,SAP,System,system,13037.98,EUR,ES,V3365,low,PO502138,,completed,False,
CASE-00410,INV-000410,Run three-way match,2026-01-07T09:01:00,SAP,System,system,13037.98,EUR,ES,V3365,low,PO502138,,completed,False,
CASE-00410,INV-000410,Classify exception,2026-01-07T09:13:00,ServiceNow,AP Clerk,ap10,13037.98,EUR,ES,V3365,low,PO502138,price_mismatch,completed,False,
CASE-00410,INV-000410,Create price mismatch ticket,2026-01-07T09:25:00,ServiceNow,System,system,13037.98,EUR,ES,V3365,low,PO502138,price_mismatch,completed,False,
CASE-00410,INV-000410,AP review price mismatch,2026-01-09T22:57:04.691787,ServiceNow,AP Clerk,ap10,13037.98,EUR,ES,V3365,low,PO502138,price_mismatch,completed,False,
CASE-00410,INV-000410,Correction for price mismatch,2026-01-10T15:15:53.738468,SAP,Procurement Specialist,ap10,13037.98,EUR,ES,V3365,low,PO502138,price_mismatch,completed,False,
CASE-00410,INV-000410,Ticket Reopened,2026-01-12T14:46:17.976028,ServiceNow,AP Clerk,ap10,13037.98,EUR,ES,V3365,low,PO502138,price_mismatch,completed,True,Ticket Reopened
CASE-00410,INV-000410,AP review price mismatch,2026-01-13T00:14:11.979081,ServiceNow,AP Clerk,ap10,13037.98,EUR,ES,V3365,low,PO502138,price_mismatch,completed,False,
CASE-00410,INV-000410,Run three-way match,2026-01-13T00:38:11.979081,SAP,System,system,13037.98,EUR,ES,V3365,low,PO502138,price_mismatch,completed,False,
CASE-00410,INV-000410,Run duplicate invoice check,2026-01-13T00:50:11.979081,SAP,System,system,13037.98,EUR,ES,V3365,low,PO502138,,completed,False,
CASE-00410,INV-000410,Check vendor risk,2026-01-13T01:02:11.979081,Vendor Master Data,System,system,13037.98,EUR,ES,V3365,low,PO502138,,completed,False,
CASE-00410,INV-000410,Check approval threshold,2026-01-13T01:08:11.979081,SAP,System,system,13037.98,EUR,ES,V3365,low,PO502138,,completed,False,
CASE-00410,INV-000410,Finance manager approval,2026-01-13T18:37:58.678716,SAP,Finance Manager,ap10,13037.98,EUR,ES,V3365,low,PO502138,,completed,False,
CASE-00410,INV-000410,Schedule payment,2026-01-14T02:44:53.680295,Payment System,System,system,13037.98,EUR,ES,V3365,low,PO502138,,completed,False,
CASE-00410,INV-000410,Send remittance notice,2026-01-14T02:50:53.680295,Payment System,System,system,13037.98,EUR,ES,V3365,low,PO502138,,completed,False,
CASE-00410,INV-000410,Invoice paid,2026-01-14T02:56:53.680295,Payment System,System,system,13037.98,EUR,ES,V3365,low,PO502138,,paid,False,
CASE-00411,INV-000411,Invoice received,2026-01-07T07:56:00,Coupa,System,system,22847.89,EUR,NL,V6733,medium,PO344863,,completed,False,
CASE-00411,INV-000411,Validate invoice data,2026-01-07T08:20:00,Coupa,AP Clerk,ap09,22847.89,EUR,NL,V6733,medium,PO344863,,completed,False,
CASE-00411,INV-000411,Check PO exists,2026-01-07T08:38:00,SAP,System,system,22847.89,EUR,NL,V6733,medium,PO344863,,completed,False,
CASE-00411,INV-000411,Run three-way match,2026-01-07T09:08:00,SAP,System,system,22847.89,EUR,NL,V6733,medium,PO344863,,completed,False,
CASE-00411,INV-000411,Run duplicate invoice check,2026-01-07T09:20:00,SAP,System,system,22847.89,EUR,NL,V6733,medium,PO344863,,completed,False,
CASE-00411,INV-000411,Block invoice,2026-01-07T09:26:00,SAP,System,system,22847.89,EUR,NL,V6733,medium,PO344863,duplicate,completed,False,
CASE-00411,INV-000411,Finance controller review,2026-01-08T14:57:44.533432,SAP,Finance Controller,ap09,22847.89,EUR,NL,V6733,medium,PO344863,duplicate,completed,False,
CASE-00411,INV-000411,Invoice rejected,2026-01-08T15:03:44.533432,SAP,System,system,22847.89,EUR,NL,V6733,medium,PO344863,duplicate,rejected,False,
CASE-00412,INV-000412,Invoice received,2026-01-07T08:03:00,Coupa,System,system,24678.04,EUR,ES,V6433,low,PO203263,,completed,False,
CASE-00412,INV-000412,Validate invoice data,2026-01-07T08:27:00,Coupa,AP Clerk,ap07,24678.04,EUR,ES,V6433,low,PO203263,,completed,False,
CASE-00412,INV-000412,Check PO exists,2026-01-07T08:45:00,SAP,System,system,24678.04,EUR,ES,V6433,low,PO203263,,completed,False,
CASE-00412,INV-000412,Run three-way match,2026-01-07T09:15:00,SAP,System,system,24678.04,EUR,ES,V6433,low,PO203263,,completed,False,
CASE-00412,INV-000412,Run duplicate invoice check,2026-01-07T09:27:00,SAP,System,system,24678.04,EUR,ES,V6433,low,PO203263,,completed,False,
CASE-00412,INV-000412,Check vendor risk,2026-01-07T09:39:00,Vendor Master Data,System,system,24678.04,EUR,ES,V6433,low,PO203263,,completed,False,
CASE-00412,INV-000412,Check approval threshold,2026-01-07T09:45:00,SAP,System,system,24678.04,EUR,ES,V6433,low,PO203263,,completed,False,
CASE-00412,INV-000412,Finance manager approval,2026-01-08T21:59:06.480445,SAP,Finance Manager,ap07,24678.04,EUR,ES,V6433,low,PO203263,,completed,False,
CASE-00412,INV-000412,Schedule payment,2026-01-09T08:06:10.926967,Payment System,System,system,24678.04,EUR,ES,V6433,low,PO203263,,completed,False,
CASE-00412,INV-000412,Send remittance notice,2026-01-09T08:12:10.926967,Payment System,System,system,24678.04,EUR,ES,V6433,low,PO203263,,completed,False,
CASE-00412,INV-000412,Invoice paid,2026-01-09T08:18:10.926967,Payment System,System,system,24678.04,EUR,ES,V6433,low,PO203263,,paid,False,
CASE-00413,INV-000413,Invoice received,2026-01-07T08:10:00,Coupa,System,system,14678.16,EUR,IT,V7716,low,PO703378,,completed,False,
CASE-00413,INV-000413,Validate invoice data,2026-01-07T08:34:00,Coupa,AP Clerk,ap23,14678.16,EUR,IT,V7716,low,PO703378,,completed,False,
CASE-00413,INV-000413,Check PO exists,2026-01-07T08:52:00,SAP,System,system,14678.16,EUR,IT,V7716,low,PO703378,,completed,False,
CASE-00413,INV-000413,Run three-way match,2026-01-07T09:22:00,SAP,System,system,14678.16,EUR,IT,V7716,low,PO703378,,completed,False,
CASE-00413,INV-000413,Classify exception,2026-01-07T09:34:00,ServiceNow,AP Clerk,ap23,14678.16,EUR,IT,V7716,low,PO703378,price_mismatch,completed,False,
CASE-00413,INV-000413,Create price mismatch ticket,2026-01-07T09:46:00,ServiceNow,System,system,14678.16,EUR,IT,V7716,low,PO703378,price_mismatch,completed,False,
CASE-00413,INV-000413,AP review price mismatch,2026-01-10T03:27:36.623901,ServiceNow,AP Clerk,ap23,14678.16,EUR,IT,V7716,low,PO703378,price_mismatch,completed,False,
CASE-00413,INV-000413,Correction for price mismatch,2026-01-10T23:22:37.310642,SAP,Procurement Specialist,ap23,14678.16,EUR,IT,V7716,low,PO703378,price_mismatch,completed,False,
CASE-00413,INV-000413,Run three-way match,2026-01-10T23:46:37.310642,SAP,System,system,14678.16,EUR,IT,V7716,low,PO703378,price_mismatch,completed,False,
CASE-00413,INV-000413,Run duplicate invoice check,2026-01-10T23:58:37.310642,SAP,System,system,14678.16,EUR,IT,V7716,low,PO703378,,completed,False,
CASE-00413,INV-000413,Check vendor risk,2026-01-11T00:10:37.310642,Vendor Master Data,System,system,14678.16,EUR,IT,V7716,low,PO703378,,completed,False,
CASE-00413,INV-000413,Check approval threshold,2026-01-11T00:16:37.310642,SAP,System,system,14678.16,EUR,IT,V7716,low,PO703378,,completed,False,
CASE-00413,INV-000413,Finance manager approval,2026-01-11T18:07:44.816108,SAP,Finance Manager,ap23,14678.16,EUR,IT,V7716,low,PO703378,,completed,False,
CASE-00413,INV-000413,Schedule payment,2026-01-12T00:07:54.383146,Payment System,System,system,14678.16,EUR,IT,V7716,low,PO703378,,completed,False,
CASE-00413,INV-000413,Send remittance notice,2026-01-12T00:13:54.383146,Payment System,System,system,14678.16,EUR,IT,V7716,low,PO703378,,completed,False,
CASE-00413,INV-000413,Invoice paid,2026-01-12T00:19:54.383146,Payment System,System,system,14678.16,EUR,IT,V7716,low,PO703378,,paid,False,
CASE-00414,INV-000414,Invoice received,2026-01-07T08:17:00,Coupa,System,system,12243.83,EUR,NL,V4991,low,PO880358,,completed,False,
CASE-00414,INV-000414,Validate invoice data,2026-01-07T08:41:00,Coupa,AP Clerk,ap21,12243.83,EUR,NL,V4991,low,PO880358,,completed,False,
CASE-00414,INV-000414,Manual Email Review,2026-01-08T16:18:57.603499,Email and Excel,AP Clerk,ap21,12243.83,EUR,NL,V4991,low,PO880358,,completed,True,Manual Email Review
CASE-00414,INV-000414,Check PO exists,2026-01-08T16:36:57.603499,SAP,System,system,12243.83,EUR,NL,V4991,low,PO880358,,completed,False,
CASE-00414,INV-000414,Run three-way match,2026-01-08T17:06:57.603499,SAP,System,system,12243.83,EUR,NL,V4991,low,PO880358,,completed,False,
CASE-00414,INV-000414,Run duplicate invoice check,2026-01-08T17:18:57.603499,SAP,System,system,12243.83,EUR,NL,V4991,low,PO880358,,completed,False,
CASE-00414,INV-000414,Check vendor risk,2026-01-08T17:30:57.603499,Vendor Master Data,System,system,12243.83,EUR,NL,V4991,low,PO880358,,completed,False,
CASE-00414,INV-000414,Check approval threshold,2026-01-08T17:36:57.603499,SAP,System,system,12243.83,EUR,NL,V4991,low,PO880358,,completed,False,
CASE-00414,INV-000414,Finance manager approval,2026-01-09T22:13:53.323704,SAP,Finance Manager,ap21,12243.83,EUR,NL,V4991,low,PO880358,,completed,False,
CASE-00414,INV-000414,Schedule payment,2026-01-10T03:22:24.685118,Payment System,System,system,12243.83,EUR,NL,V4991,low,PO880358,,completed,False,
CASE-00414,INV-000414,Send remittance notice,2026-01-10T03:28:24.685118,Payment System,System,system,12243.83,EUR,NL,V4991,low,PO880358,,completed,False,
CASE-00414,INV-000414,Invoice paid,2026-01-10T03:34:24.685118,Payment System,System,system,12243.83,EUR,NL,V4991,low,PO880358,,paid,False,
CASE-00415,INV-000415,Invoice received,2026-01-07T08:24:00,Coupa,System,system,22607.79,EUR,FR,V1772,high,PO178093,,completed,False,
CASE-00415,INV-000415,Validate invoice data,2026-01-07T08:48:00,Coupa,AP Clerk,ap02,22607.79,EUR,FR,V1772,high,PO178093,,completed,False,
CASE-00415,INV-000415,Check PO exists,2026-01-07T09:06:00,SAP,System,system,22607.79,EUR,FR,V1772,high,PO178093,,completed,False,
CASE-00415,INV-000415,Run three-way match,2026-01-07T09:36:00,SAP,System,system,22607.79,EUR,FR,V1772,high,PO178093,,completed,False,
CASE-00415,INV-000415,Run duplicate invoice check,2026-01-07T09:48:00,SAP,System,system,22607.79,EUR,FR,V1772,high,PO178093,,completed,False,
CASE-00415,INV-000415,Check vendor risk,2026-01-07T10:00:00,Vendor Master Data,System,system,22607.79,EUR,FR,V1772,high,PO178093,,completed,False,
CASE-00415,INV-000415,Compliance review,2026-01-08T16:58:34.319701,Vendor Master Data,Compliance Officer,ap02,22607.79,EUR,FR,V1772,high,PO178093,,completed,False,
CASE-00415,INV-000415,Check approval threshold,2026-01-08T17:04:34.319701,SAP,System,system,22607.79,EUR,FR,V1772,high,PO178093,,completed,False,
CASE-00415,INV-000415,Finance manager approval,2026-01-10T12:50:42.965216,SAP,Finance Manager,ap02,22607.79,EUR,FR,V1772,high,PO178093,,completed,False,
CASE-00415,INV-000415,Schedule payment,2026-01-11T00:19:33.468513,Payment System,System,system,22607.79,EUR,FR,V1772,high,PO178093,,completed,False,
CASE-00415,INV-000415,Send remittance notice,2026-01-11T00:25:33.468513,Payment System,System,system,22607.79,EUR,FR,V1772,high,PO178093,,completed,False,
CASE-00415,INV-000415,Invoice paid,2026-01-11T00:31:33.468513,Payment System,System,system,22607.79,EUR,FR,V1772,high,PO178093,,paid,False,
CASE-00416,INV-000416,Invoice received,2026-01-07T08:31:00,Coupa,System,system,14447.89,EUR,ES,V9121,medium,PO805719,,completed,False,
CASE-00416,INV-000416,Validate invoice data,2026-01-07T08:55:00,Coupa,AP Clerk,ap19,14447.89,EUR,ES,V9121,medium,PO805719,,completed,False,
CASE-00416,INV-000416,Check PO exists,2026-01-07T09:13:00,SAP,System,system,14447.89,EUR,ES,V9121,medium,PO805719,,completed,False,
CASE-00416,INV-000416,Run three-way match,2026-01-07T09:43:00,SAP,System,system,14447.89,EUR,ES,V9121,medium,PO805719,,completed,False,
CASE-00416,INV-000416,Run duplicate invoice check,2026-01-07T09:55:00,SAP,System,system,14447.89,EUR,ES,V9121,medium,PO805719,,completed,False,
CASE-00416,INV-000416,Check vendor risk,2026-01-07T10:07:00,Vendor Master Data,System,system,14447.89,EUR,ES,V9121,medium,PO805719,,completed,False,
CASE-00416,INV-000416,Check approval threshold,2026-01-07T10:13:00,SAP,System,system,14447.89,EUR,ES,V9121,medium,PO805719,,completed,False,
CASE-00416,INV-000416,Finance manager approval,2026-01-08T05:18:09.751774,SAP,Finance Manager,ap19,14447.89,EUR,ES,V9121,medium,PO805719,,completed,False,
CASE-00416,INV-000416,Schedule payment,2026-01-08T11:00:34.366092,Payment System,System,system,14447.89,EUR,ES,V9121,medium,PO805719,,completed,False,
CASE-00416,INV-000416,Send remittance notice,2026-01-08T11:06:34.366092,Payment System,System,system,14447.89,EUR,ES,V9121,medium,PO805719,,completed,False,
CASE-00416,INV-000416,Invoice paid,2026-01-08T11:12:34.366092,Payment System,System,system,14447.89,EUR,ES,V9121,medium,PO805719,,paid,False,
CASE-00417,INV-000417,Invoice received,2026-01-07T08:38:00,Coupa,System,system,21938.79,EUR,ES,V8886,medium,PO411404,,completed,False,
CASE-00417,INV-000417,Validate invoice data,2026-01-07T09:02:00,Coupa,AP Clerk,ap22,21938.79,EUR,ES,V8886,medium,PO411404,,completed,False,
CASE-00417,INV-000417,Check PO exists,2026-01-07T09:20:00,SAP,System,system,21938.79,EUR,ES,V8886,medium,PO411404,,completed,False,
CASE-00417,INV-000417,Run three-way match,2026-01-07T09:50:00,SAP,System,system,21938.79,EUR,ES,V8886,medium,PO411404,,completed,False,
CASE-00417,INV-000417,Classify exception,2026-01-07T10:02:00,ServiceNow,AP Clerk,ap22,21938.79,EUR,ES,V8886,medium,PO411404,price_mismatch,completed,False,
CASE-00417,INV-000417,Create price mismatch ticket,2026-01-07T10:14:00,ServiceNow,System,system,21938.79,EUR,ES,V8886,medium,PO411404,price_mismatch,completed,False,
CASE-00417,INV-000417,AP review price mismatch,2026-01-10T11:26:00.380338,ServiceNow,AP Clerk,ap22,21938.79,EUR,ES,V8886,medium,PO411404,price_mismatch,completed,False,
CASE-00417,INV-000417,Correction for price mismatch,2026-01-11T02:59:50.331109,SAP,Procurement Specialist,ap22,21938.79,EUR,ES,V8886,medium,PO411404,price_mismatch,completed,False,
CASE-00417,INV-000417,Run three-way match,2026-01-11T03:23:50.331109,SAP,System,system,21938.79,EUR,ES,V8886,medium,PO411404,price_mismatch,completed,False,
CASE-00417,INV-000417,Run duplicate invoice check,2026-01-11T03:35:50.331109,SAP,System,system,21938.79,EUR,ES,V8886,medium,PO411404,,completed,False,
CASE-00417,INV-000417,Check vendor risk,2026-01-11T03:47:50.331109,Vendor Master Data,System,system,21938.79,EUR,ES,V8886,medium,PO411404,,completed,False,
CASE-00417,INV-000417,Check approval threshold,2026-01-11T03:53:50.331109,SAP,System,system,21938.79,EUR,ES,V8886,medium,PO411404,,completed,False,
CASE-00417,INV-000417,Finance manager approval,2026-01-12T08:51:07.669871,SAP,Finance Manager,ap22,21938.79,EUR,ES,V8886,medium,PO411404,,completed,False,
CASE-00417,INV-000417,Schedule payment,2026-01-12T14:40:06.327528,Payment System,System,system,21938.79,EUR,ES,V8886,medium,PO411404,,completed,False,
CASE-00417,INV-000417,Send remittance notice,2026-01-12T14:46:06.327528,Payment System,System,system,21938.79,EUR,ES,V8886,medium,PO411404,,completed,False,
CASE-00417,INV-000417,Invoice paid,2026-01-12T14:52:06.327528,Payment System,System,system,21938.79,EUR,ES,V8886,medium,PO411404,,paid,False,
CASE-00418,INV-000418,Invoice received,2026-01-07T08:45:00,Coupa,System,system,18249.04,EUR,IT,V4547,low,PO151102,,completed,False,
CASE-00418,INV-000418,Validate invoice data,2026-01-07T09:09:00,Coupa,AP Clerk,ap04,18249.04,EUR,IT,V4547,low,PO151102,,completed,False,
CASE-00418,INV-000418,Check PO exists,2026-01-07T09:27:00,SAP,System,system,18249.04,EUR,IT,V4547,low,PO151102,,completed,False,
CASE-00418,INV-000418,Run three-way match,2026-01-07T09:57:00,SAP,System,system,18249.04,EUR,IT,V4547,low,PO151102,,completed,False,
CASE-00418,INV-000418,Classify exception,2026-01-07T10:09:00,ServiceNow,AP Clerk,ap04,18249.04,EUR,IT,V4547,low,PO151102,missing_gr,completed,False,
CASE-00418,INV-000418,Request goods receipt confirmation,2026-01-07T21:05:31.275782,SAP,Procurement Specialist,ap04,18249.04,EUR,IT,V4547,low,PO151102,missing_gr,completed,False,
CASE-00418,INV-000418,Run three-way match,2026-01-07T21:29:31.275782,SAP,System,system,18249.04,EUR,IT,V4547,low,PO151102,missing_gr,completed,False,
CASE-00418,INV-000418,Run duplicate invoice check,2026-01-07T21:41:31.275782,SAP,System,system,18249.04,EUR,IT,V4547,low,PO151102,,completed,False,
CASE-00418,INV-000418,Check vendor risk,2026-01-07T21:53:31.275782,Vendor Master Data,System,system,18249.04,EUR,IT,V4547,low,PO151102,,completed,False,
CASE-00418,INV-000418,Check approval threshold,2026-01-07T21:59:31.275782,SAP,System,system,18249.04,EUR,IT,V4547,low,PO151102,,completed,False,
CASE-00418,INV-000418,Finance manager approval,2026-01-08T23:09:51.307456,SAP,Finance Manager,ap04,18249.04,EUR,IT,V4547,low,PO151102,,completed,False,
CASE-00418,INV-000418,Schedule payment,2026-01-09T10:48:19.422157,Payment System,System,system,18249.04,EUR,IT,V4547,low,PO151102,,completed,False,
CASE-00418,INV-000418,Send remittance notice,2026-01-09T10:54:19.422157,Payment System,System,system,18249.04,EUR,IT,V4547,low,PO151102,,completed,False,
CASE-00418,INV-000418,Invoice paid,2026-01-09T11:00:19.422157,Payment System,System,system,18249.04,EUR,IT,V4547,low,PO151102,,paid,False,
CASE-00419,INV-000419,Invoice received,2026-01-07T08:52:00,Coupa,System,system,23565.7,EUR,NL,V5234,low,PO830981,,completed,False,
CASE-00419,INV-000419,Validate invoice data,2026-01-07T09:16:00,Coupa,AP Clerk,ap24,23565.7,EUR,NL,V5234,low,PO830981,,completed,False,
CASE-00419,INV-000419,Check PO exists,2026-01-07T09:34:00,SAP,System,system,23565.7,EUR,NL,V5234,low,PO830981,,completed,False,
CASE-00419,INV-000419,Run three-way match,2026-01-07T10:04:00,SAP,System,system,23565.7,EUR,NL,V5234,low,PO830981,,completed,False,
CASE-00419,INV-000419,Run duplicate invoice check,2026-01-07T10:16:00,SAP,System,system,23565.7,EUR,NL,V5234,low,PO830981,,completed,False,
CASE-00419,INV-000419,Check vendor risk,2026-01-07T10:28:00,Vendor Master Data,System,system,23565.7,EUR,NL,V5234,low,PO830981,,completed,False,
CASE-00419,INV-000419,Check approval threshold,2026-01-07T10:34:00,SAP,System,system,23565.7,EUR,NL,V5234,low,PO830981,,completed,False,
CASE-00419,INV-000419,Finance manager approval,2026-01-09T00:28:15.517251,SAP,Finance Manager,ap24,23565.7,EUR,NL,V5234,low,PO830981,,completed,False,
CASE-00419,INV-000419,Schedule payment,2026-01-09T05:12:34.673105,Payment System,System,system,23565.7,EUR,NL,V5234,low,PO830981,,completed,False,
CASE-00419,INV-000419,Send remittance notice,2026-01-09T05:18:34.673105,Payment System,System,system,23565.7,EUR,NL,V5234,low,PO830981,,completed,False,
CASE-00419,INV-000419,Invoice paid,2026-01-09T05:24:34.673105,Payment System,System,system,23565.7,EUR,NL,V5234,low,PO830981,,paid,False,
CASE-00420,INV-000420,Invoice received,2026-01-07T08:59:00,Coupa,System,system,9864.55,EUR,IT,V6026,low,PO975725,,completed,False,
CASE-00420,INV-000420,Validate invoice data,2026-01-07T09:23:00,Coupa,AP Clerk,ap06,9864.55,EUR,IT,V6026,low,PO975725,,completed,False,
CASE-00420,INV-000420,Check PO exists,2026-01-07T09:41:00,SAP,System,system,9864.55,EUR,IT,V6026,low,PO975725,,completed,False,
CASE-00420,INV-000420,Run three-way match,2026-01-07T10:11:00,SAP,System,system,9864.55,EUR,IT,V6026,low,PO975725,,completed,False,
CASE-00420,INV-000420,Run duplicate invoice check,2026-01-07T10:23:00,SAP,System,system,9864.55,EUR,IT,V6026,low,PO975725,,completed,False,
CASE-00420,INV-000420,Check vendor risk,2026-01-07T10:35:00,Vendor Master Data,System,system,9864.55,EUR,IT,V6026,low,PO975725,,completed,False,
CASE-00420,INV-000420,Check approval threshold,2026-01-07T10:41:00,SAP,System,system,9864.55,EUR,IT,V6026,low,PO975725,,completed,False,
CASE-00420,INV-000420,Auto approve for payment scheduling,2026-01-07T10:47:00,SAP,System,system,9864.55,EUR,IT,V6026,low,PO975725,,completed,False,
CASE-00420,INV-000420,Schedule payment,2026-01-07T16:38:33.568785,Payment System,System,system,9864.55,EUR,IT,V6026,low,PO975725,,completed,False,
CASE-00420,INV-000420,Send remittance notice,2026-01-07T16:44:33.568785,Payment System,System,system,9864.55,EUR,IT,V6026,low,PO975725,,completed,False,
CASE-00420,INV-000420,Invoice paid,2026-01-07T16:50:33.568785,Payment System,System,system,9864.55,EUR,IT,V6026,low,PO975725,,paid,False,
CASE-00421,INV-000421,Invoice received,2026-01-07T09:06:00,Coupa,System,system,16825.62,EUR,DE,V6326,low,PO705438,,completed,False,
CASE-00421,INV-000421,Validate invoice data,2026-01-07T09:30:00,Coupa,AP Clerk,ap17,16825.62,EUR,DE,V6326,low,PO705438,,completed,False,
CASE-00421,INV-000421,Check PO exists,2026-01-07T09:48:00,SAP,System,system,16825.62,EUR,DE,V6326,low,PO705438,,completed,False,
CASE-00421,INV-000421,Run three-way match,2026-01-07T10:18:00,SAP,System,system,16825.62,EUR,DE,V6326,low,PO705438,,completed,False,
CASE-00421,INV-000421,Classify exception,2026-01-07T10:30:00,ServiceNow,AP Clerk,ap17,16825.62,EUR,DE,V6326,low,PO705438,price_mismatch,completed,False,
CASE-00421,INV-000421,Create price mismatch ticket,2026-01-07T10:42:00,ServiceNow,System,system,16825.62,EUR,DE,V6326,low,PO705438,price_mismatch,completed,False,
CASE-00421,INV-000421,AP review price mismatch,2026-01-11T23:32:20.846882,ServiceNow,AP Clerk,ap17,16825.62,EUR,DE,V6326,low,PO705438,price_mismatch,completed,False,
CASE-00421,INV-000421,Correction for price mismatch,2026-01-12T13:16:27.390388,SAP,Procurement Specialist,ap17,16825.62,EUR,DE,V6326,low,PO705438,price_mismatch,completed,False,
CASE-00421,INV-000421,Run three-way match,2026-01-12T13:40:27.390388,SAP,System,system,16825.62,EUR,DE,V6326,low,PO705438,price_mismatch,completed,False,
CASE-00421,INV-000421,Run duplicate invoice check,2026-01-12T13:52:27.390388,SAP,System,system,16825.62,EUR,DE,V6326,low,PO705438,,completed,False,
CASE-00421,INV-000421,Check vendor risk,2026-01-12T14:04:27.390388,Vendor Master Data,System,system,16825.62,EUR,DE,V6326,low,PO705438,,completed,False,
CASE-00421,INV-000421,Check approval threshold,2026-01-12T14:10:27.390388,SAP,System,system,16825.62,EUR,DE,V6326,low,PO705438,,completed,False,
CASE-00421,INV-000421,Finance manager approval,2026-01-13T12:21:46.581245,SAP,Finance Manager,ap17,16825.62,EUR,DE,V6326,low,PO705438,,completed,False,
CASE-00421,INV-000421,Schedule payment,2026-01-13T18:55:51.069964,Payment System,System,system,16825.62,EUR,DE,V6326,low,PO705438,,completed,False,
CASE-00421,INV-000421,Send remittance notice,2026-01-13T19:01:51.069964,Payment System,System,system,16825.62,EUR,DE,V6326,low,PO705438,,completed,False,
CASE-00421,INV-000421,Invoice paid,2026-01-13T19:07:51.069964,Payment System,System,system,16825.62,EUR,DE,V6326,low,PO705438,,paid,False,
CASE-00422,INV-000422,Invoice received,2026-01-07T09:13:00,Coupa,System,system,927.11,EUR,FR,V1586,medium,PO776719,,completed,False,
CASE-00422,INV-000422,Validate invoice data,2026-01-07T09:37:00,Coupa,AP Clerk,ap11,927.11,EUR,FR,V1586,medium,PO776719,,completed,False,
CASE-00422,INV-000422,Check PO exists,2026-01-07T09:55:00,SAP,System,system,927.11,EUR,FR,V1586,medium,PO776719,,completed,False,
CASE-00422,INV-000422,Create missing PO exception,2026-01-07T10:07:00,ServiceNow,System,system,927.11,EUR,FR,V1586,medium,PO776719,missing_po,completed,False,
CASE-00422,INV-000422,AP review missing PO,2026-01-11T20:19:04.381780,ServiceNow,AP Clerk,ap11,927.11,EUR,FR,V1586,medium,PO776719,missing_po,completed,False,
CASE-00422,INV-000422,Procurement correction,2026-01-13T13:27:59.831145,SAP,Procurement Specialist,ap11,927.11,EUR,FR,V1586,medium,PO776719,missing_po,completed,False,
CASE-00422,INV-000422,Check PO exists,2026-01-13T13:39:59.831145,SAP,System,system,927.11,EUR,FR,V1586,medium,PO776719,missing_po,completed,False,
CASE-00422,INV-000422,Run three-way match,2026-01-13T14:09:59.831145,SAP,System,system,927.11,EUR,FR,V1586,medium,PO776719,,completed,False,
CASE-00422,INV-000422,Run duplicate invoice check,2026-01-13T14:21:59.831145,SAP,System,system,927.11,EUR,FR,V1586,medium,PO776719,,completed,False,
CASE-00422,INV-000422,Check vendor risk,2026-01-13T14:33:59.831145,Vendor Master Data,System,system,927.11,EUR,FR,V1586,medium,PO776719,,completed,False,
CASE-00422,INV-000422,Check approval threshold,2026-01-13T14:39:59.831145,SAP,System,system,927.11,EUR,FR,V1586,medium,PO776719,,completed,False,
CASE-00422,INV-000422,Auto approve for payment scheduling,2026-01-13T14:45:59.831145,SAP,System,system,927.11,EUR,FR,V1586,medium,PO776719,,completed,False,
CASE-00422,INV-000422,Schedule payment,2026-01-13T22:00:37.693574,Payment System,System,system,927.11,EUR,FR,V1586,medium,PO776719,,completed,False,
CASE-00422,INV-000422,Send remittance notice,2026-01-13T22:06:37.693574,Payment System,System,system,927.11,EUR,FR,V1586,medium,PO776719,,completed,False,
CASE-00422,INV-000422,Invoice paid,2026-01-13T22:12:37.693574,Payment System,System,system,927.11,EUR,FR,V1586,medium,PO776719,,paid,False,
CASE-00423,INV-000423,Invoice received,2026-01-07T09:20:00,Coupa,System,system,24079.69,EUR,FR,V2490,low,PO653193,,completed,False,
CASE-00423,INV-000423,Validate invoice data,2026-01-07T09:44:00,Coupa,AP Clerk,ap14,24079.69,EUR,FR,V2490,low,PO653193,,completed,False,
CASE-00423,INV-000423,Check PO exists,2026-01-07T10:02:00,SAP,System,system,24079.69,EUR,FR,V2490,low,PO653193,,completed,False,
CASE-00423,INV-000423,Run three-way match,2026-01-07T10:32:00,SAP,System,system,24079.69,EUR,FR,V2490,low,PO653193,,completed,False,
CASE-00423,INV-000423,Run duplicate invoice check,2026-01-07T10:44:00,SAP,System,system,24079.69,EUR,FR,V2490,low,PO653193,,completed,False,
CASE-00423,INV-000423,Check vendor risk,2026-01-07T10:56:00,Vendor Master Data,System,system,24079.69,EUR,FR,V2490,low,PO653193,,completed,False,
CASE-00423,INV-000423,Check approval threshold,2026-01-07T11:02:00,SAP,System,system,24079.69,EUR,FR,V2490,low,PO653193,,completed,False,
CASE-00423,INV-000423,Finance manager approval,2026-01-07T19:19:40.698856,SAP,Finance Manager,ap14,24079.69,EUR,FR,V2490,low,PO653193,,completed,False,
CASE-00423,INV-000423,Schedule payment,2026-01-08T04:00:28.263190,Payment System,System,system,24079.69,EUR,FR,V2490,low,PO653193,,completed,False,
CASE-00423,INV-000423,Send remittance notice,2026-01-08T04:06:28.263190,Payment System,System,system,24079.69,EUR,FR,V2490,low,PO653193,,completed,False,
CASE-00423,INV-000423,Invoice paid,2026-01-08T04:12:28.263190,Payment System,System,system,24079.69,EUR,FR,V2490,low,PO653193,,paid,False,
CASE-00424,INV-000424,Invoice received,2026-01-07T09:27:00,Coupa,System,system,2542.55,EUR,NL,V8871,low,PO821280,,completed,False,
CASE-00424,INV-000424,Validate invoice data,2026-01-07T09:51:00,Coupa,AP Clerk,ap14,2542.55,EUR,NL,V8871,low,PO821280,,completed,False,
CASE-00424,INV-000424,Check PO exists,2026-01-07T10:09:00,SAP,System,system,2542.55,EUR,NL,V8871,low,PO821280,,completed,False,
CASE-00424,INV-000424,Create missing PO exception,2026-01-07T10:21:00,ServiceNow,System,system,2542.55,EUR,NL,V8871,low,PO821280,missing_po,completed,False,
CASE-00424,INV-000424,AP review missing PO,2026-01-14T10:45:01.691555,ServiceNow,AP Clerk,ap14,2542.55,EUR,NL,V8871,low,PO821280,missing_po,completed,False,
CASE-00424,INV-000424,Procurement correction,2026-01-14T23:04:25.297449,SAP,Procurement Specialist,ap14,2542.55,EUR,NL,V8871,low,PO821280,missing_po,completed,False,
CASE-00424,INV-000424,Check PO exists,2026-01-14T23:16:25.297449,SAP,System,system,2542.55,EUR,NL,V8871,low,PO821280,missing_po,completed,False,
CASE-00424,INV-000424,Run three-way match,2026-01-14T23:46:25.297449,SAP,System,system,2542.55,EUR,NL,V8871,low,PO821280,,completed,False,
CASE-00424,INV-000424,Run duplicate invoice check,2026-01-14T23:58:25.297449,SAP,System,system,2542.55,EUR,NL,V8871,low,PO821280,,completed,False,
CASE-00424,INV-000424,Check vendor risk,2026-01-15T00:10:25.297449,Vendor Master Data,System,system,2542.55,EUR,NL,V8871,low,PO821280,,completed,False,
CASE-00424,INV-000424,Check approval threshold,2026-01-15T00:16:25.297449,SAP,System,system,2542.55,EUR,NL,V8871,low,PO821280,,completed,False,
CASE-00424,INV-000424,Auto approve for payment scheduling,2026-01-15T00:22:25.297449,SAP,System,system,2542.55,EUR,NL,V8871,low,PO821280,,completed,False,
CASE-00424,INV-000424,Schedule payment,2026-01-15T10:38:02.185573,Payment System,System,system,2542.55,EUR,NL,V8871,low,PO821280,,completed,False,
CASE-00424,INV-000424,Send remittance notice,2026-01-15T10:44:02.185573,Payment System,System,system,2542.55,EUR,NL,V8871,low,PO821280,,completed,False,
CASE-00424,INV-000424,Invoice paid,2026-01-15T10:50:02.185573,Payment System,System,system,2542.55,EUR,NL,V8871,low,PO821280,,paid,False,
CASE-00425,INV-000425,Invoice received,2026-01-07T09:34:00,Coupa,System,system,13304.8,EUR,FR,V1872,low,PO483344,,completed,False,
CASE-00425,INV-000425,Validate invoice data,2026-01-07T09:58:00,Coupa,AP Clerk,ap22,13304.8,EUR,FR,V1872,low,PO483344,,completed,False,
CASE-00425,INV-000425,Check PO exists,2026-01-07T10:16:00,SAP,System,system,13304.8,EUR,FR,V1872,low,PO483344,,completed,False,
CASE-00425,INV-000425,Create missing PO exception,2026-01-07T10:28:00,ServiceNow,System,system,13304.8,EUR,FR,V1872,low,PO483344,missing_po,completed,False,
CASE-00425,INV-000425,AP review missing PO,2026-01-10T22:09:11.607298,ServiceNow,AP Clerk,ap22,13304.8,EUR,FR,V1872,low,PO483344,missing_po,completed,False,
CASE-00425,INV-000425,Procurement correction,2026-01-11T13:27:24.367903,SAP,Procurement Specialist,ap22,13304.8,EUR,FR,V1872,low,PO483344,missing_po,completed,False,
CASE-00425,INV-000425,Check PO exists,2026-01-11T13:39:24.367903,SAP,System,system,13304.8,EUR,FR,V1872,low,PO483344,missing_po,completed,False,
CASE-00425,INV-000425,Run three-way match,2026-01-11T14:09:24.367903,SAP,System,system,13304.8,EUR,FR,V1872,low,PO483344,,completed,False,
CASE-00425,INV-000425,Run duplicate invoice check,2026-01-11T14:21:24.367903,SAP,System,system,13304.8,EUR,FR,V1872,low,PO483344,,completed,False,
CASE-00425,INV-000425,Check vendor risk,2026-01-11T14:33:24.367903,Vendor Master Data,System,system,13304.8,EUR,FR,V1872,low,PO483344,,completed,False,
CASE-00425,INV-000425,Check approval threshold,2026-01-11T14:39:24.367903,SAP,System,system,13304.8,EUR,FR,V1872,low,PO483344,,completed,False,
CASE-00425,INV-000425,Finance manager approval,2026-01-12T18:19:39.996213,SAP,Finance Manager,ap22,13304.8,EUR,FR,V1872,low,PO483344,,completed,False,
CASE-00425,INV-000425,Schedule payment,2026-01-13T00:56:54.875036,Payment System,System,system,13304.8,EUR,FR,V1872,low,PO483344,,completed,False,
CASE-00425,INV-000425,Send remittance notice,2026-01-13T01:02:54.875036,Payment System,System,system,13304.8,EUR,FR,V1872,low,PO483344,,completed,False,
CASE-00425,INV-000425,Invoice paid,2026-01-13T01:08:54.875036,Payment System,System,system,13304.8,EUR,FR,V1872,low,PO483344,,paid,False,
CASE-00426,INV-000426,Invoice received,2026-01-07T09:41:00,Coupa,System,system,10846.14,EUR,NL,V8620,low,PO407185,,completed,False,
CASE-00426,INV-000426,Validate invoice data,2026-01-07T10:05:00,Coupa,AP Clerk,ap09,10846.14,EUR,NL,V8620,low,PO407185,,completed,False,
CASE-00426,INV-000426,Check PO exists,2026-01-07T10:23:00,SAP,System,system,10846.14,EUR,NL,V8620,low,PO407185,,completed,False,
CASE-00426,INV-000426,Run three-way match,2026-01-07T10:53:00,SAP,System,system,10846.14,EUR,NL,V8620,low,PO407185,,completed,False,
CASE-00426,INV-000426,Classify exception,2026-01-07T11:05:00,ServiceNow,AP Clerk,ap09,10846.14,EUR,NL,V8620,low,PO407185,price_mismatch,completed,False,
CASE-00426,INV-000426,Create price mismatch ticket,2026-01-07T11:17:00,ServiceNow,System,system,10846.14,EUR,NL,V8620,low,PO407185,price_mismatch,completed,False,
CASE-00426,INV-000426,AP review price mismatch,2026-01-10T08:43:11.080654,ServiceNow,AP Clerk,ap09,10846.14,EUR,NL,V8620,low,PO407185,price_mismatch,completed,False,
CASE-00426,INV-000426,Excel Price Correction,2026-01-11T04:46:51.963513,Email and Excel,AP Clerk,ap09,10846.14,EUR,NL,V8620,low,PO407185,price_mismatch,completed,True,Excel Price Correction
CASE-00426,INV-000426,Correction for price mismatch,2026-01-11T22:31:34.646654,SAP,Procurement Specialist,ap09,10846.14,EUR,NL,V8620,low,PO407185,price_mismatch,completed,False,
CASE-00426,INV-000426,Run three-way match,2026-01-11T22:55:34.646654,SAP,System,system,10846.14,EUR,NL,V8620,low,PO407185,price_mismatch,completed,False,
CASE-00426,INV-000426,Run duplicate invoice check,2026-01-11T23:07:34.646654,SAP,System,system,10846.14,EUR,NL,V8620,low,PO407185,,completed,False,
CASE-00426,INV-000426,Check vendor risk,2026-01-11T23:19:34.646654,Vendor Master Data,System,system,10846.14,EUR,NL,V8620,low,PO407185,,completed,False,
CASE-00426,INV-000426,Check approval threshold,2026-01-11T23:25:34.646654,SAP,System,system,10846.14,EUR,NL,V8620,low,PO407185,,completed,False,
CASE-00426,INV-000426,Finance manager approval,2026-01-12T11:16:03.433015,SAP,Finance Manager,ap09,10846.14,EUR,NL,V8620,low,PO407185,,completed,False,
CASE-00426,INV-000426,Schedule payment,2026-01-12T21:39:47.590009,Payment System,System,system,10846.14,EUR,NL,V8620,low,PO407185,,completed,False,
CASE-00426,INV-000426,Send remittance notice,2026-01-12T21:45:47.590009,Payment System,System,system,10846.14,EUR,NL,V8620,low,PO407185,,completed,False,
CASE-00426,INV-000426,Invoice paid,2026-01-12T21:51:47.590009,Payment System,System,system,10846.14,EUR,NL,V8620,low,PO407185,,paid,False,
CASE-00427,INV-000427,Invoice received,2026-01-07T09:48:00,Coupa,System,system,23144.29,EUR,NL,V8661,medium,PO859728,,completed,False,
CASE-00427,INV-000427,Validate invoice data,2026-01-07T10:12:00,Coupa,AP Clerk,ap14,23144.29,EUR,NL,V8661,medium,PO859728,,completed,False,
CASE-00427,INV-000427,Check PO exists,2026-01-07T10:30:00,SAP,System,system,23144.29,EUR,NL,V8661,medium,PO859728,,completed,False,
CASE-00427,INV-000427,Create missing PO exception,2026-01-07T10:42:00,ServiceNow,System,system,23144.29,EUR,NL,V8661,medium,PO859728,missing_po,completed,False,
CASE-00427,INV-000427,AP review missing PO,2026-01-10T15:46:16.818206,ServiceNow,AP Clerk,ap14,23144.29,EUR,NL,V8661,medium,PO859728,missing_po,completed,False,
CASE-00427,INV-000427,Procurement correction,2026-01-12T07:50:53.482351,SAP,Procurement Specialist,ap14,23144.29,EUR,NL,V8661,medium,PO859728,missing_po,completed,False,
CASE-00427,INV-000427,Check PO exists,2026-01-12T08:02:53.482351,SAP,System,system,23144.29,EUR,NL,V8661,medium,PO859728,missing_po,completed,False,
CASE-00427,INV-000427,Run three-way match,2026-01-12T08:32:53.482351,SAP,System,system,23144.29,EUR,NL,V8661,medium,PO859728,,completed,False,
CASE-00427,INV-000427,Run duplicate invoice check,2026-01-12T08:44:53.482351,SAP,System,system,23144.29,EUR,NL,V8661,medium,PO859728,,completed,False,
CASE-00427,INV-000427,Check vendor risk,2026-01-12T08:56:53.482351,Vendor Master Data,System,system,23144.29,EUR,NL,V8661,medium,PO859728,,completed,False,
CASE-00427,INV-000427,Check approval threshold,2026-01-12T09:02:53.482351,SAP,System,system,23144.29,EUR,NL,V8661,medium,PO859728,,completed,False,
CASE-00427,INV-000427,Finance manager approval,2026-01-12T23:29:07.591379,SAP,Finance Manager,ap14,23144.29,EUR,NL,V8661,medium,PO859728,,completed,False,
CASE-00427,INV-000427,Schedule payment,2026-01-13T07:55:27.193126,Payment System,System,system,23144.29,EUR,NL,V8661,medium,PO859728,,completed,False,
CASE-00427,INV-000427,Send remittance notice,2026-01-13T08:01:27.193126,Payment System,System,system,23144.29,EUR,NL,V8661,medium,PO859728,,completed,False,
CASE-00427,INV-000427,Invoice paid,2026-01-13T08:07:27.193126,Payment System,System,system,23144.29,EUR,NL,V8661,medium,PO859728,,paid,False,
CASE-00428,INV-000428,Invoice received,2026-01-07T09:55:00,Coupa,System,system,24681.72,EUR,DE,V9512,low,PO314619,,completed,False,
CASE-00428,INV-000428,Validate invoice data,2026-01-07T10:19:00,Coupa,AP Clerk,ap25,24681.72,EUR,DE,V9512,low,PO314619,,completed,False,
CASE-00428,INV-000428,Check PO exists,2026-01-07T10:37:00,SAP,System,system,24681.72,EUR,DE,V9512,low,PO314619,,completed,False,
CASE-00428,INV-000428,Run three-way match,2026-01-07T11:07:00,SAP,System,system,24681.72,EUR,DE,V9512,low,PO314619,,completed,False,
CASE-00428,INV-000428,Classify exception,2026-01-07T11:19:00,ServiceNow,AP Clerk,ap25,24681.72,EUR,DE,V9512,low,PO314619,quantity_mismatch,completed,False,
CASE-00428,INV-000428,Create quantity mismatch ticket,2026-01-07T11:31:00,ServiceNow,System,system,24681.72,EUR,DE,V9512,low,PO314619,quantity_mismatch,completed,False,
CASE-00428,INV-000428,AP review quantity mismatch,2026-01-10T14:41:50.882406,ServiceNow,AP Clerk,ap25,24681.72,EUR,DE,V9512,low,PO314619,quantity_mismatch,completed,False,
CASE-00428,INV-000428,Correction for quantity mismatch,2026-01-10T22:08:55.575050,SAP,Procurement Specialist,ap25,24681.72,EUR,DE,V9512,low,PO314619,quantity_mismatch,completed,False,
CASE-00428,INV-000428,Run three-way match,2026-01-10T22:32:55.575050,SAP,System,system,24681.72,EUR,DE,V9512,low,PO314619,quantity_mismatch,completed,False,
CASE-00428,INV-000428,Run duplicate invoice check,2026-01-10T22:44:55.575050,SAP,System,system,24681.72,EUR,DE,V9512,low,PO314619,,completed,False,
CASE-00428,INV-000428,Check vendor risk,2026-01-10T22:56:55.575050,Vendor Master Data,System,system,24681.72,EUR,DE,V9512,low,PO314619,,completed,False,
CASE-00428,INV-000428,Check approval threshold,2026-01-10T23:02:55.575050,SAP,System,system,24681.72,EUR,DE,V9512,low,PO314619,,completed,False,
CASE-00428,INV-000428,Finance manager approval,2026-01-11T06:31:07.696485,SAP,Finance Manager,ap25,24681.72,EUR,DE,V9512,low,PO314619,,completed,False,
CASE-00428,INV-000428,Schedule payment,2026-01-11T17:52:45.617426,Payment System,System,system,24681.72,EUR,DE,V9512,low,PO314619,,completed,False,
CASE-00428,INV-000428,Send remittance notice,2026-01-11T17:58:45.617426,Payment System,System,system,24681.72,EUR,DE,V9512,low,PO314619,,completed,False,
CASE-00428,INV-000428,Invoice paid,2026-01-11T18:04:45.617426,Payment System,System,system,24681.72,EUR,DE,V9512,low,PO314619,,paid,False,
CASE-00429,INV-000429,Invoice received,2026-01-07T10:02:00,Coupa,System,system,2623.6,EUR,NL,V3531,low,PO167937,,completed,False,
CASE-00429,INV-000429,Validate invoice data,2026-01-07T10:26:00,Coupa,AP Clerk,ap03,2623.6,EUR,NL,V3531,low,PO167937,,completed,False,
CASE-00429,INV-000429,Check PO exists,2026-01-07T10:44:00,SAP,System,system,2623.6,EUR,NL,V3531,low,PO167937,,completed,False,
CASE-00429,INV-000429,Run three-way match,2026-01-07T11:14:00,SAP,System,system,2623.6,EUR,NL,V3531,low,PO167937,,completed,False,
CASE-00429,INV-000429,Run duplicate invoice check,2026-01-07T11:26:00,SAP,System,system,2623.6,EUR,NL,V3531,low,PO167937,,completed,False,
CASE-00429,INV-000429,Check vendor risk,2026-01-07T11:38:00,Vendor Master Data,System,system,2623.6,EUR,NL,V3531,low,PO167937,,completed,False,
CASE-00429,INV-000429,Check approval threshold,2026-01-07T11:44:00,SAP,System,system,2623.6,EUR,NL,V3531,low,PO167937,,completed,False,
CASE-00429,INV-000429,Auto approve for payment scheduling,2026-01-07T11:50:00,SAP,System,system,2623.6,EUR,NL,V3531,low,PO167937,,completed,False,
CASE-00429,INV-000429,Schedule payment,2026-01-07T16:18:51.362739,Payment System,System,system,2623.6,EUR,NL,V3531,low,PO167937,,completed,False,
CASE-00429,INV-000429,Send remittance notice,2026-01-07T16:24:51.362739,Payment System,System,system,2623.6,EUR,NL,V3531,low,PO167937,,completed,False,
CASE-00429,INV-000429,Invoice paid,2026-01-07T16:30:51.362739,Payment System,System,system,2623.6,EUR,NL,V3531,low,PO167937,,paid,False,
CASE-00430,INV-000430,Invoice received,2026-01-07T10:09:00,Coupa,System,system,11843.64,EUR,NL,V2013,low,PO140700,,completed,False,
CASE-00430,INV-000430,Validate invoice data,2026-01-07T10:33:00,Coupa,AP Clerk,ap11,11843.64,EUR,NL,V2013,low,PO140700,,completed,False,
CASE-00430,INV-000430,Check PO exists,2026-01-07T10:51:00,SAP,System,system,11843.64,EUR,NL,V2013,low,PO140700,,completed,False,
CASE-00430,INV-000430,Run three-way match,2026-01-07T11:21:00,SAP,System,system,11843.64,EUR,NL,V2013,low,PO140700,,completed,False,
CASE-00430,INV-000430,Run duplicate invoice check,2026-01-07T11:33:00,SAP,System,system,11843.64,EUR,NL,V2013,low,PO140700,,completed,False,
CASE-00430,INV-000430,Check vendor risk,2026-01-07T11:45:00,Vendor Master Data,System,system,11843.64,EUR,NL,V2013,low,PO140700,,completed,False,
CASE-00430,INV-000430,Check approval threshold,2026-01-07T11:51:00,SAP,System,system,11843.64,EUR,NL,V2013,low,PO140700,,completed,False,
CASE-00430,INV-000430,Finance manager approval,2026-01-09T07:19:31.211759,SAP,Finance Manager,ap11,11843.64,EUR,NL,V2013,low,PO140700,,completed,False,
CASE-00430,INV-000430,Schedule payment,2026-01-09T16:04:01.013302,Payment System,System,system,11843.64,EUR,NL,V2013,low,PO140700,,completed,False,
CASE-00430,INV-000430,Send remittance notice,2026-01-09T16:10:01.013302,Payment System,System,system,11843.64,EUR,NL,V2013,low,PO140700,,completed,False,
CASE-00430,INV-000430,Invoice paid,2026-01-09T16:16:01.013302,Payment System,System,system,11843.64,EUR,NL,V2013,low,PO140700,,paid,False,
CASE-00431,INV-000431,Invoice received,2026-01-07T10:16:00,Coupa,System,system,9705.83,EUR,FR,V3103,medium,PO796165,,completed,False,
CASE-00431,INV-000431,Validate invoice data,2026-01-07T10:40:00,Coupa,AP Clerk,ap25,9705.83,EUR,FR,V3103,medium,PO796165,,completed,False,
CASE-00431,INV-000431,Check PO exists,2026-01-07T10:58:00,SAP,System,system,9705.83,EUR,FR,V3103,medium,PO796165,,completed,False,
CASE-00431,INV-000431,Run three-way match,2026-01-07T11:28:00,SAP,System,system,9705.83,EUR,FR,V3103,medium,PO796165,,completed,False,
CASE-00431,INV-000431,Classify exception,2026-01-07T11:40:00,ServiceNow,AP Clerk,ap25,9705.83,EUR,FR,V3103,medium,PO796165,missing_gr,completed,False,
CASE-00431,INV-000431,Request goods receipt confirmation,2026-01-08T20:20:00.607883,SAP,Procurement Specialist,ap25,9705.83,EUR,FR,V3103,medium,PO796165,missing_gr,completed,False,
CASE-00431,INV-000431,Run three-way match,2026-01-08T20:44:00.607883,SAP,System,system,9705.83,EUR,FR,V3103,medium,PO796165,missing_gr,completed,False,
CASE-00431,INV-000431,Run duplicate invoice check,2026-01-08T20:56:00.607883,SAP,System,system,9705.83,EUR,FR,V3103,medium,PO796165,,completed,False,
CASE-00431,INV-000431,Check vendor risk,2026-01-08T21:08:00.607883,Vendor Master Data,System,system,9705.83,EUR,FR,V3103,medium,PO796165,,completed,False,
CASE-00431,INV-000431,Check approval threshold,2026-01-08T21:14:00.607883,SAP,System,system,9705.83,EUR,FR,V3103,medium,PO796165,,completed,False,
CASE-00431,INV-000431,Auto approve for payment scheduling,2026-01-08T21:20:00.607883,SAP,System,system,9705.83,EUR,FR,V3103,medium,PO796165,,completed,False,
CASE-00431,INV-000431,Schedule payment,2026-01-09T05:15:29.146640,Payment System,System,system,9705.83,EUR,FR,V3103,medium,PO796165,,completed,False,
CASE-00431,INV-000431,Send remittance notice,2026-01-09T05:21:29.146640,Payment System,System,system,9705.83,EUR,FR,V3103,medium,PO796165,,completed,False,
CASE-00431,INV-000431,Invoice paid,2026-01-09T05:27:29.146640,Payment System,System,system,9705.83,EUR,FR,V3103,medium,PO796165,,paid,False,
CASE-00432,INV-000432,Invoice received,2026-01-07T10:23:00,Coupa,System,system,17967.28,EUR,DE,V9108,medium,PO784260,,completed,False,
CASE-00432,INV-000432,Validate invoice data,2026-01-07T10:47:00,Coupa,AP Clerk,ap09,17967.28,EUR,DE,V9108,medium,PO784260,,completed,False,
CASE-00432,INV-000432,Check PO exists,2026-01-07T11:05:00,SAP,System,system,17967.28,EUR,DE,V9108,medium,PO784260,,completed,False,
CASE-00432,INV-000432,Run three-way match,2026-01-07T11:35:00,SAP,System,system,17967.28,EUR,DE,V9108,medium,PO784260,,completed,False,
CASE-00432,INV-000432,Classify exception,2026-01-07T11:47:00,ServiceNow,AP Clerk,ap09,17967.28,EUR,DE,V9108,medium,PO784260,missing_gr,completed,False,
CASE-00432,INV-000432,Request goods receipt confirmation,2026-01-08T07:10:51.167651,SAP,Procurement Specialist,ap09,17967.28,EUR,DE,V9108,medium,PO784260,missing_gr,completed,False,
CASE-00432,INV-000432,Run three-way match,2026-01-08T07:34:51.167651,SAP,System,system,17967.28,EUR,DE,V9108,medium,PO784260,missing_gr,completed,False,
CASE-00432,INV-000432,Run duplicate invoice check,2026-01-08T07:46:51.167651,SAP,System,system,17967.28,EUR,DE,V9108,medium,PO784260,,completed,False,
CASE-00432,INV-000432,Check vendor risk,2026-01-08T07:58:51.167651,Vendor Master Data,System,system,17967.28,EUR,DE,V9108,medium,PO784260,,completed,False,
CASE-00432,INV-000432,Check approval threshold,2026-01-08T08:04:51.167651,SAP,System,system,17967.28,EUR,DE,V9108,medium,PO784260,,completed,False,
CASE-00432,INV-000432,Finance manager approval,2026-01-09T17:16:05.404954,SAP,Finance Manager,ap09,17967.28,EUR,DE,V9108,medium,PO784260,,completed,False,
CASE-00432,INV-000432,Schedule payment,2026-01-10T00:05:34.768817,Payment System,System,system,17967.28,EUR,DE,V9108,medium,PO784260,,completed,False,
CASE-00432,INV-000432,Send remittance notice,2026-01-10T00:11:34.768817,Payment System,System,system,17967.28,EUR,DE,V9108,medium,PO784260,,completed,False,
CASE-00432,INV-000432,Invoice paid,2026-01-10T00:17:34.768817,Payment System,System,system,17967.28,EUR,DE,V9108,medium,PO784260,,paid,False,
CASE-00433,INV-000433,Invoice received,2026-01-07T10:30:00,Coupa,System,system,24971.49,EUR,ES,V6266,medium,PO200087,,completed,False,
CASE-00433,INV-000433,Validate invoice data,2026-01-07T10:54:00,Coupa,AP Clerk,ap20,24971.49,EUR,ES,V6266,medium,PO200087,,completed,False,
CASE-00433,INV-000433,Manual Email Review,2026-01-08T07:00:10.027827,Email and Excel,AP Clerk,ap20,24971.49,EUR,ES,V6266,medium,PO200087,,completed,True,Manual Email Review
CASE-00433,INV-000433,Check PO exists,2026-01-08T07:18:10.027827,SAP,System,system,24971.49,EUR,ES,V6266,medium,PO200087,,completed,False,
CASE-00433,INV-000433,Run three-way match,2026-01-08T07:48:10.027827,SAP,System,system,24971.49,EUR,ES,V6266,medium,PO200087,,completed,False,
CASE-00433,INV-000433,Run duplicate invoice check,2026-01-08T08:00:10.027827,SAP,System,system,24971.49,EUR,ES,V6266,medium,PO200087,,completed,False,
CASE-00433,INV-000433,Check vendor risk,2026-01-08T08:12:10.027827,Vendor Master Data,System,system,24971.49,EUR,ES,V6266,medium,PO200087,,completed,False,
CASE-00433,INV-000433,Check approval threshold,2026-01-08T08:18:10.027827,SAP,System,system,24971.49,EUR,ES,V6266,medium,PO200087,,completed,False,
CASE-00433,INV-000433,Finance manager approval,2026-01-09T11:39:59.278928,SAP,Finance Manager,ap20,24971.49,EUR,ES,V6266,medium,PO200087,,completed,False,
CASE-00433,INV-000433,Schedule payment,2026-01-09T17:04:44.040417,Payment System,System,system,24971.49,EUR,ES,V6266,medium,PO200087,,completed,False,
CASE-00433,INV-000433,Send remittance notice,2026-01-09T17:10:44.040417,Payment System,System,system,24971.49,EUR,ES,V6266,medium,PO200087,,completed,False,
CASE-00433,INV-000433,Invoice paid,2026-01-09T17:16:44.040417,Payment System,System,system,24971.49,EUR,ES,V6266,medium,PO200087,,paid,False,
CASE-00434,INV-000434,Invoice received,2026-01-07T10:37:00,Coupa,System,system,10914.29,EUR,DE,V2254,high,PO373631,,completed,False,
CASE-00434,INV-000434,Validate invoice data,2026-01-07T11:01:00,Coupa,AP Clerk,ap04,10914.29,EUR,DE,V2254,high,PO373631,,completed,False,
CASE-00434,INV-000434,Check PO exists,2026-01-07T11:19:00,SAP,System,system,10914.29,EUR,DE,V2254,high,PO373631,,completed,False,
CASE-00434,INV-000434,Run three-way match,2026-01-07T11:49:00,SAP,System,system,10914.29,EUR,DE,V2254,high,PO373631,,completed,False,
CASE-00434,INV-000434,Run duplicate invoice check,2026-01-07T12:01:00,SAP,System,system,10914.29,EUR,DE,V2254,high,PO373631,,completed,False,
CASE-00434,INV-000434,Check vendor risk,2026-01-07T12:13:00,Vendor Master Data,System,system,10914.29,EUR,DE,V2254,high,PO373631,,completed,False,
CASE-00434,INV-000434,Compliance review,2026-01-09T13:28:50.839764,Vendor Master Data,Compliance Officer,ap04,10914.29,EUR,DE,V2254,high,PO373631,,completed,False,
CASE-00434,INV-000434,Check approval threshold,2026-01-09T13:34:50.839764,SAP,System,system,10914.29,EUR,DE,V2254,high,PO373631,,completed,False,
CASE-00434,INV-000434,Finance manager approval,2026-01-10T18:21:38.505913,SAP,Finance Manager,ap04,10914.29,EUR,DE,V2254,high,PO373631,,completed,False,
CASE-00434,INV-000434,Schedule payment,2026-01-11T03:06:45.337305,Payment System,System,system,10914.29,EUR,DE,V2254,high,PO373631,,completed,False,
CASE-00434,INV-000434,Send remittance notice,2026-01-11T03:12:45.337305,Payment System,System,system,10914.29,EUR,DE,V2254,high,PO373631,,completed,False,
CASE-00434,INV-000434,Invoice paid,2026-01-11T03:18:45.337305,Payment System,System,system,10914.29,EUR,DE,V2254,high,PO373631,,paid,False,
CASE-00435,INV-000435,Invoice received,2026-01-07T10:44:00,Coupa,System,system,4568.39,EUR,FR,V4732,low,PO330835,,completed,False,
CASE-00435,INV-000435,Validate invoice data,2026-01-07T11:08:00,Coupa,AP Clerk,ap21,4568.39,EUR,FR,V4732,low,PO330835,,completed,False,
CASE-00435,INV-000435,Check PO exists,2026-01-07T11:26:00,SAP,System,system,4568.39,EUR,FR,V4732,low,PO330835,,completed,False,
CASE-00435,INV-000435,Run three-way match,2026-01-07T11:56:00,SAP,System,system,4568.39,EUR,FR,V4732,low,PO330835,,completed,False,
CASE-00435,INV-000435,Run duplicate invoice check,2026-01-07T12:08:00,SAP,System,system,4568.39,EUR,FR,V4732,low,PO330835,,completed,False,
CASE-00435,INV-000435,Check vendor risk,2026-01-07T12:20:00,Vendor Master Data,System,system,4568.39,EUR,FR,V4732,low,PO330835,,completed,False,
CASE-00435,INV-000435,Check approval threshold,2026-01-07T12:26:00,SAP,System,system,4568.39,EUR,FR,V4732,low,PO330835,,completed,False,
CASE-00435,INV-000435,Auto approve for payment scheduling,2026-01-07T12:32:00,SAP,System,system,4568.39,EUR,FR,V4732,low,PO330835,,completed,False,
CASE-00435,INV-000435,Schedule payment,2026-01-07T18:59:50.765551,Payment System,System,system,4568.39,EUR,FR,V4732,low,PO330835,,completed,False,
CASE-00435,INV-000435,Send remittance notice,2026-01-07T19:05:50.765551,Payment System,System,system,4568.39,EUR,FR,V4732,low,PO330835,,completed,False,
CASE-00435,INV-000435,Invoice paid,2026-01-07T19:11:50.765551,Payment System,System,system,4568.39,EUR,FR,V4732,low,PO330835,,paid,False,
CASE-00436,INV-000436,Invoice received,2026-01-07T10:51:00,Coupa,System,system,11310.66,EUR,IT,V7618,low,PO795636,,completed,False,
CASE-00436,INV-000436,Validate invoice data,2026-01-07T11:15:00,Coupa,AP Clerk,ap24,11310.66,EUR,IT,V7618,low,PO795636,,completed,False,
CASE-00436,INV-000436,Check PO exists,2026-01-07T11:33:00,SAP,System,system,11310.66,EUR,IT,V7618,low,PO795636,,completed,False,
CASE-00436,INV-000436,Run three-way match,2026-01-07T12:03:00,SAP,System,system,11310.66,EUR,IT,V7618,low,PO795636,,completed,False,
CASE-00436,INV-000436,Run duplicate invoice check,2026-01-07T12:15:00,SAP,System,system,11310.66,EUR,IT,V7618,low,PO795636,,completed,False,
CASE-00436,INV-000436,Check vendor risk,2026-01-07T12:27:00,Vendor Master Data,System,system,11310.66,EUR,IT,V7618,low,PO795636,,completed,False,
CASE-00436,INV-000436,Check approval threshold,2026-01-07T12:33:00,SAP,System,system,11310.66,EUR,IT,V7618,low,PO795636,,completed,False,
CASE-00436,INV-000436,Finance manager approval,2026-01-09T00:45:08.572658,SAP,Finance Manager,ap24,11310.66,EUR,IT,V7618,low,PO795636,,completed,False,
CASE-00436,INV-000436,Schedule payment,2026-01-09T09:45:58.273982,Payment System,System,system,11310.66,EUR,IT,V7618,low,PO795636,,completed,False,
CASE-00436,INV-000436,Send remittance notice,2026-01-09T09:51:58.273982,Payment System,System,system,11310.66,EUR,IT,V7618,low,PO795636,,completed,False,
CASE-00436,INV-000436,Invoice paid,2026-01-09T09:57:58.273982,Payment System,System,system,11310.66,EUR,IT,V7618,low,PO795636,,paid,False,
CASE-00437,INV-000437,Invoice received,2026-01-07T10:58:00,Coupa,System,system,10785.44,EUR,FR,V9192,high,PO595962,,completed,False,
CASE-00437,INV-000437,Validate invoice data,2026-01-07T11:22:00,Coupa,AP Clerk,ap02,10785.44,EUR,FR,V9192,high,PO595962,,completed,False,
CASE-00437,INV-000437,Check PO exists,2026-01-07T11:40:00,SAP,System,system,10785.44,EUR,FR,V9192,high,PO595962,,completed,False,
CASE-00437,INV-000437,Run three-way match,2026-01-07T12:10:00,SAP,System,system,10785.44,EUR,FR,V9192,high,PO595962,,completed,False,
CASE-00437,INV-000437,Run duplicate invoice check,2026-01-07T12:22:00,SAP,System,system,10785.44,EUR,FR,V9192,high,PO595962,,completed,False,
CASE-00437,INV-000437,Check vendor risk,2026-01-07T12:34:00,Vendor Master Data,System,system,10785.44,EUR,FR,V9192,high,PO595962,,completed,False,
CASE-00437,INV-000437,Compliance review,2026-01-09T14:26:10.475679,Vendor Master Data,Compliance Officer,ap02,10785.44,EUR,FR,V9192,high,PO595962,,completed,False,
CASE-00437,INV-000437,Check approval threshold,2026-01-09T14:32:10.475679,SAP,System,system,10785.44,EUR,FR,V9192,high,PO595962,,completed,False,
CASE-00437,INV-000437,Finance manager approval,2026-01-10T22:58:36.711639,SAP,Finance Manager,ap02,10785.44,EUR,FR,V9192,high,PO595962,,completed,False,
CASE-00437,INV-000437,Schedule payment,2026-01-11T04:15:17.678974,Payment System,System,system,10785.44,EUR,FR,V9192,high,PO595962,,completed,False,
CASE-00437,INV-000437,Send remittance notice,2026-01-11T04:21:17.678974,Payment System,System,system,10785.44,EUR,FR,V9192,high,PO595962,,completed,False,
CASE-00437,INV-000437,Invoice paid,2026-01-11T04:27:17.678974,Payment System,System,system,10785.44,EUR,FR,V9192,high,PO595962,,paid,False,
CASE-00438,INV-000438,Invoice received,2026-01-07T11:05:00,Coupa,System,system,5639.87,EUR,ES,V8086,low,PO980812,,completed,False,
CASE-00438,INV-000438,Validate invoice data,2026-01-07T11:29:00,Coupa,AP Clerk,ap25,5639.87,EUR,ES,V8086,low,PO980812,,completed,False,
CASE-00438,INV-000438,Check PO exists,2026-01-07T11:47:00,SAP,System,system,5639.87,EUR,ES,V8086,low,PO980812,,completed,False,
CASE-00438,INV-000438,Run three-way match,2026-01-07T12:17:00,SAP,System,system,5639.87,EUR,ES,V8086,low,PO980812,,completed,False,
CASE-00438,INV-000438,Classify exception,2026-01-07T12:29:00,ServiceNow,AP Clerk,ap25,5639.87,EUR,ES,V8086,low,PO980812,price_mismatch,completed,False,
CASE-00438,INV-000438,Create price mismatch ticket,2026-01-07T12:41:00,ServiceNow,System,system,5639.87,EUR,ES,V8086,low,PO980812,price_mismatch,completed,False,
CASE-00438,INV-000438,AP review price mismatch,2026-01-09T22:35:53.517688,ServiceNow,AP Clerk,ap25,5639.87,EUR,ES,V8086,low,PO980812,price_mismatch,completed,False,
CASE-00438,INV-000438,Correction for price mismatch,2026-01-10T09:06:04.445382,SAP,Procurement Specialist,ap25,5639.87,EUR,ES,V8086,low,PO980812,price_mismatch,completed,False,
CASE-00438,INV-000438,Run three-way match,2026-01-10T09:30:04.445382,SAP,System,system,5639.87,EUR,ES,V8086,low,PO980812,price_mismatch,completed,False,
CASE-00438,INV-000438,Run duplicate invoice check,2026-01-10T09:42:04.445382,SAP,System,system,5639.87,EUR,ES,V8086,low,PO980812,,completed,False,
CASE-00438,INV-000438,Check vendor risk,2026-01-10T09:54:04.445382,Vendor Master Data,System,system,5639.87,EUR,ES,V8086,low,PO980812,,completed,False,
CASE-00438,INV-000438,Check approval threshold,2026-01-10T10:00:04.445382,SAP,System,system,5639.87,EUR,ES,V8086,low,PO980812,,completed,False,
CASE-00438,INV-000438,Auto approve for payment scheduling,2026-01-10T10:06:04.445382,SAP,System,system,5639.87,EUR,ES,V8086,low,PO980812,,completed,False,
CASE-00438,INV-000438,Schedule payment,2026-01-10T18:05:29.207121,Payment System,System,system,5639.87,EUR,ES,V8086,low,PO980812,,completed,False,
CASE-00438,INV-000438,Send remittance notice,2026-01-10T18:11:29.207121,Payment System,System,system,5639.87,EUR,ES,V8086,low,PO980812,,completed,False,
CASE-00438,INV-000438,Invoice paid,2026-01-10T18:17:29.207121,Payment System,System,system,5639.87,EUR,ES,V8086,low,PO980812,,paid,False,
CASE-00439,INV-000439,Invoice received,2026-01-07T11:12:00,Coupa,System,system,8878.85,EUR,ES,V2685,low,PO996555,,completed,False,
CASE-00439,INV-000439,Validate invoice data,2026-01-07T11:36:00,Coupa,AP Clerk,ap02,8878.85,EUR,ES,V2685,low,PO996555,,completed,False,
CASE-00439,INV-000439,Check PO exists,2026-01-07T11:54:00,SAP,System,system,8878.85,EUR,ES,V2685,low,PO996555,,completed,False,
CASE-00439,INV-000439,Create missing PO exception,2026-01-07T12:06:00,ServiceNow,System,system,8878.85,EUR,ES,V2685,low,PO996555,missing_po,completed,False,
CASE-00439,INV-000439,AP review missing PO,2026-01-09T10:28:59.113081,ServiceNow,AP Clerk,ap02,8878.85,EUR,ES,V2685,low,PO996555,missing_po,completed,False,
CASE-00439,INV-000439,Procurement correction,2026-01-10T04:21:42.951023,SAP,Procurement Specialist,ap02,8878.85,EUR,ES,V2685,low,PO996555,missing_po,completed,False,
CASE-00439,INV-000439,Check PO exists,2026-01-10T04:33:42.951023,SAP,System,system,8878.85,EUR,ES,V2685,low,PO996555,missing_po,completed,False,
CASE-00439,INV-000439,Run three-way match,2026-01-10T05:03:42.951023,SAP,System,system,8878.85,EUR,ES,V2685,low,PO996555,,completed,False,
CASE-00439,INV-000439,Run duplicate invoice check,2026-01-10T05:15:42.951023,SAP,System,system,8878.85,EUR,ES,V2685,low,PO996555,,completed,False,
CASE-00439,INV-000439,Check vendor risk,2026-01-10T05:27:42.951023,Vendor Master Data,System,system,8878.85,EUR,ES,V2685,low,PO996555,,completed,False,
CASE-00439,INV-000439,Check approval threshold,2026-01-10T05:33:42.951023,SAP,System,system,8878.85,EUR,ES,V2685,low,PO996555,,completed,False,
CASE-00439,INV-000439,Auto approve for payment scheduling,2026-01-10T05:39:42.951023,SAP,System,system,8878.85,EUR,ES,V2685,low,PO996555,,completed,False,
CASE-00439,INV-000439,Schedule payment,2026-01-10T10:44:50.602091,Payment System,System,system,8878.85,EUR,ES,V2685,low,PO996555,,completed,False,
CASE-00439,INV-000439,Send remittance notice,2026-01-10T10:50:50.602091,Payment System,System,system,8878.85,EUR,ES,V2685,low,PO996555,,completed,False,
CASE-00439,INV-000439,Invoice paid,2026-01-10T10:56:50.602091,Payment System,System,system,8878.85,EUR,ES,V2685,low,PO996555,,paid,False,
CASE-00440,INV-000440,Invoice received,2026-01-07T11:19:00,Coupa,System,system,20466.95,EUR,DE,V1806,low,PO121804,,completed,False,
CASE-00440,INV-000440,Validate invoice data,2026-01-07T11:43:00,Coupa,AP Clerk,ap05,20466.95,EUR,DE,V1806,low,PO121804,,completed,False,
CASE-00440,INV-000440,Check PO exists,2026-01-07T12:01:00,SAP,System,system,20466.95,EUR,DE,V1806,low,PO121804,,completed,False,
CASE-00440,INV-000440,Create missing PO exception,2026-01-07T12:13:00,ServiceNow,System,system,20466.95,EUR,DE,V1806,low,PO121804,missing_po,completed,False,
CASE-00440,INV-000440,AP review missing PO,2026-01-12T08:17:04.634194,ServiceNow,AP Clerk,ap05,20466.95,EUR,DE,V1806,low,PO121804,missing_po,completed,False,
CASE-00440,INV-000440,Procurement correction,2026-01-13T12:59:31.621003,SAP,Procurement Specialist,ap05,20466.95,EUR,DE,V1806,low,PO121804,missing_po,completed,False,
CASE-00440,INV-000440,Check PO exists,2026-01-13T13:11:31.621003,SAP,System,system,20466.95,EUR,DE,V1806,low,PO121804,missing_po,completed,False,
CASE-00440,INV-000440,Run three-way match,2026-01-13T13:41:31.621003,SAP,System,system,20466.95,EUR,DE,V1806,low,PO121804,,completed,False,
CASE-00440,INV-000440,Run duplicate invoice check,2026-01-13T13:53:31.621003,SAP,System,system,20466.95,EUR,DE,V1806,low,PO121804,,completed,False,
CASE-00440,INV-000440,Check vendor risk,2026-01-13T14:05:31.621003,Vendor Master Data,System,system,20466.95,EUR,DE,V1806,low,PO121804,,completed,False,
CASE-00440,INV-000440,Check approval threshold,2026-01-13T14:11:31.621003,SAP,System,system,20466.95,EUR,DE,V1806,low,PO121804,,completed,False,
CASE-00440,INV-000440,Finance manager approval,2026-01-13T23:44:32.453383,SAP,Finance Manager,ap05,20466.95,EUR,DE,V1806,low,PO121804,,completed,False,
CASE-00440,INV-000440,Schedule payment,2026-01-14T10:06:31.329866,Payment System,System,system,20466.95,EUR,DE,V1806,low,PO121804,,completed,False,
CASE-00440,INV-000440,Send remittance notice,2026-01-14T10:12:31.329866,Payment System,System,system,20466.95,EUR,DE,V1806,low,PO121804,,completed,False,
CASE-00440,INV-000440,Invoice paid,2026-01-14T10:18:31.329866,Payment System,System,system,20466.95,EUR,DE,V1806,low,PO121804,,paid,False,
CASE-00441,INV-000441,Invoice received,2026-01-07T11:26:00,Coupa,System,system,20318.79,EUR,IT,V9853,high,PO899581,,completed,False,
CASE-00441,INV-000441,Validate invoice data,2026-01-07T11:50:00,Coupa,AP Clerk,ap02,20318.79,EUR,IT,V9853,high,PO899581,,completed,False,
CASE-00441,INV-000441,Check PO exists,2026-01-07T12:08:00,SAP,System,system,20318.79,EUR,IT,V9853,high,PO899581,,completed,False,
CASE-00441,INV-000441,Run three-way match,2026-01-07T12:38:00,SAP,System,system,20318.79,EUR,IT,V9853,high,PO899581,,completed,False,
CASE-00441,INV-000441,Run duplicate invoice check,2026-01-07T12:50:00,SAP,System,system,20318.79,EUR,IT,V9853,high,PO899581,,completed,False,
CASE-00441,INV-000441,Check vendor risk,2026-01-07T13:02:00,Vendor Master Data,System,system,20318.79,EUR,IT,V9853,high,PO899581,,completed,False,
CASE-00441,INV-000441,Compliance review,2026-01-08T14:43:37.842617,Vendor Master Data,Compliance Officer,ap02,20318.79,EUR,IT,V9853,high,PO899581,,completed,False,
CASE-00441,INV-000441,Check approval threshold,2026-01-08T14:49:37.842617,SAP,System,system,20318.79,EUR,IT,V9853,high,PO899581,,completed,False,
CASE-00441,INV-000441,Finance manager approval,2026-01-09T02:03:18.785540,SAP,Finance Manager,ap02,20318.79,EUR,IT,V9853,high,PO899581,,completed,False,
CASE-00441,INV-000441,Schedule payment,2026-01-09T13:47:38.443694,Payment System,System,system,20318.79,EUR,IT,V9853,high,PO899581,,completed,False,
CASE-00441,INV-000441,Send remittance notice,2026-01-09T13:53:38.443694,Payment System,System,system,20318.79,EUR,IT,V9853,high,PO899581,,completed,False,
CASE-00441,INV-000441,Invoice paid,2026-01-09T13:59:38.443694,Payment System,System,system,20318.79,EUR,IT,V9853,high,PO899581,,paid,False,
CASE-00442,INV-000442,Invoice received,2026-01-07T11:33:00,Coupa,System,system,24692.52,EUR,IT,V1036,low,PO965553,,completed,False,
CASE-00442,INV-000442,Validate invoice data,2026-01-07T11:57:00,Coupa,AP Clerk,ap08,24692.52,EUR,IT,V1036,low,PO965553,,completed,False,
CASE-00442,INV-000442,Check PO exists,2026-01-07T12:15:00,SAP,System,system,24692.52,EUR,IT,V1036,low,PO965553,,completed,False,
CASE-00442,INV-000442,Run three-way match,2026-01-07T12:45:00,SAP,System,system,24692.52,EUR,IT,V1036,low,PO965553,,completed,False,
CASE-00442,INV-000442,Run duplicate invoice check,2026-01-07T12:57:00,SAP,System,system,24692.52,EUR,IT,V1036,low,PO965553,,completed,False,
CASE-00442,INV-000442,Check vendor risk,2026-01-07T13:09:00,Vendor Master Data,System,system,24692.52,EUR,IT,V1036,low,PO965553,,completed,False,
CASE-00442,INV-000442,Check approval threshold,2026-01-07T13:15:00,SAP,System,system,24692.52,EUR,IT,V1036,low,PO965553,,completed,False,
CASE-00442,INV-000442,Finance manager approval,2026-01-08T20:19:58.285096,SAP,Finance Manager,ap08,24692.52,EUR,IT,V1036,low,PO965553,,completed,False,
CASE-00442,INV-000442,Schedule payment,2026-01-09T01:20:07.942084,Payment System,System,system,24692.52,EUR,IT,V1036,low,PO965553,,completed,False,
CASE-00442,INV-000442,Send remittance notice,2026-01-09T01:26:07.942084,Payment System,System,system,24692.52,EUR,IT,V1036,low,PO965553,,completed,False,
CASE-00442,INV-000442,Invoice paid,2026-01-09T01:32:07.942084,Payment System,System,system,24692.52,EUR,IT,V1036,low,PO965553,,paid,False,
CASE-00443,INV-000443,Invoice received,2026-01-07T11:40:00,Coupa,System,system,14409.69,EUR,DE,V6968,high,PO940045,,completed,False,
CASE-00443,INV-000443,Validate invoice data,2026-01-07T12:04:00,Coupa,AP Clerk,ap16,14409.69,EUR,DE,V6968,high,PO940045,,completed,False,
CASE-00443,INV-000443,Check PO exists,2026-01-07T12:22:00,SAP,System,system,14409.69,EUR,DE,V6968,high,PO940045,,completed,False,
CASE-00443,INV-000443,Create missing PO exception,2026-01-07T12:34:00,ServiceNow,System,system,14409.69,EUR,DE,V6968,high,PO940045,missing_po,completed,False,
CASE-00443,INV-000443,AP review missing PO,2026-01-09T21:10:47.536600,ServiceNow,AP Clerk,ap16,14409.69,EUR,DE,V6968,high,PO940045,missing_po,completed,False,
CASE-00443,INV-000443,Procurement correction,2026-01-11T08:36:13.763792,SAP,Procurement Specialist,ap16,14409.69,EUR,DE,V6968,high,PO940045,missing_po,completed,False,
CASE-00443,INV-000443,Check PO exists,2026-01-11T08:48:13.763792,SAP,System,system,14409.69,EUR,DE,V6968,high,PO940045,missing_po,completed,False,
CASE-00443,INV-000443,Run three-way match,2026-01-11T09:18:13.763792,SAP,System,system,14409.69,EUR,DE,V6968,high,PO940045,,completed,False,
CASE-00443,INV-000443,Run duplicate invoice check,2026-01-11T09:30:13.763792,SAP,System,system,14409.69,EUR,DE,V6968,high,PO940045,,completed,False,
CASE-00443,INV-000443,Check vendor risk,2026-01-11T09:42:13.763792,Vendor Master Data,System,system,14409.69,EUR,DE,V6968,high,PO940045,,completed,False,
CASE-00443,INV-000443,Compliance review,2026-01-13T18:46:09.846697,Vendor Master Data,Compliance Officer,ap16,14409.69,EUR,DE,V6968,high,PO940045,,completed,False,
CASE-00443,INV-000443,Check approval threshold,2026-01-13T18:52:09.846697,SAP,System,system,14409.69,EUR,DE,V6968,high,PO940045,,completed,False,
CASE-00443,INV-000443,Finance manager approval,2026-01-13T22:54:45.599347,SAP,Finance Manager,ap16,14409.69,EUR,DE,V6968,high,PO940045,,completed,False,
CASE-00443,INV-000443,Schedule payment,2026-01-14T10:12:12.668307,Payment System,System,system,14409.69,EUR,DE,V6968,high,PO940045,,completed,False,
CASE-00443,INV-000443,Send remittance notice,2026-01-14T10:18:12.668307,Payment System,System,system,14409.69,EUR,DE,V6968,high,PO940045,,completed,False,
CASE-00443,INV-000443,Invoice paid,2026-01-14T10:24:12.668307,Payment System,System,system,14409.69,EUR,DE,V6968,high,PO940045,,paid,False,
CASE-00444,INV-000444,Invoice received,2026-01-07T11:47:00,Coupa,System,system,20717.76,EUR,IT,V6302,low,PO374238,,completed,False,
CASE-00444,INV-000444,Validate invoice data,2026-01-07T12:11:00,Coupa,AP Clerk,ap23,20717.76,EUR,IT,V6302,low,PO374238,,completed,False,
CASE-00444,INV-000444,Check PO exists,2026-01-07T12:29:00,SAP,System,system,20717.76,EUR,IT,V6302,low,PO374238,,completed,False,
CASE-00444,INV-000444,Create missing PO exception,2026-01-07T12:41:00,ServiceNow,System,system,20717.76,EUR,IT,V6302,low,PO374238,missing_po,completed,False,
CASE-00444,INV-000444,AP review missing PO,2026-01-09T19:46:03.503389,ServiceNow,AP Clerk,ap23,20717.76,EUR,IT,V6302,low,PO374238,missing_po,completed,False,
CASE-00444,INV-000444,Procurement correction,2026-01-10T18:10:21.856126,SAP,Procurement Specialist,ap23,20717.76,EUR,IT,V6302,low,PO374238,missing_po,completed,False,
CASE-00444,INV-000444,Check PO exists,2026-01-10T18:22:21.856126,SAP,System,system,20717.76,EUR,IT,V6302,low,PO374238,missing_po,completed,False,
CASE-00444,INV-000444,Run three-way match,2026-01-10T18:52:21.856126,SAP,System,system,20717.76,EUR,IT,V6302,low,PO374238,,completed,False,
CASE-00444,INV-000444,Run duplicate invoice check,2026-01-10T19:04:21.856126,SAP,System,system,20717.76,EUR,IT,V6302,low,PO374238,,completed,False,
CASE-00444,INV-000444,Check vendor risk,2026-01-10T19:16:21.856126,Vendor Master Data,System,system,20717.76,EUR,IT,V6302,low,PO374238,,completed,False,
CASE-00444,INV-000444,Check approval threshold,2026-01-10T19:22:21.856126,SAP,System,system,20717.76,EUR,IT,V6302,low,PO374238,,completed,False,
CASE-00444,INV-000444,Finance manager approval,2026-01-12T11:36:55.626304,SAP,Finance Manager,ap23,20717.76,EUR,IT,V6302,low,PO374238,,completed,False,
CASE-00444,INV-000444,Schedule payment,2026-01-12T18:54:18.615851,Payment System,System,system,20717.76,EUR,IT,V6302,low,PO374238,,completed,False,
CASE-00444,INV-000444,Send remittance notice,2026-01-12T19:00:18.615851,Payment System,System,system,20717.76,EUR,IT,V6302,low,PO374238,,completed,False,
CASE-00444,INV-000444,Invoice paid,2026-01-12T19:06:18.615851,Payment System,System,system,20717.76,EUR,IT,V6302,low,PO374238,,paid,False,
CASE-00445,INV-000445,Invoice received,2026-01-07T11:54:00,Coupa,System,system,22975.02,EUR,IT,V2896,low,PO716895,,completed,False,
CASE-00445,INV-000445,Validate invoice data,2026-01-07T12:18:00,Coupa,AP Clerk,ap09,22975.02,EUR,IT,V2896,low,PO716895,,completed,False,
CASE-00445,INV-000445,Manual Email Review,2026-01-07T22:10:29.303967,Email and Excel,AP Clerk,ap09,22975.02,EUR,IT,V2896,low,PO716895,,completed,True,Manual Email Review
CASE-00445,INV-000445,Check PO exists,2026-01-07T22:28:29.303967,SAP,System,system,22975.02,EUR,IT,V2896,low,PO716895,,completed,False,
CASE-00445,INV-000445,Run three-way match,2026-01-07T22:58:29.303967,SAP,System,system,22975.02,EUR,IT,V2896,low,PO716895,,completed,False,
CASE-00445,INV-000445,Run duplicate invoice check,2026-01-07T23:10:29.303967,SAP,System,system,22975.02,EUR,IT,V2896,low,PO716895,,completed,False,
CASE-00445,INV-000445,Check vendor risk,2026-01-07T23:22:29.303967,Vendor Master Data,System,system,22975.02,EUR,IT,V2896,low,PO716895,,completed,False,
CASE-00445,INV-000445,Check approval threshold,2026-01-07T23:28:29.303967,SAP,System,system,22975.02,EUR,IT,V2896,low,PO716895,,completed,False,
CASE-00445,INV-000445,Finance manager approval,2026-01-09T19:10:51.394621,SAP,Finance Manager,ap09,22975.02,EUR,IT,V2896,low,PO716895,,completed,False,
CASE-00445,INV-000445,Schedule payment,2026-01-10T02:13:21.149818,Payment System,System,system,22975.02,EUR,IT,V2896,low,PO716895,,completed,False,
CASE-00445,INV-000445,Send remittance notice,2026-01-10T02:19:21.149818,Payment System,System,system,22975.02,EUR,IT,V2896,low,PO716895,,completed,False,
CASE-00445,INV-000445,Invoice paid,2026-01-10T02:25:21.149818,Payment System,System,system,22975.02,EUR,IT,V2896,low,PO716895,,paid,False,
CASE-00446,INV-000446,Invoice received,2026-01-07T12:01:00,Coupa,System,system,380.34,EUR,NL,V6587,low,PO240238,,completed,False,
CASE-00446,INV-000446,Validate invoice data,2026-01-07T12:25:00,Coupa,AP Clerk,ap11,380.34,EUR,NL,V6587,low,PO240238,,completed,False,
CASE-00446,INV-000446,Check PO exists,2026-01-07T12:43:00,SAP,System,system,380.34,EUR,NL,V6587,low,PO240238,,completed,False,
CASE-00446,INV-000446,Run three-way match,2026-01-07T13:13:00,SAP,System,system,380.34,EUR,NL,V6587,low,PO240238,,completed,False,
CASE-00446,INV-000446,Classify exception,2026-01-07T13:25:00,ServiceNow,AP Clerk,ap11,380.34,EUR,NL,V6587,low,PO240238,price_mismatch,completed,False,
CASE-00446,INV-000446,Create price mismatch ticket,2026-01-07T13:37:00,ServiceNow,System,system,380.34,EUR,NL,V6587,low,PO240238,price_mismatch,completed,False,
CASE-00446,INV-000446,AP review price mismatch,2026-01-12T16:35:37.600128,ServiceNow,AP Clerk,ap11,380.34,EUR,NL,V6587,low,PO240238,price_mismatch,completed,False,
CASE-00446,INV-000446,Correction for price mismatch,2026-01-13T13:40:55.262306,SAP,Procurement Specialist,ap11,380.34,EUR,NL,V6587,low,PO240238,price_mismatch,completed,False,
CASE-00446,INV-000446,Run three-way match,2026-01-13T14:04:55.262306,SAP,System,system,380.34,EUR,NL,V6587,low,PO240238,price_mismatch,completed,False,
CASE-00446,INV-000446,Run duplicate invoice check,2026-01-13T14:16:55.262306,SAP,System,system,380.34,EUR,NL,V6587,low,PO240238,,completed,False,
CASE-00446,INV-000446,Check vendor risk,2026-01-13T14:28:55.262306,Vendor Master Data,System,system,380.34,EUR,NL,V6587,low,PO240238,,completed,False,
CASE-00446,INV-000446,Check approval threshold,2026-01-13T14:34:55.262306,SAP,System,system,380.34,EUR,NL,V6587,low,PO240238,,completed,False,
CASE-00446,INV-000446,Auto approve for payment scheduling,2026-01-13T14:40:55.262306,SAP,System,system,380.34,EUR,NL,V6587,low,PO240238,,completed,False,
CASE-00446,INV-000446,Schedule payment,2026-01-13T19:27:34.045232,Payment System,System,system,380.34,EUR,NL,V6587,low,PO240238,,completed,False,
CASE-00446,INV-000446,Send remittance notice,2026-01-13T19:33:34.045232,Payment System,System,system,380.34,EUR,NL,V6587,low,PO240238,,completed,False,
CASE-00446,INV-000446,Invoice paid,2026-01-13T19:39:34.045232,Payment System,System,system,380.34,EUR,NL,V6587,low,PO240238,,paid,False,
CASE-00447,INV-000447,Invoice received,2026-01-07T12:08:00,Coupa,System,system,10713.05,EUR,DE,V8903,low,PO584301,,completed,False,
CASE-00447,INV-000447,Validate invoice data,2026-01-07T12:32:00,Coupa,AP Clerk,ap09,10713.05,EUR,DE,V8903,low,PO584301,,completed,False,
CASE-00447,INV-000447,Check PO exists,2026-01-07T12:50:00,SAP,System,system,10713.05,EUR,DE,V8903,low,PO584301,,completed,False,
CASE-00447,INV-000447,Run three-way match,2026-01-07T13:20:00,SAP,System,system,10713.05,EUR,DE,V8903,low,PO584301,,completed,False,
CASE-00447,INV-000447,Classify exception,2026-01-07T13:32:00,ServiceNow,AP Clerk,ap09,10713.05,EUR,DE,V8903,low,PO584301,price_mismatch,completed,False,
CASE-00447,INV-000447,Create price mismatch ticket,2026-01-07T13:44:00,ServiceNow,System,system,10713.05,EUR,DE,V8903,low,PO584301,price_mismatch,completed,False,
CASE-00447,INV-000447,AP review price mismatch,2026-01-10T11:46:39.545088,ServiceNow,AP Clerk,ap09,10713.05,EUR,DE,V8903,low,PO584301,price_mismatch,completed,False,
CASE-00447,INV-000447,Correction for price mismatch,2026-01-10T19:25:43.417656,SAP,Procurement Specialist,ap09,10713.05,EUR,DE,V8903,low,PO584301,price_mismatch,completed,False,
CASE-00447,INV-000447,Run three-way match,2026-01-10T19:49:43.417656,SAP,System,system,10713.05,EUR,DE,V8903,low,PO584301,price_mismatch,completed,False,
CASE-00447,INV-000447,Run duplicate invoice check,2026-01-10T20:01:43.417656,SAP,System,system,10713.05,EUR,DE,V8903,low,PO584301,,completed,False,
CASE-00447,INV-000447,Check vendor risk,2026-01-10T20:13:43.417656,Vendor Master Data,System,system,10713.05,EUR,DE,V8903,low,PO584301,,completed,False,
CASE-00447,INV-000447,Check approval threshold,2026-01-10T20:19:43.417656,SAP,System,system,10713.05,EUR,DE,V8903,low,PO584301,,completed,False,
CASE-00447,INV-000447,Finance manager approval,2026-01-12T04:44:52.373908,SAP,Finance Manager,ap09,10713.05,EUR,DE,V8903,low,PO584301,,completed,False,
CASE-00447,INV-000447,Schedule payment,2026-01-12T15:18:08.542164,Payment System,System,system,10713.05,EUR,DE,V8903,low,PO584301,,completed,False,
CASE-00447,INV-000447,Send remittance notice,2026-01-12T15:24:08.542164,Payment System,System,system,10713.05,EUR,DE,V8903,low,PO584301,,completed,False,
CASE-00447,INV-000447,Invoice paid,2026-01-12T15:30:08.542164,Payment System,System,system,10713.05,EUR,DE,V8903,low,PO584301,,paid,False,
CASE-00448,INV-000448,Invoice received,2026-01-07T12:15:00,Coupa,System,system,2802.3,EUR,FR,V4182,medium,PO755535,,completed,False,
CASE-00448,INV-000448,Validate invoice data,2026-01-07T12:39:00,Coupa,AP Clerk,ap13,2802.3,EUR,FR,V4182,medium,PO755535,,completed,False,
CASE-00448,INV-000448,Check PO exists,2026-01-07T12:57:00,SAP,System,system,2802.3,EUR,FR,V4182,medium,PO755535,,completed,False,
CASE-00448,INV-000448,Run three-way match,2026-01-07T13:27:00,SAP,System,system,2802.3,EUR,FR,V4182,medium,PO755535,,completed,False,
CASE-00448,INV-000448,Run duplicate invoice check,2026-01-07T13:39:00,SAP,System,system,2802.3,EUR,FR,V4182,medium,PO755535,,completed,False,
CASE-00448,INV-000448,Check vendor risk,2026-01-07T13:51:00,Vendor Master Data,System,system,2802.3,EUR,FR,V4182,medium,PO755535,,completed,False,
CASE-00448,INV-000448,Check approval threshold,2026-01-07T13:57:00,SAP,System,system,2802.3,EUR,FR,V4182,medium,PO755535,,completed,False,
CASE-00448,INV-000448,Auto approve for payment scheduling,2026-01-07T14:03:00,SAP,System,system,2802.3,EUR,FR,V4182,medium,PO755535,,completed,False,
CASE-00448,INV-000448,Schedule payment,2026-01-07T22:14:41.555692,Payment System,System,system,2802.3,EUR,FR,V4182,medium,PO755535,,completed,False,
CASE-00448,INV-000448,Send remittance notice,2026-01-07T22:20:41.555692,Payment System,System,system,2802.3,EUR,FR,V4182,medium,PO755535,,completed,False,
CASE-00448,INV-000448,Invoice paid,2026-01-07T22:26:41.555692,Payment System,System,system,2802.3,EUR,FR,V4182,medium,PO755535,,paid,False,
CASE-00449,INV-000449,Invoice received,2026-01-07T12:22:00,Coupa,System,system,14498.61,EUR,NL,V7255,low,PO566834,,completed,False,
CASE-00449,INV-000449,Validate invoice data,2026-01-07T12:46:00,Coupa,AP Clerk,ap19,14498.61,EUR,NL,V7255,low,PO566834,,completed,False,
CASE-00449,INV-000449,Manual Email Review,2026-01-08T10:09:54.529039,Email and Excel,AP Clerk,ap19,14498.61,EUR,NL,V7255,low,PO566834,,completed,True,Manual Email Review
CASE-00449,INV-000449,Check PO exists,2026-01-08T10:27:54.529039,SAP,System,system,14498.61,EUR,NL,V7255,low,PO566834,,completed,False,
CASE-00449,INV-000449,Run three-way match,2026-01-08T10:57:54.529039,SAP,System,system,14498.61,EUR,NL,V7255,low,PO566834,,completed,False,
CASE-00449,INV-000449,Classify exception,2026-01-08T11:09:54.529039,ServiceNow,AP Clerk,ap19,14498.61,EUR,NL,V7255,low,PO566834,price_mismatch,completed,False,
CASE-00449,INV-000449,Create price mismatch ticket,2026-01-08T11:21:54.529039,ServiceNow,System,system,14498.61,EUR,NL,V7255,low,PO566834,price_mismatch,completed,False,
CASE-00449,INV-000449,AP review price mismatch,2026-01-13T17:09:00.958426,ServiceNow,AP Clerk,ap19,14498.61,EUR,NL,V7255,low,PO566834,price_mismatch,completed,False,
CASE-00449,INV-000449,Correction for price mismatch,2026-01-14T11:53:07.547497,SAP,Procurement Specialist,ap19,14498.61,EUR,NL,V7255,low,PO566834,price_mismatch,completed,False,
CASE-00449,INV-000449,Run three-way match,2026-01-14T12:17:07.547497,SAP,System,system,14498.61,EUR,NL,V7255,low,PO566834,price_mismatch,completed,False,
CASE-00449,INV-000449,Run duplicate invoice check,2026-01-14T12:29:07.547497,SAP,System,system,14498.61,EUR,NL,V7255,low,PO566834,,completed,False,
CASE-00449,INV-000449,Check vendor risk,2026-01-14T12:41:07.547497,Vendor Master Data,System,system,14498.61,EUR,NL,V7255,low,PO566834,,completed,False,
CASE-00449,INV-000449,Check approval threshold,2026-01-14T12:47:07.547497,SAP,System,system,14498.61,EUR,NL,V7255,low,PO566834,,completed,False,
CASE-00449,INV-000449,Finance manager approval,2026-01-16T06:42:10.738463,SAP,Finance Manager,ap19,14498.61,EUR,NL,V7255,low,PO566834,,completed,False,
CASE-00449,INV-000449,Schedule payment,2026-01-16T15:21:32.866450,Payment System,System,system,14498.61,EUR,NL,V7255,low,PO566834,,completed,False,
CASE-00449,INV-000449,Send remittance notice,2026-01-16T15:27:32.866450,Payment System,System,system,14498.61,EUR,NL,V7255,low,PO566834,,completed,False,
CASE-00449,INV-000449,Invoice paid,2026-01-16T15:33:32.866450,Payment System,System,system,14498.61,EUR,NL,V7255,low,PO566834,,paid,False,
CASE-00450,INV-000450,Invoice received,2026-01-07T12:29:00,Coupa,System,system,24726.36,EUR,FR,V2216,medium,PO898970,,completed,False,
CASE-00450,INV-000450,Validate invoice data,2026-01-07T12:53:00,Coupa,AP Clerk,ap20,24726.36,EUR,FR,V2216,medium,PO898970,,completed,False,
CASE-00450,INV-000450,Check PO exists,2026-01-07T13:11:00,SAP,System,system,24726.36,EUR,FR,V2216,medium,PO898970,,completed,False,
CASE-00450,INV-000450,Run three-way match,2026-01-07T13:41:00,SAP,System,system,24726.36,EUR,FR,V2216,medium,PO898970,,completed,False,
CASE-00450,INV-000450,Run duplicate invoice check,2026-01-07T13:53:00,SAP,System,system,24726.36,EUR,FR,V2216,medium,PO898970,,completed,False,
CASE-00450,INV-000450,Check vendor risk,2026-01-07T14:05:00,Vendor Master Data,System,system,24726.36,EUR,FR,V2216,medium,PO898970,,completed,False,
CASE-00450,INV-000450,Check approval threshold,2026-01-07T14:11:00,SAP,System,system,24726.36,EUR,FR,V2216,medium,PO898970,,completed,False,
CASE-00450,INV-000450,Finance manager approval,2026-01-08T06:19:14.503899,SAP,Finance Manager,ap20,24726.36,EUR,FR,V2216,medium,PO898970,,completed,False,
CASE-00450,INV-000450,Schedule payment,2026-01-08T17:03:54.658676,Payment System,System,system,24726.36,EUR,FR,V2216,medium,PO898970,,completed,False,
CASE-00450,INV-000450,Send remittance notice,2026-01-08T17:09:54.658676,Payment System,System,system,24726.36,EUR,FR,V2216,medium,PO898970,,completed,False,
CASE-00450,INV-000450,Invoice paid,2026-01-08T17:15:54.658676,Payment System,System,system,24726.36,EUR,FR,V2216,medium,PO898970,,paid,False,
CASE-00451,INV-000451,Invoice received,2026-01-07T12:36:00,Coupa,System,system,2573.4,EUR,NL,V5773,low,PO489942,,completed,False,
CASE-00451,INV-000451,Validate invoice data,2026-01-07T13:00:00,Coupa,AP Clerk,ap05,2573.4,EUR,NL,V5773,low,PO489942,,completed,False,
CASE-00451,INV-000451,Check PO exists,2026-01-07T13:18:00,SAP,System,system,2573.4,EUR,NL,V5773,low,PO489942,,completed,False,
CASE-00451,INV-000451,Create missing PO exception,2026-01-07T13:30:00,ServiceNow,System,system,2573.4,EUR,NL,V5773,low,PO489942,missing_po,completed,False,
CASE-00451,INV-000451,AP review missing PO,2026-01-10T18:09:24.174714,ServiceNow,AP Clerk,ap05,2573.4,EUR,NL,V5773,low,PO489942,missing_po,completed,False,
CASE-00451,INV-000451,Procurement correction,2026-01-12T01:15:53.988413,SAP,Procurement Specialist,ap05,2573.4,EUR,NL,V5773,low,PO489942,missing_po,completed,False,
CASE-00451,INV-000451,Check PO exists,2026-01-12T01:27:53.988413,SAP,System,system,2573.4,EUR,NL,V5773,low,PO489942,missing_po,completed,False,
CASE-00451,INV-000451,Run three-way match,2026-01-12T01:57:53.988413,SAP,System,system,2573.4,EUR,NL,V5773,low,PO489942,,completed,False,
CASE-00451,INV-000451,Run duplicate invoice check,2026-01-12T02:09:53.988413,SAP,System,system,2573.4,EUR,NL,V5773,low,PO489942,,completed,False,
CASE-00451,INV-000451,Check vendor risk,2026-01-12T02:21:53.988413,Vendor Master Data,System,system,2573.4,EUR,NL,V5773,low,PO489942,,completed,False,
CASE-00451,INV-000451,Check approval threshold,2026-01-12T02:27:53.988413,SAP,System,system,2573.4,EUR,NL,V5773,low,PO489942,,completed,False,
CASE-00451,INV-000451,Auto approve for payment scheduling,2026-01-12T02:33:53.988413,SAP,System,system,2573.4,EUR,NL,V5773,low,PO489942,,completed,False,
CASE-00451,INV-000451,Schedule payment,2026-01-12T11:52:39.749442,Payment System,System,system,2573.4,EUR,NL,V5773,low,PO489942,,completed,False,
CASE-00451,INV-000451,Send remittance notice,2026-01-12T11:58:39.749442,Payment System,System,system,2573.4,EUR,NL,V5773,low,PO489942,,completed,False,
CASE-00451,INV-000451,Invoice paid,2026-01-12T12:04:39.749442,Payment System,System,system,2573.4,EUR,NL,V5773,low,PO489942,,paid,False,
CASE-00452,INV-000452,Invoice received,2026-01-07T12:43:00,Coupa,System,system,11516.85,EUR,FR,V2171,low,PO861768,,completed,False,
CASE-00452,INV-000452,Validate invoice data,2026-01-07T13:07:00,Coupa,AP Clerk,ap09,11516.85,EUR,FR,V2171,low,PO861768,,completed,False,
CASE-00452,INV-000452,Check PO exists,2026-01-07T13:25:00,SAP,System,system,11516.85,EUR,FR,V2171,low,PO861768,,completed,False,
CASE-00452,INV-000452,Run three-way match,2026-01-07T13:55:00,SAP,System,system,11516.85,EUR,FR,V2171,low,PO861768,,completed,False,
CASE-00452,INV-000452,Classify exception,2026-01-07T14:07:00,ServiceNow,AP Clerk,ap09,11516.85,EUR,FR,V2171,low,PO861768,price_mismatch,completed,False,
CASE-00452,INV-000452,Create price mismatch ticket,2026-01-07T14:19:00,ServiceNow,System,system,11516.85,EUR,FR,V2171,low,PO861768,price_mismatch,completed,False,
CASE-00452,INV-000452,AP review price mismatch,2026-01-09T04:52:35.997242,ServiceNow,AP Clerk,ap09,11516.85,EUR,FR,V2171,low,PO861768,price_mismatch,completed,False,
CASE-00452,INV-000452,Excel Price Correction,2026-01-09T22:22:06.339887,Email and Excel,AP Clerk,ap09,11516.85,EUR,FR,V2171,low,PO861768,price_mismatch,completed,True,Excel Price Correction
CASE-00452,INV-000452,Correction for price mismatch,2026-01-10T21:11:27.123181,SAP,Procurement Specialist,ap09,11516.85,EUR,FR,V2171,low,PO861768,price_mismatch,completed,False,
CASE-00452,INV-000452,Run three-way match,2026-01-10T21:35:27.123181,SAP,System,system,11516.85,EUR,FR,V2171,low,PO861768,price_mismatch,completed,False,
CASE-00452,INV-000452,Run duplicate invoice check,2026-01-10T21:47:27.123181,SAP,System,system,11516.85,EUR,FR,V2171,low,PO861768,,completed,False,
CASE-00452,INV-000452,Check vendor risk,2026-01-10T21:59:27.123181,Vendor Master Data,System,system,11516.85,EUR,FR,V2171,low,PO861768,,completed,False,
CASE-00452,INV-000452,Check approval threshold,2026-01-10T22:05:27.123181,SAP,System,system,11516.85,EUR,FR,V2171,low,PO861768,,completed,False,
CASE-00452,INV-000452,Finance manager approval,2026-01-12T18:59:14.482381,SAP,Finance Manager,ap09,11516.85,EUR,FR,V2171,low,PO861768,,completed,False,
CASE-00452,INV-000452,Schedule payment,2026-01-13T02:39:06.964658,Payment System,System,system,11516.85,EUR,FR,V2171,low,PO861768,,completed,False,
CASE-00452,INV-000452,Send remittance notice,2026-01-13T02:45:06.964658,Payment System,System,system,11516.85,EUR,FR,V2171,low,PO861768,,completed,False,
CASE-00452,INV-000452,Invoice paid,2026-01-13T02:51:06.964658,Payment System,System,system,11516.85,EUR,FR,V2171,low,PO861768,,paid,False,
CASE-00453,INV-000453,Invoice received,2026-01-07T12:50:00,Coupa,System,system,21805.34,EUR,IT,V9334,low,PO614476,,completed,False,
CASE-00453,INV-000453,Validate invoice data,2026-01-07T13:14:00,Coupa,AP Clerk,ap25,21805.34,EUR,IT,V9334,low,PO614476,,completed,False,
CASE-00453,INV-000453,Check PO exists,2026-01-07T13:32:00,SAP,System,system,21805.34,EUR,IT,V9334,low,PO614476,,completed,False,
CASE-00453,INV-000453,Run three-way match,2026-01-07T14:02:00,SAP,System,system,21805.34,EUR,IT,V9334,low,PO614476,,completed,False,
CASE-00453,INV-000453,Run duplicate invoice check,2026-01-07T14:14:00,SAP,System,system,21805.34,EUR,IT,V9334,low,PO614476,,completed,False,
CASE-00453,INV-000453,Check vendor risk,2026-01-07T14:26:00,Vendor Master Data,System,system,21805.34,EUR,IT,V9334,low,PO614476,,completed,False,
CASE-00453,INV-000453,Check approval threshold,2026-01-07T14:32:00,SAP,System,system,21805.34,EUR,IT,V9334,low,PO614476,,completed,False,
CASE-00453,INV-000453,Finance manager approval,2026-01-09T13:53:08.562529,SAP,Finance Manager,ap25,21805.34,EUR,IT,V9334,low,PO614476,,completed,False,
CASE-00453,INV-000453,Schedule payment,2026-01-09T23:48:40.137883,Payment System,System,system,21805.34,EUR,IT,V9334,low,PO614476,,completed,False,
CASE-00453,INV-000453,Send remittance notice,2026-01-09T23:54:40.137883,Payment System,System,system,21805.34,EUR,IT,V9334,low,PO614476,,completed,False,
CASE-00453,INV-000453,Invoice paid,2026-01-10T00:00:40.137883,Payment System,System,system,21805.34,EUR,IT,V9334,low,PO614476,,paid,False,
CASE-00454,INV-000454,Invoice received,2026-01-07T12:57:00,Coupa,System,system,6283.01,EUR,NL,V3708,medium,PO389541,,completed,False,
CASE-00454,INV-000454,Validate invoice data,2026-01-07T13:21:00,Coupa,AP Clerk,ap14,6283.01,EUR,NL,V3708,medium,PO389541,,completed,False,
CASE-00454,INV-000454,Check PO exists,2026-01-07T13:39:00,SAP,System,system,6283.01,EUR,NL,V3708,medium,PO389541,,completed,False,
CASE-00454,INV-000454,Run three-way match,2026-01-07T14:09:00,SAP,System,system,6283.01,EUR,NL,V3708,medium,PO389541,,completed,False,
CASE-00454,INV-000454,Run duplicate invoice check,2026-01-07T14:21:00,SAP,System,system,6283.01,EUR,NL,V3708,medium,PO389541,,completed,False,
CASE-00454,INV-000454,Check vendor risk,2026-01-07T14:33:00,Vendor Master Data,System,system,6283.01,EUR,NL,V3708,medium,PO389541,,completed,False,
CASE-00454,INV-000454,Check approval threshold,2026-01-07T14:39:00,SAP,System,system,6283.01,EUR,NL,V3708,medium,PO389541,,completed,False,
CASE-00454,INV-000454,Auto approve for payment scheduling,2026-01-07T14:45:00,SAP,System,system,6283.01,EUR,NL,V3708,medium,PO389541,,completed,False,
CASE-00454,INV-000454,Schedule payment,2026-01-07T22:44:20.257177,Payment System,System,system,6283.01,EUR,NL,V3708,medium,PO389541,,completed,False,
CASE-00454,INV-000454,Send remittance notice,2026-01-07T22:50:20.257177,Payment System,System,system,6283.01,EUR,NL,V3708,medium,PO389541,,completed,False,
CASE-00454,INV-000454,Invoice paid,2026-01-07T22:56:20.257177,Payment System,System,system,6283.01,EUR,NL,V3708,medium,PO389541,,paid,False,
CASE-00455,INV-000455,Invoice received,2026-01-07T13:04:00,Coupa,System,system,17010.52,EUR,ES,V2439,low,PO628290,,completed,False,
CASE-00455,INV-000455,Validate invoice data,2026-01-07T13:28:00,Coupa,AP Clerk,ap17,17010.52,EUR,ES,V2439,low,PO628290,,completed,False,
CASE-00455,INV-000455,Check PO exists,2026-01-07T13:46:00,SAP,System,system,17010.52,EUR,ES,V2439,low,PO628290,,completed,False,
CASE-00455,INV-000455,Run three-way match,2026-01-07T14:16:00,SAP,System,system,17010.52,EUR,ES,V2439,low,PO628290,,completed,False,
CASE-00455,INV-000455,Run duplicate invoice check,2026-01-07T14:28:00,SAP,System,system,17010.52,EUR,ES,V2439,low,PO628290,,completed,False,
CASE-00455,INV-000455,Block invoice,2026-01-07T14:34:00,SAP,System,system,17010.52,EUR,ES,V2439,low,PO628290,duplicate,completed,False,
CASE-00455,INV-000455,Finance controller review,2026-01-09T05:47:59.029258,SAP,Finance Controller,ap17,17010.52,EUR,ES,V2439,low,PO628290,duplicate,completed,False,
CASE-00455,INV-000455,Invoice rejected,2026-01-09T05:53:59.029258,SAP,System,system,17010.52,EUR,ES,V2439,low,PO628290,duplicate,rejected,False,
CASE-00456,INV-000456,Invoice received,2026-01-07T13:11:00,Coupa,System,system,10962.01,EUR,DE,V7745,low,PO868086,,completed,False,
CASE-00456,INV-000456,Validate invoice data,2026-01-07T13:35:00,Coupa,AP Clerk,ap19,10962.01,EUR,DE,V7745,low,PO868086,,completed,False,
CASE-00456,INV-000456,Manual Email Review,2026-01-07T23:22:02.775643,Email and Excel,AP Clerk,ap19,10962.01,EUR,DE,V7745,low,PO868086,,completed,True,Manual Email Review
CASE-00456,INV-000456,Check PO exists,2026-01-07T23:40:02.775643,SAP,System,system,10962.01,EUR,DE,V7745,low,PO868086,,completed,False,
CASE-00456,INV-000456,Run three-way match,2026-01-08T00:10:02.775643,SAP,System,system,10962.01,EUR,DE,V7745,low,PO868086,,completed,False,
CASE-00456,INV-000456,Run duplicate invoice check,2026-01-08T00:22:02.775643,SAP,System,system,10962.01,EUR,DE,V7745,low,PO868086,,completed,False,
CASE-00456,INV-000456,Check vendor risk,2026-01-08T00:34:02.775643,Vendor Master Data,System,system,10962.01,EUR,DE,V7745,low,PO868086,,completed,False,
CASE-00456,INV-000456,Check approval threshold,2026-01-08T00:40:02.775643,SAP,System,system,10962.01,EUR,DE,V7745,low,PO868086,,completed,False,
CASE-00456,INV-000456,Finance manager approval,2026-01-08T15:10:32.123415,SAP,Finance Manager,ap19,10962.01,EUR,DE,V7745,low,PO868086,,completed,False,
CASE-00456,INV-000456,Schedule payment,2026-01-08T22:11:35.912800,Payment System,System,system,10962.01,EUR,DE,V7745,low,PO868086,,completed,False,
CASE-00456,INV-000456,Send remittance notice,2026-01-08T22:17:35.912800,Payment System,System,system,10962.01,EUR,DE,V7745,low,PO868086,,completed,False,
CASE-00456,INV-000456,Invoice paid,2026-01-08T22:23:35.912800,Payment System,System,system,10962.01,EUR,DE,V7745,low,PO868086,,paid,False,
CASE-00457,INV-000457,Invoice received,2026-01-07T13:18:00,Coupa,System,system,22186.27,EUR,ES,V1307,low,PO204590,,completed,False,
CASE-00457,INV-000457,Validate invoice data,2026-01-07T13:42:00,Coupa,AP Clerk,ap14,22186.27,EUR,ES,V1307,low,PO204590,,completed,False,
CASE-00457,INV-000457,Check PO exists,2026-01-07T14:00:00,SAP,System,system,22186.27,EUR,ES,V1307,low,PO204590,,completed,False,
CASE-00457,INV-000457,Run three-way match,2026-01-07T14:30:00,SAP,System,system,22186.27,EUR,ES,V1307,low,PO204590,,completed,False,
CASE-00457,INV-000457,Run duplicate invoice check,2026-01-07T14:42:00,SAP,System,system,22186.27,EUR,ES,V1307,low,PO204590,,completed,False,
CASE-00457,INV-000457,Check vendor risk,2026-01-07T14:54:00,Vendor Master Data,System,system,22186.27,EUR,ES,V1307,low,PO204590,,completed,False,
CASE-00457,INV-000457,Check approval threshold,2026-01-07T15:00:00,SAP,System,system,22186.27,EUR,ES,V1307,low,PO204590,,completed,False,
CASE-00457,INV-000457,Finance manager approval,2026-01-09T10:56:23.833141,SAP,Finance Manager,ap14,22186.27,EUR,ES,V1307,low,PO204590,,completed,False,
CASE-00457,INV-000457,Schedule payment,2026-01-09T17:43:53.493626,Payment System,System,system,22186.27,EUR,ES,V1307,low,PO204590,,completed,False,
CASE-00457,INV-000457,Send remittance notice,2026-01-09T17:49:53.493626,Payment System,System,system,22186.27,EUR,ES,V1307,low,PO204590,,completed,False,
CASE-00457,INV-000457,Invoice paid,2026-01-09T17:55:53.493626,Payment System,System,system,22186.27,EUR,ES,V1307,low,PO204590,,paid,False,
CASE-00458,INV-000458,Invoice received,2026-01-07T13:25:00,Coupa,System,system,24716.67,EUR,DE,V8391,low,PO549214,,completed,False,
CASE-00458,INV-000458,Validate invoice data,2026-01-07T13:49:00,Coupa,AP Clerk,ap03,24716.67,EUR,DE,V8391,low,PO549214,,completed,False,
CASE-00458,INV-000458,Check PO exists,2026-01-07T14:07:00,SAP,System,system,24716.67,EUR,DE,V8391,low,PO549214,,completed,False,
CASE-00458,INV-000458,Run three-way match,2026-01-07T14:37:00,SAP,System,system,24716.67,EUR,DE,V8391,low,PO549214,,completed,False,
CASE-00458,INV-000458,Run duplicate invoice check,2026-01-07T14:49:00,SAP,System,system,24716.67,EUR,DE,V8391,low,PO549214,,completed,False,
CASE-00458,INV-000458,Check vendor risk,2026-01-07T15:01:00,Vendor Master Data,System,system,24716.67,EUR,DE,V8391,low,PO549214,,completed,False,
CASE-00458,INV-000458,Check approval threshold,2026-01-07T15:07:00,SAP,System,system,24716.67,EUR,DE,V8391,low,PO549214,,completed,False,
CASE-00458,INV-000458,Finance manager approval,2026-01-08T14:16:54.551818,SAP,Finance Manager,ap03,24716.67,EUR,DE,V8391,low,PO549214,,completed,False,
CASE-00458,INV-000458,Schedule payment,2026-01-08T22:38:01.933113,Payment System,System,system,24716.67,EUR,DE,V8391,low,PO549214,,completed,False,
CASE-00458,INV-000458,Send remittance notice,2026-01-08T22:44:01.933113,Payment System,System,system,24716.67,EUR,DE,V8391,low,PO549214,,completed,False,
CASE-00458,INV-000458,Invoice paid,2026-01-08T22:50:01.933113,Payment System,System,system,24716.67,EUR,DE,V8391,low,PO549214,,paid,False,
CASE-00459,INV-000459,Invoice received,2026-01-07T13:32:00,Coupa,System,system,17642.52,EUR,IT,V1405,low,PO306231,,completed,False,
CASE-00459,INV-000459,Validate invoice data,2026-01-07T13:56:00,Coupa,AP Clerk,ap15,17642.52,EUR,IT,V1405,low,PO306231,,completed,False,
CASE-00459,INV-000459,Manual Email Review,2026-01-08T23:18:22.893131,Email and Excel,AP Clerk,ap15,17642.52,EUR,IT,V1405,low,PO306231,,completed,True,Manual Email Review
CASE-00459,INV-000459,Check PO exists,2026-01-08T23:36:22.893131,SAP,System,system,17642.52,EUR,IT,V1405,low,PO306231,,completed,False,
CASE-00459,INV-000459,Run three-way match,2026-01-09T00:06:22.893131,SAP,System,system,17642.52,EUR,IT,V1405,low,PO306231,,completed,False,
CASE-00459,INV-000459,Classify exception,2026-01-09T00:18:22.893131,ServiceNow,AP Clerk,ap15,17642.52,EUR,IT,V1405,low,PO306231,price_mismatch,completed,False,
CASE-00459,INV-000459,Create price mismatch ticket,2026-01-09T00:30:22.893131,ServiceNow,System,system,17642.52,EUR,IT,V1405,low,PO306231,price_mismatch,completed,False,
CASE-00459,INV-000459,AP review price mismatch,2026-01-15T02:40:48.942256,ServiceNow,AP Clerk,ap15,17642.52,EUR,IT,V1405,low,PO306231,price_mismatch,completed,False,
CASE-00459,INV-000459,Correction for price mismatch,2026-01-15T10:00:45.290439,SAP,Procurement Specialist,ap15,17642.52,EUR,IT,V1405,low,PO306231,price_mismatch,completed,False,
CASE-00459,INV-000459,Run three-way match,2026-01-15T10:24:45.290439,SAP,System,system,17642.52,EUR,IT,V1405,low,PO306231,price_mismatch,completed,False,
CASE-00459,INV-000459,Run duplicate invoice check,2026-01-15T10:36:45.290439,SAP,System,system,17642.52,EUR,IT,V1405,low,PO306231,,completed,False,
CASE-00459,INV-000459,Check vendor risk,2026-01-15T10:48:45.290439,Vendor Master Data,System,system,17642.52,EUR,IT,V1405,low,PO306231,,completed,False,
CASE-00459,INV-000459,Check approval threshold,2026-01-15T10:54:45.290439,SAP,System,system,17642.52,EUR,IT,V1405,low,PO306231,,completed,False,
CASE-00459,INV-000459,Finance manager approval,2026-01-15T16:14:50.358017,SAP,Finance Manager,ap15,17642.52,EUR,IT,V1405,low,PO306231,,completed,False,
CASE-00459,INV-000459,Schedule payment,2026-01-16T03:06:50.714509,Payment System,System,system,17642.52,EUR,IT,V1405,low,PO306231,,completed,False,
CASE-00459,INV-000459,Send remittance notice,2026-01-16T03:12:50.714509,Payment System,System,system,17642.52,EUR,IT,V1405,low,PO306231,,completed,False,
CASE-00459,INV-000459,Invoice paid,2026-01-16T03:18:50.714509,Payment System,System,system,17642.52,EUR,IT,V1405,low,PO306231,,paid,False,
CASE-00460,INV-000460,Invoice received,2026-01-07T13:39:00,Coupa,System,system,12970.61,EUR,DE,V6620,medium,PO524833,,completed,False,
CASE-00460,INV-000460,Validate invoice data,2026-01-07T14:03:00,Coupa,AP Clerk,ap21,12970.61,EUR,DE,V6620,medium,PO524833,,completed,False,
CASE-00460,INV-000460,Check PO exists,2026-01-07T14:21:00,SAP,System,system,12970.61,EUR,DE,V6620,medium,PO524833,,completed,False,
CASE-00460,INV-000460,Run three-way match,2026-01-07T14:51:00,SAP,System,system,12970.61,EUR,DE,V6620,medium,PO524833,,completed,False,
CASE-00460,INV-000460,Classify exception,2026-01-07T15:03:00,ServiceNow,AP Clerk,ap21,12970.61,EUR,DE,V6620,medium,PO524833,price_mismatch,completed,False,
CASE-00460,INV-000460,Create price mismatch ticket,2026-01-07T15:15:00,ServiceNow,System,system,12970.61,EUR,DE,V6620,medium,PO524833,price_mismatch,completed,False,
CASE-00460,INV-000460,AP review price mismatch,2026-01-08T19:59:26.275998,ServiceNow,AP Clerk,ap21,12970.61,EUR,DE,V6620,medium,PO524833,price_mismatch,completed,False,
CASE-00460,INV-000460,Correction for price mismatch,2026-01-09T02:49:46.195917,SAP,Procurement Specialist,ap21,12970.61,EUR,DE,V6620,medium,PO524833,price_mismatch,completed,False,
CASE-00460,INV-000460,Run three-way match,2026-01-09T03:13:46.195917,SAP,System,system,12970.61,EUR,DE,V6620,medium,PO524833,price_mismatch,completed,False,
CASE-00460,INV-000460,Run duplicate invoice check,2026-01-09T03:25:46.195917,SAP,System,system,12970.61,EUR,DE,V6620,medium,PO524833,,completed,False,
CASE-00460,INV-000460,Check vendor risk,2026-01-09T03:37:46.195917,Vendor Master Data,System,system,12970.61,EUR,DE,V6620,medium,PO524833,,completed,False,
CASE-00460,INV-000460,Check approval threshold,2026-01-09T03:43:46.195917,SAP,System,system,12970.61,EUR,DE,V6620,medium,PO524833,,completed,False,
CASE-00460,INV-000460,Finance manager approval,2026-01-11T01:18:16.990259,SAP,Finance Manager,ap21,12970.61,EUR,DE,V6620,medium,PO524833,,completed,False,
CASE-00460,INV-000460,Schedule payment,2026-01-11T06:59:49.299170,Payment System,System,system,12970.61,EUR,DE,V6620,medium,PO524833,,completed,False,
CASE-00460,INV-000460,Send remittance notice,2026-01-11T07:05:49.299170,Payment System,System,system,12970.61,EUR,DE,V6620,medium,PO524833,,completed,False,
CASE-00460,INV-000460,Invoice paid,2026-01-11T07:11:49.299170,Payment System,System,system,12970.61,EUR,DE,V6620,medium,PO524833,,paid,False,
CASE-00461,INV-000461,Invoice received,2026-01-07T13:46:00,Coupa,System,system,8465.4,EUR,NL,V1003,low,PO906939,,completed,False,
CASE-00461,INV-000461,Validate invoice data,2026-01-07T14:10:00,Coupa,AP Clerk,ap17,8465.4,EUR,NL,V1003,low,PO906939,,completed,False,
CASE-00461,INV-000461,Check PO exists,2026-01-07T14:28:00,SAP,System,system,8465.4,EUR,NL,V1003,low,PO906939,,completed,False,
CASE-00461,INV-000461,Run three-way match,2026-01-07T14:58:00,SAP,System,system,8465.4,EUR,NL,V1003,low,PO906939,,completed,False,
CASE-00461,INV-000461,Run duplicate invoice check,2026-01-07T15:10:00,SAP,System,system,8465.4,EUR,NL,V1003,low,PO906939,,completed,False,
CASE-00461,INV-000461,Check vendor risk,2026-01-07T15:22:00,Vendor Master Data,System,system,8465.4,EUR,NL,V1003,low,PO906939,,completed,False,
CASE-00461,INV-000461,Check approval threshold,2026-01-07T15:28:00,SAP,System,system,8465.4,EUR,NL,V1003,low,PO906939,,completed,False,
CASE-00461,INV-000461,Auto approve for payment scheduling,2026-01-07T15:34:00,SAP,System,system,8465.4,EUR,NL,V1003,low,PO906939,,completed,False,
CASE-00461,INV-000461,Schedule payment,2026-01-08T03:33:05.825742,Payment System,System,system,8465.4,EUR,NL,V1003,low,PO906939,,completed,False,
CASE-00461,INV-000461,Send remittance notice,2026-01-08T03:39:05.825742,Payment System,System,system,8465.4,EUR,NL,V1003,low,PO906939,,completed,False,
CASE-00461,INV-000461,Invoice paid,2026-01-08T03:45:05.825742,Payment System,System,system,8465.4,EUR,NL,V1003,low,PO906939,,paid,False,
CASE-00462,INV-000462,Invoice received,2026-01-07T13:53:00,Coupa,System,system,11147.57,EUR,ES,V8812,medium,PO624300,,completed,False,
CASE-00462,INV-000462,Validate invoice data,2026-01-07T14:17:00,Coupa,AP Clerk,ap22,11147.57,EUR,ES,V8812,medium,PO624300,,completed,False,
CASE-00462,INV-000462,Check PO exists,2026-01-07T14:35:00,SAP,System,system,11147.57,EUR,ES,V8812,medium,PO624300,,completed,False,
CASE-00462,INV-000462,Run three-way match,2026-01-07T15:05:00,SAP,System,system,11147.57,EUR,ES,V8812,medium,PO624300,,completed,False,
CASE-00462,INV-000462,Run duplicate invoice check,2026-01-07T15:17:00,SAP,System,system,11147.57,EUR,ES,V8812,medium,PO624300,,completed,False,
CASE-00462,INV-000462,Check vendor risk,2026-01-07T15:29:00,Vendor Master Data,System,system,11147.57,EUR,ES,V8812,medium,PO624300,,completed,False,
CASE-00462,INV-000462,Check approval threshold,2026-01-07T15:35:00,SAP,System,system,11147.57,EUR,ES,V8812,medium,PO624300,,completed,False,
CASE-00462,INV-000462,Finance manager approval,2026-01-09T13:52:33.622282,SAP,Finance Manager,ap22,11147.57,EUR,ES,V8812,medium,PO624300,,completed,False,
CASE-00462,INV-000462,Schedule payment,2026-01-09T23:44:52.460368,Payment System,System,system,11147.57,EUR,ES,V8812,medium,PO624300,,completed,False,
CASE-00462,INV-000462,Send remittance notice,2026-01-09T23:50:52.460368,Payment System,System,system,11147.57,EUR,ES,V8812,medium,PO624300,,completed,False,
CASE-00462,INV-000462,Invoice paid,2026-01-09T23:56:52.460368,Payment System,System,system,11147.57,EUR,ES,V8812,medium,PO624300,,paid,False,
CASE-00463,INV-000463,Invoice received,2026-01-07T14:00:00,Coupa,System,system,15603.81,EUR,DE,V7337,medium,PO582850,,completed,False,
CASE-00463,INV-000463,Validate invoice data,2026-01-07T14:24:00,Coupa,AP Clerk,ap25,15603.81,EUR,DE,V7337,medium,PO582850,,completed,False,
CASE-00463,INV-000463,Manual Email Review,2026-01-08T04:22:52.982230,Email and Excel,AP Clerk,ap25,15603.81,EUR,DE,V7337,medium,PO582850,,completed,True,Manual Email Review
CASE-00463,INV-000463,Check PO exists,2026-01-08T04:40:52.982230,SAP,System,system,15603.81,EUR,DE,V7337,medium,PO582850,,completed,False,
CASE-00463,INV-000463,Run three-way match,2026-01-08T05:10:52.982230,SAP,System,system,15603.81,EUR,DE,V7337,medium,PO582850,,completed,False,
CASE-00463,INV-000463,Classify exception,2026-01-08T05:22:52.982230,ServiceNow,AP Clerk,ap25,15603.81,EUR,DE,V7337,medium,PO582850,price_mismatch,completed,False,
CASE-00463,INV-000463,Create price mismatch ticket,2026-01-08T05:34:52.982230,ServiceNow,System,system,15603.81,EUR,DE,V7337,medium,PO582850,price_mismatch,completed,False,
CASE-00463,INV-000463,AP review price mismatch,2026-01-12T21:27:58.131354,ServiceNow,AP Clerk,ap25,15603.81,EUR,DE,V7337,medium,PO582850,price_mismatch,completed,False,
CASE-00463,INV-000463,Excel Price Correction,2026-01-13T10:11:54.991061,Email and Excel,AP Clerk,ap25,15603.81,EUR,DE,V7337,medium,PO582850,price_mismatch,completed,True,Excel Price Correction
CASE-00463,INV-000463,Correction for price mismatch,2026-01-14T04:17:28.977062,SAP,Procurement Specialist,ap25,15603.81,EUR,DE,V7337,medium,PO582850,price_mismatch,completed,False,
CASE-00463,INV-000463,Run three-way match,2026-01-14T04:41:28.977062,SAP,System,system,15603.81,EUR,DE,V7337,medium,PO582850,price_mismatch,completed,False,
CASE-00463,INV-000463,Run duplicate invoice check,2026-01-14T04:53:28.977062,SAP,System,system,15603.81,EUR,DE,V7337,medium,PO582850,,completed,False,
CASE-00463,INV-000463,Check vendor risk,2026-01-14T05:05:28.977062,Vendor Master Data,System,system,15603.81,EUR,DE,V7337,medium,PO582850,,completed,False,
CASE-00463,INV-000463,Check approval threshold,2026-01-14T05:11:28.977062,SAP,System,system,15603.81,EUR,DE,V7337,medium,PO582850,,completed,False,
CASE-00463,INV-000463,Finance manager approval,2026-01-14T14:38:52.886050,SAP,Finance Manager,ap25,15603.81,EUR,DE,V7337,medium,PO582850,,completed,False,
CASE-00463,INV-000463,Schedule payment,2026-01-14T20:51:37.464109,Payment System,System,system,15603.81,EUR,DE,V7337,medium,PO582850,,completed,False,
CASE-00463,INV-000463,Send remittance notice,2026-01-14T20:57:37.464109,Payment System,System,system,15603.81,EUR,DE,V7337,medium,PO582850,,completed,False,
CASE-00463,INV-000463,Invoice paid,2026-01-14T21:03:37.464109,Payment System,System,system,15603.81,EUR,DE,V7337,medium,PO582850,,paid,False,
CASE-00464,INV-000464,Invoice received,2026-01-07T14:07:00,Coupa,System,system,10303.08,EUR,FR,V1216,low,PO126678,,completed,False,
CASE-00464,INV-000464,Validate invoice data,2026-01-07T14:31:00,Coupa,AP Clerk,ap13,10303.08,EUR,FR,V1216,low,PO126678,,completed,False,
CASE-00464,INV-000464,Check PO exists,2026-01-07T14:49:00,SAP,System,system,10303.08,EUR,FR,V1216,low,PO126678,,completed,False,
CASE-00464,INV-000464,Run three-way match,2026-01-07T15:19:00,SAP,System,system,10303.08,EUR,FR,V1216,low,PO126678,,completed,False,
CASE-00464,INV-000464,Run duplicate invoice check,2026-01-07T15:31:00,SAP,System,system,10303.08,EUR,FR,V1216,low,PO126678,,completed,False,
CASE-00464,INV-000464,Check vendor risk,2026-01-07T15:43:00,Vendor Master Data,System,system,10303.08,EUR,FR,V1216,low,PO126678,,completed,False,
CASE-00464,INV-000464,Check approval threshold,2026-01-07T15:49:00,SAP,System,system,10303.08,EUR,FR,V1216,low,PO126678,,completed,False,
CASE-00464,INV-000464,Finance manager approval,2026-01-09T13:39:00.150102,SAP,Finance Manager,ap13,10303.08,EUR,FR,V1216,low,PO126678,,completed,False,
CASE-00464,INV-000464,Schedule payment,2026-01-09T21:34:46.381357,Payment System,System,system,10303.08,EUR,FR,V1216,low,PO126678,,completed,False,
CASE-00464,INV-000464,Send remittance notice,2026-01-09T21:40:46.381357,Payment System,System,system,10303.08,EUR,FR,V1216,low,PO126678,,completed,False,
CASE-00464,INV-000464,Invoice paid,2026-01-09T21:46:46.381357,Payment System,System,system,10303.08,EUR,FR,V1216,low,PO126678,,paid,False,
CASE-00465,INV-000465,Invoice received,2026-01-07T14:14:00,Coupa,System,system,693.91,EUR,FR,V8435,low,PO717211,,completed,False,
CASE-00465,INV-000465,Validate invoice data,2026-01-07T14:38:00,Coupa,AP Clerk,ap08,693.91,EUR,FR,V8435,low,PO717211,,completed,False,
CASE-00465,INV-000465,Manual Email Review,2026-01-08T15:24:58.096697,Email and Excel,AP Clerk,ap08,693.91,EUR,FR,V8435,low,PO717211,,completed,True,Manual Email Review
CASE-00465,INV-000465,Check PO exists,2026-01-08T15:42:58.096697,SAP,System,system,693.91,EUR,FR,V8435,low,PO717211,,completed,False,
CASE-00465,INV-000465,Run three-way match,2026-01-08T16:12:58.096697,SAP,System,system,693.91,EUR,FR,V8435,low,PO717211,,completed,False,
CASE-00465,INV-000465,Run duplicate invoice check,2026-01-08T16:24:58.096697,SAP,System,system,693.91,EUR,FR,V8435,low,PO717211,,completed,False,
CASE-00465,INV-000465,Check vendor risk,2026-01-08T16:36:58.096697,Vendor Master Data,System,system,693.91,EUR,FR,V8435,low,PO717211,,completed,False,
CASE-00465,INV-000465,Check approval threshold,2026-01-08T16:42:58.096697,SAP,System,system,693.91,EUR,FR,V8435,low,PO717211,,completed,False,
CASE-00465,INV-000465,Auto approve for payment scheduling,2026-01-08T16:48:58.096697,SAP,System,system,693.91,EUR,FR,V8435,low,PO717211,,completed,False,
CASE-00465,INV-000465,Schedule payment,2026-01-08T23:27:10.476070,Payment System,System,system,693.91,EUR,FR,V8435,low,PO717211,,completed,False,
CASE-00465,INV-000465,Send remittance notice,2026-01-08T23:33:10.476070,Payment System,System,system,693.91,EUR,FR,V8435,low,PO717211,,completed,False,
CASE-00465,INV-000465,Invoice paid,2026-01-08T23:39:10.476070,Payment System,System,system,693.91,EUR,FR,V8435,low,PO717211,,paid,False,
CASE-00466,INV-000466,Invoice received,2026-01-07T14:21:00,Coupa,System,system,20786.75,EUR,NL,V5707,low,PO986583,,completed,False,
CASE-00466,INV-000466,Validate invoice data,2026-01-07T14:45:00,Coupa,AP Clerk,ap13,20786.75,EUR,NL,V5707,low,PO986583,,completed,False,
CASE-00466,INV-000466,Check PO exists,2026-01-07T15:03:00,SAP,System,system,20786.75,EUR,NL,V5707,low,PO986583,,completed,False,
CASE-00466,INV-000466,Run three-way match,2026-01-07T15:33:00,SAP,System,system,20786.75,EUR,NL,V5707,low,PO986583,,completed,False,
CASE-00466,INV-000466,Run duplicate invoice check,2026-01-07T15:45:00,SAP,System,system,20786.75,EUR,NL,V5707,low,PO986583,,completed,False,
CASE-00466,INV-000466,Check vendor risk,2026-01-07T15:57:00,Vendor Master Data,System,system,20786.75,EUR,NL,V5707,low,PO986583,,completed,False,
CASE-00466,INV-000466,Check approval threshold,2026-01-07T16:03:00,SAP,System,system,20786.75,EUR,NL,V5707,low,PO986583,,completed,False,
CASE-00466,INV-000466,Finance manager approval,2026-01-09T12:24:58.205174,SAP,Finance Manager,ap13,20786.75,EUR,NL,V5707,low,PO986583,,completed,False,
CASE-00466,INV-000466,Schedule payment,2026-01-09T23:16:05.524929,Payment System,System,system,20786.75,EUR,NL,V5707,low,PO986583,,completed,False,
CASE-00466,INV-000466,Send remittance notice,2026-01-09T23:22:05.524929,Payment System,System,system,20786.75,EUR,NL,V5707,low,PO986583,,completed,False,
CASE-00466,INV-000466,Invoice paid,2026-01-09T23:28:05.524929,Payment System,System,system,20786.75,EUR,NL,V5707,low,PO986583,,paid,False,
CASE-00467,INV-000467,Invoice received,2026-01-07T14:28:00,Coupa,System,system,19582.24,EUR,IT,V9100,low,PO317101,,completed,False,
CASE-00467,INV-000467,Validate invoice data,2026-01-07T14:52:00,Coupa,AP Clerk,ap02,19582.24,EUR,IT,V9100,low,PO317101,,completed,False,
CASE-00467,INV-000467,Check PO exists,2026-01-07T15:10:00,SAP,System,system,19582.24,EUR,IT,V9100,low,PO317101,,completed,False,
CASE-00467,INV-000467,Run three-way match,2026-01-07T15:40:00,SAP,System,system,19582.24,EUR,IT,V9100,low,PO317101,,completed,False,
CASE-00467,INV-000467,Run duplicate invoice check,2026-01-07T15:52:00,SAP,System,system,19582.24,EUR,IT,V9100,low,PO317101,,completed,False,
CASE-00467,INV-000467,Check vendor risk,2026-01-07T16:04:00,Vendor Master Data,System,system,19582.24,EUR,IT,V9100,low,PO317101,,completed,False,
CASE-00467,INV-000467,Check approval threshold,2026-01-07T16:10:00,SAP,System,system,19582.24,EUR,IT,V9100,low,PO317101,,completed,False,
CASE-00467,INV-000467,Finance manager approval,2026-01-08T14:14:18.076144,SAP,Finance Manager,ap02,19582.24,EUR,IT,V9100,low,PO317101,,completed,False,
CASE-00467,INV-000467,Schedule payment,2026-01-09T01:38:40.341124,Payment System,System,system,19582.24,EUR,IT,V9100,low,PO317101,,completed,False,
CASE-00467,INV-000467,Send remittance notice,2026-01-09T01:44:40.341124,Payment System,System,system,19582.24,EUR,IT,V9100,low,PO317101,,completed,False,
CASE-00467,INV-000467,Invoice paid,2026-01-09T01:50:40.341124,Payment System,System,system,19582.24,EUR,IT,V9100,low,PO317101,,paid,False,
CASE-00468,INV-000468,Invoice received,2026-01-07T14:35:00,Coupa,System,system,14063.06,EUR,IT,V3100,medium,PO485095,,completed,False,
CASE-00468,INV-000468,Validate invoice data,2026-01-07T14:59:00,Coupa,AP Clerk,ap06,14063.06,EUR,IT,V3100,medium,PO485095,,completed,False,
CASE-00468,INV-000468,Check PO exists,2026-01-07T15:17:00,SAP,System,system,14063.06,EUR,IT,V3100,medium,PO485095,,completed,False,
CASE-00468,INV-000468,Run three-way match,2026-01-07T15:47:00,SAP,System,system,14063.06,EUR,IT,V3100,medium,PO485095,,completed,False,
CASE-00468,INV-000468,Run duplicate invoice check,2026-01-07T15:59:00,SAP,System,system,14063.06,EUR,IT,V3100,medium,PO485095,,completed,False,
CASE-00468,INV-000468,Check vendor risk,2026-01-07T16:11:00,Vendor Master Data,System,system,14063.06,EUR,IT,V3100,medium,PO485095,,completed,False,
CASE-00468,INV-000468,Check approval threshold,2026-01-07T16:17:00,SAP,System,system,14063.06,EUR,IT,V3100,medium,PO485095,,completed,False,
CASE-00468,INV-000468,Finance manager approval,2026-01-09T09:09:10.061538,SAP,Finance Manager,ap06,14063.06,EUR,IT,V3100,medium,PO485095,,completed,False,
CASE-00468,INV-000468,Schedule payment,2026-01-09T16:35:12.742335,Payment System,System,system,14063.06,EUR,IT,V3100,medium,PO485095,,completed,False,
CASE-00468,INV-000468,Send remittance notice,2026-01-09T16:41:12.742335,Payment System,System,system,14063.06,EUR,IT,V3100,medium,PO485095,,completed,False,
CASE-00468,INV-000468,Invoice paid,2026-01-09T16:47:12.742335,Payment System,System,system,14063.06,EUR,IT,V3100,medium,PO485095,,paid,False,
CASE-00469,INV-000469,Invoice received,2026-01-07T14:42:00,Coupa,System,system,21494.87,EUR,DE,V2324,low,PO627474,,completed,False,
CASE-00469,INV-000469,Validate invoice data,2026-01-07T15:06:00,Coupa,AP Clerk,ap05,21494.87,EUR,DE,V2324,low,PO627474,,completed,False,
CASE-00469,INV-000469,Check PO exists,2026-01-07T15:24:00,SAP,System,system,21494.87,EUR,DE,V2324,low,PO627474,,completed,False,
CASE-00469,INV-000469,Run three-way match,2026-01-07T15:54:00,SAP,System,system,21494.87,EUR,DE,V2324,low,PO627474,,completed,False,
CASE-00469,INV-000469,Run duplicate invoice check,2026-01-07T16:06:00,SAP,System,system,21494.87,EUR,DE,V2324,low,PO627474,,completed,False,
CASE-00469,INV-000469,Check vendor risk,2026-01-07T16:18:00,Vendor Master Data,System,system,21494.87,EUR,DE,V2324,low,PO627474,,completed,False,
CASE-00469,INV-000469,Check approval threshold,2026-01-07T16:24:00,SAP,System,system,21494.87,EUR,DE,V2324,low,PO627474,,completed,False,
CASE-00469,INV-000469,Finance manager approval,2026-01-07T21:00:59.164181,SAP,Finance Manager,ap05,21494.87,EUR,DE,V2324,low,PO627474,,completed,False,
CASE-00469,INV-000469,Schedule payment,2026-01-08T06:52:37.125278,Payment System,System,system,21494.87,EUR,DE,V2324,low,PO627474,,completed,False,
CASE-00469,INV-000469,Send remittance notice,2026-01-08T06:58:37.125278,Payment System,System,system,21494.87,EUR,DE,V2324,low,PO627474,,completed,False,
CASE-00469,INV-000469,Invoice paid,2026-01-08T07:04:37.125278,Payment System,System,system,21494.87,EUR,DE,V2324,low,PO627474,,paid,False,
CASE-00470,INV-000470,Invoice received,2026-01-07T14:49:00,Coupa,System,system,22385.35,EUR,IT,V3876,medium,PO895806,,completed,False,
CASE-00470,INV-000470,Validate invoice data,2026-01-07T15:13:00,Coupa,AP Clerk,ap23,22385.35,EUR,IT,V3876,medium,PO895806,,completed,False,
CASE-00470,INV-000470,Check PO exists,2026-01-07T15:31:00,SAP,System,system,22385.35,EUR,IT,V3876,medium,PO895806,,completed,False,
CASE-00470,INV-000470,Run three-way match,2026-01-07T16:01:00,SAP,System,system,22385.35,EUR,IT,V3876,medium,PO895806,,completed,False,
CASE-00470,INV-000470,Classify exception,2026-01-07T16:13:00,ServiceNow,AP Clerk,ap23,22385.35,EUR,IT,V3876,medium,PO895806,price_mismatch,completed,False,
CASE-00470,INV-000470,Create price mismatch ticket,2026-01-07T16:25:00,ServiceNow,System,system,22385.35,EUR,IT,V3876,medium,PO895806,price_mismatch,completed,False,
CASE-00470,INV-000470,AP review price mismatch,2026-01-10T20:03:20.336174,ServiceNow,AP Clerk,ap23,22385.35,EUR,IT,V3876,medium,PO895806,price_mismatch,completed,False,
CASE-00470,INV-000470,Correction for price mismatch,2026-01-11T19:18:20.301495,SAP,Procurement Specialist,ap23,22385.35,EUR,IT,V3876,medium,PO895806,price_mismatch,completed,False,
CASE-00470,INV-000470,Run three-way match,2026-01-11T19:42:20.301495,SAP,System,system,22385.35,EUR,IT,V3876,medium,PO895806,price_mismatch,completed,False,
CASE-00470,INV-000470,Run duplicate invoice check,2026-01-11T19:54:20.301495,SAP,System,system,22385.35,EUR,IT,V3876,medium,PO895806,,completed,False,
CASE-00470,INV-000470,Check vendor risk,2026-01-11T20:06:20.301495,Vendor Master Data,System,system,22385.35,EUR,IT,V3876,medium,PO895806,,completed,False,
CASE-00470,INV-000470,Check approval threshold,2026-01-11T20:12:20.301495,SAP,System,system,22385.35,EUR,IT,V3876,medium,PO895806,,completed,False,
CASE-00470,INV-000470,Finance manager approval,2026-01-13T10:22:39.798324,SAP,Finance Manager,ap23,22385.35,EUR,IT,V3876,medium,PO895806,,completed,False,
CASE-00470,INV-000470,Schedule payment,2026-01-13T17:50:31.315621,Payment System,System,system,22385.35,EUR,IT,V3876,medium,PO895806,,completed,False,
CASE-00470,INV-000470,Send remittance notice,2026-01-13T17:56:31.315621,Payment System,System,system,22385.35,EUR,IT,V3876,medium,PO895806,,completed,False,
CASE-00470,INV-000470,Invoice paid,2026-01-13T18:02:31.315621,Payment System,System,system,22385.35,EUR,IT,V3876,medium,PO895806,,paid,False,
CASE-00471,INV-000471,Invoice received,2026-01-07T14:56:00,Coupa,System,system,6842.92,EUR,IT,V6534,medium,PO315654,,completed,False,
CASE-00471,INV-000471,Validate invoice data,2026-01-07T15:20:00,Coupa,AP Clerk,ap08,6842.92,EUR,IT,V6534,medium,PO315654,,completed,False,
CASE-00471,INV-000471,Manual Email Review,2026-01-08T20:20:51.988686,Email and Excel,AP Clerk,ap08,6842.92,EUR,IT,V6534,medium,PO315654,,completed,True,Manual Email Review
CASE-00471,INV-000471,Check PO exists,2026-01-08T20:38:51.988686,SAP,System,system,6842.92,EUR,IT,V6534,medium,PO315654,,completed,False,
CASE-00471,INV-000471,Run three-way match,2026-01-08T21:08:51.988686,SAP,System,system,6842.92,EUR,IT,V6534,medium,PO315654,,completed,False,
CASE-00471,INV-000471,Classify exception,2026-01-08T21:20:51.988686,ServiceNow,AP Clerk,ap08,6842.92,EUR,IT,V6534,medium,PO315654,price_mismatch,completed,False,
CASE-00471,INV-000471,Create price mismatch ticket,2026-01-08T21:32:51.988686,ServiceNow,System,system,6842.92,EUR,IT,V6534,medium,PO315654,price_mismatch,completed,False,
CASE-00471,INV-000471,AP review price mismatch,2026-01-10T17:26:21.615050,ServiceNow,AP Clerk,ap08,6842.92,EUR,IT,V6534,medium,PO315654,price_mismatch,completed,False,
CASE-00471,INV-000471,Excel Price Correction,2026-01-10T21:29:25.385873,Email and Excel,AP Clerk,ap08,6842.92,EUR,IT,V6534,medium,PO315654,price_mismatch,completed,True,Excel Price Correction
CASE-00471,INV-000471,Correction for price mismatch,2026-01-11T02:02:28.934702,SAP,Procurement Specialist,ap08,6842.92,EUR,IT,V6534,medium,PO315654,price_mismatch,completed,False,
CASE-00471,INV-000471,Run three-way match,2026-01-11T02:26:28.934702,SAP,System,system,6842.92,EUR,IT,V6534,medium,PO315654,price_mismatch,completed,False,
CASE-00471,INV-000471,Run duplicate invoice check,2026-01-11T02:38:28.934702,SAP,System,system,6842.92,EUR,IT,V6534,medium,PO315654,,completed,False,
CASE-00471,INV-000471,Check vendor risk,2026-01-11T02:50:28.934702,Vendor Master Data,System,system,6842.92,EUR,IT,V6534,medium,PO315654,,completed,False,
CASE-00471,INV-000471,Check approval threshold,2026-01-11T02:56:28.934702,SAP,System,system,6842.92,EUR,IT,V6534,medium,PO315654,,completed,False,
CASE-00471,INV-000471,Auto approve for payment scheduling,2026-01-11T03:02:28.934702,SAP,System,system,6842.92,EUR,IT,V6534,medium,PO315654,,completed,False,
CASE-00471,INV-000471,Schedule payment,2026-01-11T07:18:35.890562,Payment System,System,system,6842.92,EUR,IT,V6534,medium,PO315654,,completed,False,
CASE-00471,INV-000471,Send remittance notice,2026-01-11T07:24:35.890562,Payment System,System,system,6842.92,EUR,IT,V6534,medium,PO315654,,completed,False,
CASE-00471,INV-000471,Invoice paid,2026-01-11T07:30:35.890562,Payment System,System,system,6842.92,EUR,IT,V6534,medium,PO315654,,paid,False,
CASE-00472,INV-000472,Invoice received,2026-01-07T15:03:00,Coupa,System,system,20971.84,EUR,NL,V9358,low,PO990005,,completed,False,
CASE-00472,INV-000472,Validate invoice data,2026-01-07T15:27:00,Coupa,AP Clerk,ap08,20971.84,EUR,NL,V9358,low,PO990005,,completed,False,
CASE-00472,INV-000472,Manual Email Review,2026-01-08T20:17:04.799141,Email and Excel,AP Clerk,ap08,20971.84,EUR,NL,V9358,low,PO990005,,completed,True,Manual Email Review
CASE-00472,INV-000472,Check PO exists,2026-01-08T20:35:04.799141,SAP,System,system,20971.84,EUR,NL,V9358,low,PO990005,,completed,False,
CASE-00472,INV-000472,Run three-way match,2026-01-08T21:05:04.799141,SAP,System,system,20971.84,EUR,NL,V9358,low,PO990005,,completed,False,
CASE-00472,INV-000472,Run duplicate invoice check,2026-01-08T21:17:04.799141,SAP,System,system,20971.84,EUR,NL,V9358,low,PO990005,,completed,False,
CASE-00472,INV-000472,Check vendor risk,2026-01-08T21:29:04.799141,Vendor Master Data,System,system,20971.84,EUR,NL,V9358,low,PO990005,,completed,False,
CASE-00472,INV-000472,Check approval threshold,2026-01-08T21:35:04.799141,SAP,System,system,20971.84,EUR,NL,V9358,low,PO990005,,completed,False,
CASE-00472,INV-000472,Finance manager approval,2026-01-09T18:00:22.843850,SAP,Finance Manager,ap08,20971.84,EUR,NL,V9358,low,PO990005,,completed,False,
CASE-00472,INV-000472,Schedule payment,2026-01-10T02:46:18.887078,Payment System,System,system,20971.84,EUR,NL,V9358,low,PO990005,,completed,False,
CASE-00472,INV-000472,Send remittance notice,2026-01-10T02:52:18.887078,Payment System,System,system,20971.84,EUR,NL,V9358,low,PO990005,,completed,False,
CASE-00472,INV-000472,Invoice paid,2026-01-10T02:58:18.887078,Payment System,System,system,20971.84,EUR,NL,V9358,low,PO990005,,paid,False,
CASE-00473,INV-000473,Invoice received,2026-01-07T15:10:00,Coupa,System,system,24235.85,EUR,DE,V9785,low,PO304458,,completed,False,
CASE-00473,INV-000473,Validate invoice data,2026-01-07T15:34:00,Coupa,AP Clerk,ap03,24235.85,EUR,DE,V9785,low,PO304458,,completed,False,
CASE-00473,INV-000473,Manual Email Review,2026-01-08T13:55:08.731652,Email and Excel,AP Clerk,ap03,24235.85,EUR,DE,V9785,low,PO304458,,completed,True,Manual Email Review
CASE-00473,INV-000473,Check PO exists,2026-01-08T14:13:08.731652,SAP,System,system,24235.85,EUR,DE,V9785,low,PO304458,,completed,False,
CASE-00473,INV-000473,Run three-way match,2026-01-08T14:43:08.731652,SAP,System,system,24235.85,EUR,DE,V9785,low,PO304458,,completed,False,
CASE-00473,INV-000473,Classify exception,2026-01-08T14:55:08.731652,ServiceNow,AP Clerk,ap03,24235.85,EUR,DE,V9785,low,PO304458,price_mismatch,completed,False,
CASE-00473,INV-000473,Create price mismatch ticket,2026-01-08T15:07:08.731652,ServiceNow,System,system,24235.85,EUR,DE,V9785,low,PO304458,price_mismatch,completed,False,
CASE-00473,INV-000473,AP review price mismatch,2026-01-12T09:41:32.960666,ServiceNow,AP Clerk,ap03,24235.85,EUR,DE,V9785,low,PO304458,price_mismatch,completed,False,
CASE-00473,INV-000473,Correction for price mismatch,2026-01-12T16:19:43.563146,SAP,Procurement Specialist,ap03,24235.85,EUR,DE,V9785,low,PO304458,price_mismatch,completed,False,
CASE-00473,INV-000473,Run three-way match,2026-01-12T16:43:43.563146,SAP,System,system,24235.85,EUR,DE,V9785,low,PO304458,price_mismatch,completed,False,
CASE-00473,INV-000473,Run duplicate invoice check,2026-01-12T16:55:43.563146,SAP,System,system,24235.85,EUR,DE,V9785,low,PO304458,,completed,False,
CASE-00473,INV-000473,Check vendor risk,2026-01-12T17:07:43.563146,Vendor Master Data,System,system,24235.85,EUR,DE,V9785,low,PO304458,,completed,False,
CASE-00473,INV-000473,Check approval threshold,2026-01-12T17:13:43.563146,SAP,System,system,24235.85,EUR,DE,V9785,low,PO304458,,completed,False,
CASE-00473,INV-000473,Finance manager approval,2026-01-13T18:04:40.241102,SAP,Finance Manager,ap03,24235.85,EUR,DE,V9785,low,PO304458,,completed,False,
CASE-00473,INV-000473,Schedule payment,2026-01-14T01:20:02.703320,Payment System,System,system,24235.85,EUR,DE,V9785,low,PO304458,,completed,False,
CASE-00473,INV-000473,Send remittance notice,2026-01-14T01:26:02.703320,Payment System,System,system,24235.85,EUR,DE,V9785,low,PO304458,,completed,False,
CASE-00473,INV-000473,Invoice paid,2026-01-14T01:32:02.703320,Payment System,System,system,24235.85,EUR,DE,V9785,low,PO304458,,paid,False,
CASE-00474,INV-000474,Invoice received,2026-01-07T15:17:00,Coupa,System,system,18546.96,EUR,ES,V3524,low,PO291878,,completed,False,
CASE-00474,INV-000474,Validate invoice data,2026-01-07T15:41:00,Coupa,AP Clerk,ap10,18546.96,EUR,ES,V3524,low,PO291878,,completed,False,
CASE-00474,INV-000474,Check PO exists,2026-01-07T15:59:00,SAP,System,system,18546.96,EUR,ES,V3524,low,PO291878,,completed,False,
CASE-00474,INV-000474,Run three-way match,2026-01-07T16:29:00,SAP,System,system,18546.96,EUR,ES,V3524,low,PO291878,,completed,False,
CASE-00474,INV-000474,Classify exception,2026-01-07T16:41:00,ServiceNow,AP Clerk,ap10,18546.96,EUR,ES,V3524,low,PO291878,price_mismatch,completed,False,
CASE-00474,INV-000474,Create price mismatch ticket,2026-01-07T16:53:00,ServiceNow,System,system,18546.96,EUR,ES,V3524,low,PO291878,price_mismatch,completed,False,
CASE-00474,INV-000474,AP review price mismatch,2026-01-12T01:55:51.673606,ServiceNow,AP Clerk,ap10,18546.96,EUR,ES,V3524,low,PO291878,price_mismatch,completed,False,
CASE-00474,INV-000474,Correction for price mismatch,2026-01-12T08:05:27.148020,SAP,Procurement Specialist,ap10,18546.96,EUR,ES,V3524,low,PO291878,price_mismatch,completed,False,
CASE-00474,INV-000474,Run three-way match,2026-01-12T08:29:27.148020,SAP,System,system,18546.96,EUR,ES,V3524,low,PO291878,price_mismatch,completed,False,
CASE-00474,INV-000474,Run duplicate invoice check,2026-01-12T08:41:27.148020,SAP,System,system,18546.96,EUR,ES,V3524,low,PO291878,,completed,False,
CASE-00474,INV-000474,Check vendor risk,2026-01-12T08:53:27.148020,Vendor Master Data,System,system,18546.96,EUR,ES,V3524,low,PO291878,,completed,False,
CASE-00474,INV-000474,Check approval threshold,2026-01-12T08:59:27.148020,SAP,System,system,18546.96,EUR,ES,V3524,low,PO291878,,completed,False,
CASE-00474,INV-000474,Finance manager approval,2026-01-12T19:53:32.255372,SAP,Finance Manager,ap10,18546.96,EUR,ES,V3524,low,PO291878,,completed,False,
CASE-00474,INV-000474,Schedule payment,2026-01-13T06:01:48.949876,Payment System,System,system,18546.96,EUR,ES,V3524,low,PO291878,,completed,False,
CASE-00474,INV-000474,Send remittance notice,2026-01-13T06:07:48.949876,Payment System,System,system,18546.96,EUR,ES,V3524,low,PO291878,,completed,False,
CASE-00474,INV-000474,Invoice paid,2026-01-13T06:13:48.949876,Payment System,System,system,18546.96,EUR,ES,V3524,low,PO291878,,paid,False,
CASE-00475,INV-000475,Invoice received,2026-01-07T15:24:00,Coupa,System,system,19767.62,EUR,DE,V3675,low,PO914822,,completed,False,
CASE-00475,INV-000475,Validate invoice data,2026-01-07T15:48:00,Coupa,AP Clerk,ap09,19767.62,EUR,DE,V3675,low,PO914822,,completed,False,
CASE-00475,INV-000475,Check PO exists,2026-01-07T16:06:00,SAP,System,system,19767.62,EUR,DE,V3675,low,PO914822,,completed,False,
CASE-00475,INV-000475,Run three-way match,2026-01-07T16:36:00,SAP,System,system,19767.62,EUR,DE,V3675,low,PO914822,,completed,False,
CASE-00475,INV-000475,Run duplicate invoice check,2026-01-07T16:48:00,SAP,System,system,19767.62,EUR,DE,V3675,low,PO914822,,completed,False,
CASE-00475,INV-000475,Check vendor risk,2026-01-07T17:00:00,Vendor Master Data,System,system,19767.62,EUR,DE,V3675,low,PO914822,,completed,False,
CASE-00475,INV-000475,Check approval threshold,2026-01-07T17:06:00,SAP,System,system,19767.62,EUR,DE,V3675,low,PO914822,,completed,False,
CASE-00475,INV-000475,Finance manager approval,2026-01-09T07:16:29.059800,SAP,Finance Manager,ap09,19767.62,EUR,DE,V3675,low,PO914822,,completed,False,
CASE-00475,INV-000475,Schedule payment,2026-01-09T17:24:05.001282,Payment System,System,system,19767.62,EUR,DE,V3675,low,PO914822,,completed,False,
CASE-00475,INV-000475,Send remittance notice,2026-01-09T17:30:05.001282,Payment System,System,system,19767.62,EUR,DE,V3675,low,PO914822,,completed,False,
CASE-00475,INV-000475,Invoice paid,2026-01-09T17:36:05.001282,Payment System,System,system,19767.62,EUR,DE,V3675,low,PO914822,,paid,False,
CASE-00476,INV-000476,Invoice received,2026-01-07T15:31:00,Coupa,System,system,1430.69,EUR,NL,V8214,low,PO317590,,completed,False,
CASE-00476,INV-000476,Validate invoice data,2026-01-07T15:55:00,Coupa,AP Clerk,ap25,1430.69,EUR,NL,V8214,low,PO317590,,completed,False,
CASE-00476,INV-000476,Check PO exists,2026-01-07T16:13:00,SAP,System,system,1430.69,EUR,NL,V8214,low,PO317590,,completed,False,
CASE-00476,INV-000476,Run three-way match,2026-01-07T16:43:00,SAP,System,system,1430.69,EUR,NL,V8214,low,PO317590,,completed,False,
CASE-00476,INV-000476,Run duplicate invoice check,2026-01-07T16:55:00,SAP,System,system,1430.69,EUR,NL,V8214,low,PO317590,,completed,False,
CASE-00476,INV-000476,Check vendor risk,2026-01-07T17:07:00,Vendor Master Data,System,system,1430.69,EUR,NL,V8214,low,PO317590,,completed,False,
CASE-00476,INV-000476,Check approval threshold,2026-01-07T17:13:00,SAP,System,system,1430.69,EUR,NL,V8214,low,PO317590,,completed,False,
CASE-00476,INV-000476,Auto approve for payment scheduling,2026-01-07T17:19:00,SAP,System,system,1430.69,EUR,NL,V8214,low,PO317590,,completed,False,
CASE-00476,INV-000476,Schedule payment,2026-01-08T04:35:51.395653,Payment System,System,system,1430.69,EUR,NL,V8214,low,PO317590,,completed,False,
CASE-00476,INV-000476,Send remittance notice,2026-01-08T04:41:51.395653,Payment System,System,system,1430.69,EUR,NL,V8214,low,PO317590,,completed,False,
CASE-00476,INV-000476,Invoice paid,2026-01-08T04:47:51.395653,Payment System,System,system,1430.69,EUR,NL,V8214,low,PO317590,,paid,False,
CASE-00477,INV-000477,Invoice received,2026-01-07T15:38:00,Coupa,System,system,5077.54,EUR,ES,V2330,low,PO986325,,completed,False,
CASE-00477,INV-000477,Validate invoice data,2026-01-07T16:02:00,Coupa,AP Clerk,ap24,5077.54,EUR,ES,V2330,low,PO986325,,completed,False,
CASE-00477,INV-000477,Check PO exists,2026-01-07T16:20:00,SAP,System,system,5077.54,EUR,ES,V2330,low,PO986325,,completed,False,
CASE-00477,INV-000477,Run three-way match,2026-01-07T16:50:00,SAP,System,system,5077.54,EUR,ES,V2330,low,PO986325,,completed,False,
CASE-00477,INV-000477,Run duplicate invoice check,2026-01-07T17:02:00,SAP,System,system,5077.54,EUR,ES,V2330,low,PO986325,,completed,False,
CASE-00477,INV-000477,Check vendor risk,2026-01-07T17:14:00,Vendor Master Data,System,system,5077.54,EUR,ES,V2330,low,PO986325,,completed,False,
CASE-00477,INV-000477,Check approval threshold,2026-01-07T17:20:00,SAP,System,system,5077.54,EUR,ES,V2330,low,PO986325,,completed,False,
CASE-00477,INV-000477,Auto approve for payment scheduling,2026-01-07T17:26:00,SAP,System,system,5077.54,EUR,ES,V2330,low,PO986325,,completed,False,
CASE-00477,INV-000477,Schedule payment,2026-01-08T04:34:29.421583,Payment System,System,system,5077.54,EUR,ES,V2330,low,PO986325,,completed,False,
CASE-00477,INV-000477,Send remittance notice,2026-01-08T04:40:29.421583,Payment System,System,system,5077.54,EUR,ES,V2330,low,PO986325,,completed,False,
CASE-00477,INV-000477,Invoice paid,2026-01-08T04:46:29.421583,Payment System,System,system,5077.54,EUR,ES,V2330,low,PO986325,,paid,False,
CASE-00478,INV-000478,Invoice received,2026-01-07T15:45:00,Coupa,System,system,7758.46,EUR,FR,V4299,low,PO243154,,completed,False,
CASE-00478,INV-000478,Validate invoice data,2026-01-07T16:09:00,Coupa,AP Clerk,ap18,7758.46,EUR,FR,V4299,low,PO243154,,completed,False,
CASE-00478,INV-000478,Check PO exists,2026-01-07T16:27:00,SAP,System,system,7758.46,EUR,FR,V4299,low,PO243154,,completed,False,
CASE-00478,INV-000478,Run three-way match,2026-01-07T16:57:00,SAP,System,system,7758.46,EUR,FR,V4299,low,PO243154,,completed,False,
CASE-00478,INV-000478,Run duplicate invoice check,2026-01-07T17:09:00,SAP,System,system,7758.46,EUR,FR,V4299,low,PO243154,,completed,False,
CASE-00478,INV-000478,Check vendor risk,2026-01-07T17:21:00,Vendor Master Data,System,system,7758.46,EUR,FR,V4299,low,PO243154,,completed,False,
CASE-00478,INV-000478,Check approval threshold,2026-01-07T17:27:00,SAP,System,system,7758.46,EUR,FR,V4299,low,PO243154,,completed,False,
CASE-00478,INV-000478,Auto approve for payment scheduling,2026-01-07T17:33:00,SAP,System,system,7758.46,EUR,FR,V4299,low,PO243154,,completed,False,
CASE-00478,INV-000478,Schedule payment,2026-01-08T04:39:07.700370,Payment System,System,system,7758.46,EUR,FR,V4299,low,PO243154,,completed,False,
CASE-00478,INV-000478,Send remittance notice,2026-01-08T04:45:07.700370,Payment System,System,system,7758.46,EUR,FR,V4299,low,PO243154,,completed,False,
CASE-00478,INV-000478,Invoice paid,2026-01-08T04:51:07.700370,Payment System,System,system,7758.46,EUR,FR,V4299,low,PO243154,,paid,False,
CASE-00479,INV-000479,Invoice received,2026-01-07T15:52:00,Coupa,System,system,2361.96,EUR,IT,V7993,low,PO452124,,completed,False,
CASE-00479,INV-000479,Validate invoice data,2026-01-07T16:16:00,Coupa,AP Clerk,ap22,2361.96,EUR,IT,V7993,low,PO452124,,completed,False,
CASE-00479,INV-000479,Check PO exists,2026-01-07T16:34:00,SAP,System,system,2361.96,EUR,IT,V7993,low,PO452124,,completed,False,
CASE-00479,INV-000479,Create missing PO exception,2026-01-07T16:46:00,ServiceNow,System,system,2361.96,EUR,IT,V7993,low,PO452124,missing_po,completed,False,
CASE-00479,INV-000479,AP review missing PO,2026-01-11T09:38:55.017763,ServiceNow,AP Clerk,ap22,2361.96,EUR,IT,V7993,low,PO452124,missing_po,completed,False,
CASE-00479,INV-000479,Procurement correction,2026-01-12T13:13:19.163124,SAP,Procurement Specialist,ap22,2361.96,EUR,IT,V7993,low,PO452124,missing_po,completed,False,
CASE-00479,INV-000479,Check PO exists,2026-01-12T13:25:19.163124,SAP,System,system,2361.96,EUR,IT,V7993,low,PO452124,missing_po,completed,False,
CASE-00479,INV-000479,Run three-way match,2026-01-12T13:55:19.163124,SAP,System,system,2361.96,EUR,IT,V7993,low,PO452124,,completed,False,
CASE-00479,INV-000479,Run duplicate invoice check,2026-01-12T14:07:19.163124,SAP,System,system,2361.96,EUR,IT,V7993,low,PO452124,,completed,False,
CASE-00479,INV-000479,Check vendor risk,2026-01-12T14:19:19.163124,Vendor Master Data,System,system,2361.96,EUR,IT,V7993,low,PO452124,,completed,False,
CASE-00479,INV-000479,Check approval threshold,2026-01-12T14:25:19.163124,SAP,System,system,2361.96,EUR,IT,V7993,low,PO452124,,completed,False,
CASE-00479,INV-000479,Auto approve for payment scheduling,2026-01-12T14:31:19.163124,SAP,System,system,2361.96,EUR,IT,V7993,low,PO452124,,completed,False,
CASE-00479,INV-000479,Schedule payment,2026-01-13T01:23:14.633269,Payment System,System,system,2361.96,EUR,IT,V7993,low,PO452124,,completed,False,
CASE-00479,INV-000479,Send remittance notice,2026-01-13T01:29:14.633269,Payment System,System,system,2361.96,EUR,IT,V7993,low,PO452124,,completed,False,
CASE-00479,INV-000479,Invoice paid,2026-01-13T01:35:14.633269,Payment System,System,system,2361.96,EUR,IT,V7993,low,PO452124,,paid,False,
CASE-00480,INV-000480,Invoice received,2026-01-07T15:59:00,Coupa,System,system,10492.16,EUR,ES,V5470,medium,PO414024,,completed,False,
CASE-00480,INV-000480,Validate invoice data,2026-01-07T16:23:00,Coupa,AP Clerk,ap24,10492.16,EUR,ES,V5470,medium,PO414024,,completed,False,
CASE-00480,INV-000480,Check PO exists,2026-01-07T16:41:00,SAP,System,system,10492.16,EUR,ES,V5470,medium,PO414024,,completed,False,
CASE-00480,INV-000480,Run three-way match,2026-01-07T17:11:00,SAP,System,system,10492.16,EUR,ES,V5470,medium,PO414024,,completed,False,
CASE-00480,INV-000480,Classify exception,2026-01-07T17:23:00,ServiceNow,AP Clerk,ap24,10492.16,EUR,ES,V5470,medium,PO414024,price_mismatch,completed,False,
CASE-00480,INV-000480,Create price mismatch ticket,2026-01-07T17:35:00,ServiceNow,System,system,10492.16,EUR,ES,V5470,medium,PO414024,price_mismatch,completed,False,
CASE-00480,INV-000480,AP review price mismatch,2026-01-10T22:39:45.420475,ServiceNow,AP Clerk,ap24,10492.16,EUR,ES,V5470,medium,PO414024,price_mismatch,completed,False,
CASE-00480,INV-000480,Correction for price mismatch,2026-01-11T09:15:39.103154,SAP,Procurement Specialist,ap24,10492.16,EUR,ES,V5470,medium,PO414024,price_mismatch,completed,False,
CASE-00480,INV-000480,Run three-way match,2026-01-11T09:39:39.103154,SAP,System,system,10492.16,EUR,ES,V5470,medium,PO414024,price_mismatch,completed,False,
CASE-00480,INV-000480,Run duplicate invoice check,2026-01-11T09:51:39.103154,SAP,System,system,10492.16,EUR,ES,V5470,medium,PO414024,,completed,False,
CASE-00480,INV-000480,Check vendor risk,2026-01-11T10:03:39.103154,Vendor Master Data,System,system,10492.16,EUR,ES,V5470,medium,PO414024,,completed,False,
CASE-00480,INV-000480,Check approval threshold,2026-01-11T10:09:39.103154,SAP,System,system,10492.16,EUR,ES,V5470,medium,PO414024,,completed,False,
CASE-00480,INV-000480,Finance manager approval,2026-01-12T21:32:56.179609,SAP,Finance Manager,ap24,10492.16,EUR,ES,V5470,medium,PO414024,,completed,False,
CASE-00480,INV-000480,Schedule payment,2026-01-13T07:15:07.019213,Payment System,System,system,10492.16,EUR,ES,V5470,medium,PO414024,,completed,False,
CASE-00480,INV-000480,Send remittance notice,2026-01-13T07:21:07.019213,Payment System,System,system,10492.16,EUR,ES,V5470,medium,PO414024,,completed,False,
CASE-00480,INV-000480,Invoice paid,2026-01-13T07:27:07.019213,Payment System,System,system,10492.16,EUR,ES,V5470,medium,PO414024,,paid,False,
CASE-00481,INV-000481,Invoice received,2026-01-07T16:06:00,Coupa,System,system,8537.91,EUR,FR,V6326,low,PO128233,,completed,False,
CASE-00481,INV-000481,Validate invoice data,2026-01-07T16:30:00,Coupa,AP Clerk,ap19,8537.91,EUR,FR,V6326,low,PO128233,,completed,False,
CASE-00481,INV-000481,Check PO exists,2026-01-07T16:48:00,SAP,System,system,8537.91,EUR,FR,V6326,low,PO128233,,completed,False,
CASE-00481,INV-000481,Run three-way match,2026-01-07T17:18:00,SAP,System,system,8537.91,EUR,FR,V6326,low,PO128233,,completed,False,
CASE-00481,INV-000481,Classify exception,2026-01-07T17:30:00,ServiceNow,AP Clerk,ap19,8537.91,EUR,FR,V6326,low,PO128233,price_mismatch,completed,False,
CASE-00481,INV-000481,Create price mismatch ticket,2026-01-07T17:42:00,ServiceNow,System,system,8537.91,EUR,FR,V6326,low,PO128233,price_mismatch,completed,False,
CASE-00481,INV-000481,AP review price mismatch,2026-01-08T22:40:47.918497,ServiceNow,AP Clerk,ap19,8537.91,EUR,FR,V6326,low,PO128233,price_mismatch,completed,False,
CASE-00481,INV-000481,Correction for price mismatch,2026-01-09T09:48:57.115860,SAP,Procurement Specialist,ap19,8537.91,EUR,FR,V6326,low,PO128233,price_mismatch,completed,False,
CASE-00481,INV-000481,Run three-way match,2026-01-09T10:12:57.115860,SAP,System,system,8537.91,EUR,FR,V6326,low,PO128233,price_mismatch,completed,False,
CASE-00481,INV-000481,Run duplicate invoice check,2026-01-09T10:24:57.115860,SAP,System,system,8537.91,EUR,FR,V6326,low,PO128233,,completed,False,
CASE-00481,INV-000481,Check vendor risk,2026-01-09T10:36:57.115860,Vendor Master Data,System,system,8537.91,EUR,FR,V6326,low,PO128233,,completed,False,
CASE-00481,INV-000481,Check approval threshold,2026-01-09T10:42:57.115860,SAP,System,system,8537.91,EUR,FR,V6326,low,PO128233,,completed,False,
CASE-00481,INV-000481,Auto approve for payment scheduling,2026-01-09T10:48:57.115860,SAP,System,system,8537.91,EUR,FR,V6326,low,PO128233,,completed,False,
CASE-00481,INV-000481,Schedule payment,2026-01-09T19:24:02.405459,Payment System,System,system,8537.91,EUR,FR,V6326,low,PO128233,,completed,False,
CASE-00481,INV-000481,Send remittance notice,2026-01-09T19:30:02.405459,Payment System,System,system,8537.91,EUR,FR,V6326,low,PO128233,,completed,False,
CASE-00481,INV-000481,Invoice paid,2026-01-09T19:36:02.405459,Payment System,System,system,8537.91,EUR,FR,V6326,low,PO128233,,paid,False,
CASE-00482,INV-000482,Invoice received,2026-01-07T16:13:00,Coupa,System,system,15464.79,EUR,ES,V6381,low,PO422447,,completed,False,
CASE-00482,INV-000482,Validate invoice data,2026-01-07T16:37:00,Coupa,AP Clerk,ap13,15464.79,EUR,ES,V6381,low,PO422447,,completed,False,
CASE-00482,INV-000482,Check PO exists,2026-01-07T16:55:00,SAP,System,system,15464.79,EUR,ES,V6381,low,PO422447,,completed,False,
CASE-00482,INV-000482,Run three-way match,2026-01-07T17:25:00,SAP,System,system,15464.79,EUR,ES,V6381,low,PO422447,,completed,False,
CASE-00482,INV-000482,Classify exception,2026-01-07T17:37:00,ServiceNow,AP Clerk,ap13,15464.79,EUR,ES,V6381,low,PO422447,price_mismatch,completed,False,
CASE-00482,INV-000482,Create price mismatch ticket,2026-01-07T17:49:00,ServiceNow,System,system,15464.79,EUR,ES,V6381,low,PO422447,price_mismatch,completed,False,
CASE-00482,INV-000482,AP review price mismatch,2026-01-11T03:01:45.359795,ServiceNow,AP Clerk,ap13,15464.79,EUR,ES,V6381,low,PO422447,price_mismatch,completed,False,
CASE-00482,INV-000482,Correction for price mismatch,2026-01-12T00:00:29.497607,SAP,Procurement Specialist,ap13,15464.79,EUR,ES,V6381,low,PO422447,price_mismatch,completed,False,
CASE-00482,INV-000482,Run three-way match,2026-01-12T00:24:29.497607,SAP,System,system,15464.79,EUR,ES,V6381,low,PO422447,price_mismatch,completed,False,
CASE-00482,INV-000482,Run duplicate invoice check,2026-01-12T00:36:29.497607,SAP,System,system,15464.79,EUR,ES,V6381,low,PO422447,,completed,False,
CASE-00482,INV-000482,Check vendor risk,2026-01-12T00:48:29.497607,Vendor Master Data,System,system,15464.79,EUR,ES,V6381,low,PO422447,,completed,False,
CASE-00482,INV-000482,Check approval threshold,2026-01-12T00:54:29.497607,SAP,System,system,15464.79,EUR,ES,V6381,low,PO422447,,completed,False,
CASE-00482,INV-000482,Finance manager approval,2026-01-12T21:07:42.018848,SAP,Finance Manager,ap13,15464.79,EUR,ES,V6381,low,PO422447,,completed,False,
CASE-00482,INV-000482,Schedule payment,2026-01-13T07:16:16.537725,Payment System,System,system,15464.79,EUR,ES,V6381,low,PO422447,,completed,False,
CASE-00482,INV-000482,Send remittance notice,2026-01-13T07:22:16.537725,Payment System,System,system,15464.79,EUR,ES,V6381,low,PO422447,,completed,False,
CASE-00482,INV-000482,Invoice paid,2026-01-13T07:28:16.537725,Payment System,System,system,15464.79,EUR,ES,V6381,low,PO422447,,paid,False,
CASE-00483,INV-000483,Invoice received,2026-01-07T16:20:00,Coupa,System,system,7527.66,EUR,DE,V8427,medium,PO859466,,completed,False,
CASE-00483,INV-000483,Validate invoice data,2026-01-07T16:44:00,Coupa,AP Clerk,ap12,7527.66,EUR,DE,V8427,medium,PO859466,,completed,False,
CASE-00483,INV-000483,Check PO exists,2026-01-07T17:02:00,SAP,System,system,7527.66,EUR,DE,V8427,medium,PO859466,,completed,False,
CASE-00483,INV-000483,Run three-way match,2026-01-07T17:32:00,SAP,System,system,7527.66,EUR,DE,V8427,medium,PO859466,,completed,False,
CASE-00483,INV-000483,Classify exception,2026-01-07T17:44:00,ServiceNow,AP Clerk,ap12,7527.66,EUR,DE,V8427,medium,PO859466,price_mismatch,completed,False,
CASE-00483,INV-000483,Create price mismatch ticket,2026-01-07T17:56:00,ServiceNow,System,system,7527.66,EUR,DE,V8427,medium,PO859466,price_mismatch,completed,False,
CASE-00483,INV-000483,AP review price mismatch,2026-01-12T07:35:09.447613,ServiceNow,AP Clerk,ap12,7527.66,EUR,DE,V8427,medium,PO859466,price_mismatch,completed,False,
CASE-00483,INV-000483,Excel Price Correction,2026-01-13T04:13:39.112440,Email and Excel,AP Clerk,ap12,7527.66,EUR,DE,V8427,medium,PO859466,price_mismatch,completed,True,Excel Price Correction
CASE-00483,INV-000483,Correction for price mismatch,2026-01-13T14:48:06.396163,SAP,Procurement Specialist,ap12,7527.66,EUR,DE,V8427,medium,PO859466,price_mismatch,completed,False,
CASE-00483,INV-000483,Run three-way match,2026-01-13T15:12:06.396163,SAP,System,system,7527.66,EUR,DE,V8427,medium,PO859466,price_mismatch,completed,False,
CASE-00483,INV-000483,Run duplicate invoice check,2026-01-13T15:24:06.396163,SAP,System,system,7527.66,EUR,DE,V8427,medium,PO859466,,completed,False,
CASE-00483,INV-000483,Check vendor risk,2026-01-13T15:36:06.396163,Vendor Master Data,System,system,7527.66,EUR,DE,V8427,medium,PO859466,,completed,False,
CASE-00483,INV-000483,Check approval threshold,2026-01-13T15:42:06.396163,SAP,System,system,7527.66,EUR,DE,V8427,medium,PO859466,,completed,False,
CASE-00483,INV-000483,Auto approve for payment scheduling,2026-01-13T15:48:06.396163,SAP,System,system,7527.66,EUR,DE,V8427,medium,PO859466,,completed,False,
CASE-00483,INV-000483,Schedule payment,2026-01-13T21:56:45.630226,Payment System,System,system,7527.66,EUR,DE,V8427,medium,PO859466,,completed,False,
CASE-00483,INV-000483,Send remittance notice,2026-01-13T22:02:45.630226,Payment System,System,system,7527.66,EUR,DE,V8427,medium,PO859466,,completed,False,
CASE-00483,INV-000483,Invoice paid,2026-01-13T22:08:45.630226,Payment System,System,system,7527.66,EUR,DE,V8427,medium,PO859466,,paid,False,
CASE-00484,INV-000484,Invoice received,2026-01-07T16:27:00,Coupa,System,system,2595.53,EUR,ES,V5236,high,PO714308,,completed,False,
CASE-00484,INV-000484,Validate invoice data,2026-01-07T16:51:00,Coupa,AP Clerk,ap16,2595.53,EUR,ES,V5236,high,PO714308,,completed,False,
CASE-00484,INV-000484,Check PO exists,2026-01-07T17:09:00,SAP,System,system,2595.53,EUR,ES,V5236,high,PO714308,,completed,False,
CASE-00484,INV-000484,Run three-way match,2026-01-07T17:39:00,SAP,System,system,2595.53,EUR,ES,V5236,high,PO714308,,completed,False,
CASE-00484,INV-000484,Classify exception,2026-01-07T17:51:00,ServiceNow,AP Clerk,ap16,2595.53,EUR,ES,V5236,high,PO714308,missing_gr,completed,False,
CASE-00484,INV-000484,Request goods receipt confirmation,2026-01-08T15:39:59.791333,SAP,Procurement Specialist,ap16,2595.53,EUR,ES,V5236,high,PO714308,missing_gr,completed,False,
CASE-00484,INV-000484,Run three-way match,2026-01-08T16:03:59.791333,SAP,System,system,2595.53,EUR,ES,V5236,high,PO714308,missing_gr,completed,False,
CASE-00484,INV-000484,Run duplicate invoice check,2026-01-08T16:15:59.791333,SAP,System,system,2595.53,EUR,ES,V5236,high,PO714308,,completed,False,
CASE-00484,INV-000484,Check vendor risk,2026-01-08T16:27:59.791333,Vendor Master Data,System,system,2595.53,EUR,ES,V5236,high,PO714308,,completed,False,
CASE-00484,INV-000484,Compliance review,2026-01-10T12:15:35.683028,Vendor Master Data,Compliance Officer,ap16,2595.53,EUR,ES,V5236,high,PO714308,,completed,False,
CASE-00484,INV-000484,Check approval threshold,2026-01-10T12:21:35.683028,SAP,System,system,2595.53,EUR,ES,V5236,high,PO714308,,completed,False,
CASE-00484,INV-000484,Auto approve for payment scheduling,2026-01-10T12:27:35.683028,SAP,System,system,2595.53,EUR,ES,V5236,high,PO714308,,completed,False,
CASE-00484,INV-000484,Schedule payment,2026-01-10T23:43:44.489820,Payment System,System,system,2595.53,EUR,ES,V5236,high,PO714308,,completed,False,
CASE-00484,INV-000484,Send remittance notice,2026-01-10T23:49:44.489820,Payment System,System,system,2595.53,EUR,ES,V5236,high,PO714308,,completed,False,
CASE-00484,INV-000484,Invoice paid,2026-01-10T23:55:44.489820,Payment System,System,system,2595.53,EUR,ES,V5236,high,PO714308,,paid,False,
CASE-00485,INV-000485,Invoice received,2026-01-07T16:34:00,Coupa,System,system,12716.84,EUR,IT,V7460,low,PO615208,,completed,False,
CASE-00485,INV-000485,Validate invoice data,2026-01-07T16:58:00,Coupa,AP Clerk,ap22,12716.84,EUR,IT,V7460,low,PO615208,,completed,False,
CASE-00485,INV-000485,Check PO exists,2026-01-07T17:16:00,SAP,System,system,12716.84,EUR,IT,V7460,low,PO615208,,completed,False,
CASE-00485,INV-000485,Run three-way match,2026-01-07T17:46:00,SAP,System,system,12716.84,EUR,IT,V7460,low,PO615208,,completed,False,
CASE-00485,INV-000485,Run duplicate invoice check,2026-01-07T17:58:00,SAP,System,system,12716.84,EUR,IT,V7460,low,PO615208,,completed,False,
CASE-00485,INV-000485,Check vendor risk,2026-01-07T18:10:00,Vendor Master Data,System,system,12716.84,EUR,IT,V7460,low,PO615208,,completed,False,
CASE-00485,INV-000485,Check approval threshold,2026-01-07T18:16:00,SAP,System,system,12716.84,EUR,IT,V7460,low,PO615208,,completed,False,
CASE-00485,INV-000485,Finance manager approval,2026-01-09T00:47:36.157115,SAP,Finance Manager,ap22,12716.84,EUR,IT,V7460,low,PO615208,,completed,False,
CASE-00485,INV-000485,Schedule payment,2026-01-09T10:00:22.658209,Payment System,System,system,12716.84,EUR,IT,V7460,low,PO615208,,completed,False,
CASE-00485,INV-000485,Send remittance notice,2026-01-09T10:06:22.658209,Payment System,System,system,12716.84,EUR,IT,V7460,low,PO615208,,completed,False,
CASE-00485,INV-000485,Invoice paid,2026-01-09T10:12:22.658209,Payment System,System,system,12716.84,EUR,IT,V7460,low,PO615208,,paid,False,
CASE-00486,INV-000486,Invoice received,2026-01-07T16:41:00,Coupa,System,system,15158.7,EUR,NL,V2734,high,PO257353,,completed,False,
CASE-00486,INV-000486,Validate invoice data,2026-01-07T17:05:00,Coupa,AP Clerk,ap15,15158.7,EUR,NL,V2734,high,PO257353,,completed,False,
CASE-00486,INV-000486,Check PO exists,2026-01-07T17:23:00,SAP,System,system,15158.7,EUR,NL,V2734,high,PO257353,,completed,False,
CASE-00486,INV-000486,Run three-way match,2026-01-07T17:53:00,SAP,System,system,15158.7,EUR,NL,V2734,high,PO257353,,completed,False,
CASE-00486,INV-000486,Classify exception,2026-01-07T18:05:00,ServiceNow,AP Clerk,ap15,15158.7,EUR,NL,V2734,high,PO257353,missing_gr,completed,False,
CASE-00486,INV-000486,Request goods receipt confirmation,2026-01-08T09:26:31.501669,SAP,Procurement Specialist,ap15,15158.7,EUR,NL,V2734,high,PO257353,missing_gr,completed,False,
CASE-00486,INV-000486,Run three-way match,2026-01-08T09:50:31.501669,SAP,System,system,15158.7,EUR,NL,V2734,high,PO257353,missing_gr,completed,False,
CASE-00486,INV-000486,Run duplicate invoice check,2026-01-08T10:02:31.501669,SAP,System,system,15158.7,EUR,NL,V2734,high,PO257353,,completed,False,
CASE-00486,INV-000486,Check vendor risk,2026-01-08T10:14:31.501669,Vendor Master Data,System,system,15158.7,EUR,NL,V2734,high,PO257353,,completed,False,
CASE-00486,INV-000486,Compliance review,2026-01-10T08:02:44.459219,Vendor Master Data,Compliance Officer,ap15,15158.7,EUR,NL,V2734,high,PO257353,,completed,False,
CASE-00486,INV-000486,Check approval threshold,2026-01-10T08:08:44.459219,SAP,System,system,15158.7,EUR,NL,V2734,high,PO257353,,completed,False,
CASE-00486,INV-000486,Finance manager approval,2026-01-11T23:50:38.768764,SAP,Finance Manager,ap15,15158.7,EUR,NL,V2734,high,PO257353,,completed,False,
CASE-00486,INV-000486,Schedule payment,2026-01-12T05:56:16.904794,Payment System,System,system,15158.7,EUR,NL,V2734,high,PO257353,,completed,False,
CASE-00486,INV-000486,Send remittance notice,2026-01-12T06:02:16.904794,Payment System,System,system,15158.7,EUR,NL,V2734,high,PO257353,,completed,False,
CASE-00486,INV-000486,Invoice paid,2026-01-12T06:08:16.904794,Payment System,System,system,15158.7,EUR,NL,V2734,high,PO257353,,paid,False,
CASE-00487,INV-000487,Invoice received,2026-01-07T16:48:00,Coupa,System,system,19936.93,EUR,IT,V1399,low,PO325051,,completed,False,
CASE-00487,INV-000487,Validate invoice data,2026-01-07T17:12:00,Coupa,AP Clerk,ap23,19936.93,EUR,IT,V1399,low,PO325051,,completed,False,
CASE-00487,INV-000487,Check PO exists,2026-01-07T17:30:00,SAP,System,system,19936.93,EUR,IT,V1399,low,PO325051,,completed,False,
CASE-00487,INV-000487,Run three-way match,2026-01-07T18:00:00,SAP,System,system,19936.93,EUR,IT,V1399,low,PO325051,,completed,False,
CASE-00487,INV-000487,Run duplicate invoice check,2026-01-07T18:12:00,SAP,System,system,19936.93,EUR,IT,V1399,low,PO325051,,completed,False,
CASE-00487,INV-000487,Check vendor risk,2026-01-07T18:24:00,Vendor Master Data,System,system,19936.93,EUR,IT,V1399,low,PO325051,,completed,False,
CASE-00487,INV-000487,Check approval threshold,2026-01-07T18:30:00,SAP,System,system,19936.93,EUR,IT,V1399,low,PO325051,,completed,False,
CASE-00487,INV-000487,Finance manager approval,2026-01-08T00:17:44.953988,SAP,Finance Manager,ap23,19936.93,EUR,IT,V1399,low,PO325051,,completed,False,
CASE-00487,INV-000487,Schedule payment,2026-01-08T11:06:43.268931,Payment System,System,system,19936.93,EUR,IT,V1399,low,PO325051,,completed,False,
CASE-00487,INV-000487,Send remittance notice,2026-01-08T11:12:43.268931,Payment System,System,system,19936.93,EUR,IT,V1399,low,PO325051,,completed,False,
CASE-00487,INV-000487,Invoice paid,2026-01-08T11:18:43.268931,Payment System,System,system,19936.93,EUR,IT,V1399,low,PO325051,,paid,False,
CASE-00488,INV-000488,Invoice received,2026-01-07T16:55:00,Coupa,System,system,19685.37,EUR,IT,V2427,low,PO820252,,completed,False,
CASE-00488,INV-000488,Validate invoice data,2026-01-07T17:19:00,Coupa,AP Clerk,ap09,19685.37,EUR,IT,V2427,low,PO820252,,completed,False,
CASE-00488,INV-000488,Check PO exists,2026-01-07T17:37:00,SAP,System,system,19685.37,EUR,IT,V2427,low,PO820252,,completed,False,
CASE-00488,INV-000488,Run three-way match,2026-01-07T18:07:00,SAP,System,system,19685.37,EUR,IT,V2427,low,PO820252,,completed,False,
CASE-00488,INV-000488,Run duplicate invoice check,2026-01-07T18:19:00,SAP,System,system,19685.37,EUR,IT,V2427,low,PO820252,,completed,False,
CASE-00488,INV-000488,Check vendor risk,2026-01-07T18:31:00,Vendor Master Data,System,system,19685.37,EUR,IT,V2427,low,PO820252,,completed,False,
CASE-00488,INV-000488,Check approval threshold,2026-01-07T18:37:00,SAP,System,system,19685.37,EUR,IT,V2427,low,PO820252,,completed,False,
CASE-00488,INV-000488,Finance manager approval,2026-01-09T01:10:11.825289,SAP,Finance Manager,ap09,19685.37,EUR,IT,V2427,low,PO820252,,completed,False,
CASE-00488,INV-000488,Schedule payment,2026-01-09T10:26:48.565214,Payment System,System,system,19685.37,EUR,IT,V2427,low,PO820252,,completed,False,
CASE-00488,INV-000488,Send remittance notice,2026-01-09T10:32:48.565214,Payment System,System,system,19685.37,EUR,IT,V2427,low,PO820252,,completed,False,
CASE-00488,INV-000488,Invoice paid,2026-01-09T10:38:48.565214,Payment System,System,system,19685.37,EUR,IT,V2427,low,PO820252,,paid,False,
CASE-00489,INV-000489,Invoice received,2026-01-07T17:02:00,Coupa,System,system,4262.84,EUR,IT,V7715,low,PO761726,,completed,False,
CASE-00489,INV-000489,Validate invoice data,2026-01-07T17:26:00,Coupa,AP Clerk,ap13,4262.84,EUR,IT,V7715,low,PO761726,,completed,False,
CASE-00489,INV-000489,Check PO exists,2026-01-07T17:44:00,SAP,System,system,4262.84,EUR,IT,V7715,low,PO761726,,completed,False,
CASE-00489,INV-000489,Run three-way match,2026-01-07T18:14:00,SAP,System,system,4262.84,EUR,IT,V7715,low,PO761726,,completed,False,
CASE-00489,INV-000489,Classify exception,2026-01-07T18:26:00,ServiceNow,AP Clerk,ap13,4262.84,EUR,IT,V7715,low,PO761726,price_mismatch,completed,False,
CASE-00489,INV-000489,Create price mismatch ticket,2026-01-07T18:38:00,ServiceNow,System,system,4262.84,EUR,IT,V7715,low,PO761726,price_mismatch,completed,False,
CASE-00489,INV-000489,AP review price mismatch,2026-01-08T22:55:24.168630,ServiceNow,AP Clerk,ap13,4262.84,EUR,IT,V7715,low,PO761726,price_mismatch,completed,False,
CASE-00489,INV-000489,Excel Price Correction,2026-01-09T04:32:29.568213,Email and Excel,AP Clerk,ap13,4262.84,EUR,IT,V7715,low,PO761726,price_mismatch,completed,True,Excel Price Correction
CASE-00489,INV-000489,Correction for price mismatch,2026-01-09T15:11:40.019180,SAP,Procurement Specialist,ap13,4262.84,EUR,IT,V7715,low,PO761726,price_mismatch,completed,False,
CASE-00489,INV-000489,Run three-way match,2026-01-09T15:35:40.019180,SAP,System,system,4262.84,EUR,IT,V7715,low,PO761726,price_mismatch,completed,False,
CASE-00489,INV-000489,Run duplicate invoice check,2026-01-09T15:47:40.019180,SAP,System,system,4262.84,EUR,IT,V7715,low,PO761726,,completed,False,
CASE-00489,INV-000489,Check vendor risk,2026-01-09T15:59:40.019180,Vendor Master Data,System,system,4262.84,EUR,IT,V7715,low,PO761726,,completed,False,
CASE-00489,INV-000489,Check approval threshold,2026-01-09T16:05:40.019180,SAP,System,system,4262.84,EUR,IT,V7715,low,PO761726,,completed,False,
CASE-00489,INV-000489,Auto approve for payment scheduling,2026-01-09T16:11:40.019180,SAP,System,system,4262.84,EUR,IT,V7715,low,PO761726,,completed,False,
CASE-00489,INV-000489,Schedule payment,2026-01-09T23:25:48.223779,Payment System,System,system,4262.84,EUR,IT,V7715,low,PO761726,,completed,False,
CASE-00489,INV-000489,Send remittance notice,2026-01-09T23:31:48.223779,Payment System,System,system,4262.84,EUR,IT,V7715,low,PO761726,,completed,False,
CASE-00489,INV-000489,Invoice paid,2026-01-09T23:37:48.223779,Payment System,System,system,4262.84,EUR,IT,V7715,low,PO761726,,paid,False,
CASE-00490,INV-000490,Invoice received,2026-01-07T17:09:00,Coupa,System,system,12820.68,EUR,FR,V3765,low,PO331015,,completed,False,
CASE-00490,INV-000490,Validate invoice data,2026-01-07T17:33:00,Coupa,AP Clerk,ap19,12820.68,EUR,FR,V3765,low,PO331015,,completed,False,
CASE-00490,INV-000490,Check PO exists,2026-01-07T17:51:00,SAP,System,system,12820.68,EUR,FR,V3765,low,PO331015,,completed,False,
CASE-00490,INV-000490,Run three-way match,2026-01-07T18:21:00,SAP,System,system,12820.68,EUR,FR,V3765,low,PO331015,,completed,False,
CASE-00490,INV-000490,Run duplicate invoice check,2026-01-07T18:33:00,SAP,System,system,12820.68,EUR,FR,V3765,low,PO331015,,completed,False,
CASE-00490,INV-000490,Check vendor risk,2026-01-07T18:45:00,Vendor Master Data,System,system,12820.68,EUR,FR,V3765,low,PO331015,,completed,False,
CASE-00490,INV-000490,Check approval threshold,2026-01-07T18:51:00,SAP,System,system,12820.68,EUR,FR,V3765,low,PO331015,,completed,False,
CASE-00490,INV-000490,Finance manager approval,2026-01-08T06:49:15.860433,SAP,Finance Manager,ap19,12820.68,EUR,FR,V3765,low,PO331015,,completed,False,
CASE-00490,INV-000490,Schedule payment,2026-01-08T18:33:14.467982,Payment System,System,system,12820.68,EUR,FR,V3765,low,PO331015,,completed,False,
CASE-00490,INV-000490,Send remittance notice,2026-01-08T18:39:14.467982,Payment System,System,system,12820.68,EUR,FR,V3765,low,PO331015,,completed,False,
CASE-00490,INV-000490,Invoice paid,2026-01-08T18:45:14.467982,Payment System,System,system,12820.68,EUR,FR,V3765,low,PO331015,,paid,False,
CASE-00491,INV-000491,Invoice received,2026-01-07T17:16:00,Coupa,System,system,13137.1,EUR,IT,V9100,low,PO996182,,completed,False,
CASE-00491,INV-000491,Validate invoice data,2026-01-07T17:40:00,Coupa,AP Clerk,ap15,13137.1,EUR,IT,V9100,low,PO996182,,completed,False,
CASE-00491,INV-000491,Check PO exists,2026-01-07T17:58:00,SAP,System,system,13137.1,EUR,IT,V9100,low,PO996182,,completed,False,
CASE-00491,INV-000491,Run three-way match,2026-01-07T18:28:00,SAP,System,system,13137.1,EUR,IT,V9100,low,PO996182,,completed,False,
CASE-00491,INV-000491,Classify exception,2026-01-07T18:40:00,ServiceNow,AP Clerk,ap15,13137.1,EUR,IT,V9100,low,PO996182,price_mismatch,completed,False,
CASE-00491,INV-000491,Create price mismatch ticket,2026-01-07T18:52:00,ServiceNow,System,system,13137.1,EUR,IT,V9100,low,PO996182,price_mismatch,completed,False,
CASE-00491,INV-000491,AP review price mismatch,2026-01-10T08:04:18.333042,ServiceNow,AP Clerk,ap15,13137.1,EUR,IT,V9100,low,PO996182,price_mismatch,completed,False,
CASE-00491,INV-000491,Correction for price mismatch,2026-01-11T04:29:50.286963,SAP,Procurement Specialist,ap15,13137.1,EUR,IT,V9100,low,PO996182,price_mismatch,completed,False,
CASE-00491,INV-000491,Run three-way match,2026-01-11T04:53:50.286963,SAP,System,system,13137.1,EUR,IT,V9100,low,PO996182,price_mismatch,completed,False,
CASE-00491,INV-000491,Run duplicate invoice check,2026-01-11T05:05:50.286963,SAP,System,system,13137.1,EUR,IT,V9100,low,PO996182,,completed,False,
CASE-00491,INV-000491,Check vendor risk,2026-01-11T05:17:50.286963,Vendor Master Data,System,system,13137.1,EUR,IT,V9100,low,PO996182,,completed,False,
CASE-00491,INV-000491,Check approval threshold,2026-01-11T05:23:50.286963,SAP,System,system,13137.1,EUR,IT,V9100,low,PO996182,,completed,False,
CASE-00491,INV-000491,Finance manager approval,2026-01-12T17:53:32.137499,SAP,Finance Manager,ap15,13137.1,EUR,IT,V9100,low,PO996182,,completed,False,
CASE-00491,INV-000491,Schedule payment,2026-01-13T05:09:02.194381,Payment System,System,system,13137.1,EUR,IT,V9100,low,PO996182,,completed,False,
CASE-00491,INV-000491,Send remittance notice,2026-01-13T05:15:02.194381,Payment System,System,system,13137.1,EUR,IT,V9100,low,PO996182,,completed,False,
CASE-00491,INV-000491,Invoice paid,2026-01-13T05:21:02.194381,Payment System,System,system,13137.1,EUR,IT,V9100,low,PO996182,,paid,False,
CASE-00492,INV-000492,Invoice received,2026-01-07T17:23:00,Coupa,System,system,8064.21,EUR,DE,V5766,low,PO363257,,completed,False,
CASE-00492,INV-000492,Validate invoice data,2026-01-07T17:47:00,Coupa,AP Clerk,ap19,8064.21,EUR,DE,V5766,low,PO363257,,completed,False,
CASE-00492,INV-000492,Check PO exists,2026-01-07T18:05:00,SAP,System,system,8064.21,EUR,DE,V5766,low,PO363257,,completed,False,
CASE-00492,INV-000492,Run three-way match,2026-01-07T18:35:00,SAP,System,system,8064.21,EUR,DE,V5766,low,PO363257,,completed,False,
CASE-00492,INV-000492,Run duplicate invoice check,2026-01-07T18:47:00,SAP,System,system,8064.21,EUR,DE,V5766,low,PO363257,,completed,False,
CASE-00492,INV-000492,Check vendor risk,2026-01-07T18:59:00,Vendor Master Data,System,system,8064.21,EUR,DE,V5766,low,PO363257,,completed,False,
CASE-00492,INV-000492,Check approval threshold,2026-01-07T19:05:00,SAP,System,system,8064.21,EUR,DE,V5766,low,PO363257,,completed,False,
CASE-00492,INV-000492,Auto approve for payment scheduling,2026-01-07T19:11:00,SAP,System,system,8064.21,EUR,DE,V5766,low,PO363257,,completed,False,
CASE-00492,INV-000492,Schedule payment,2026-01-08T01:06:50.581656,Payment System,System,system,8064.21,EUR,DE,V5766,low,PO363257,,completed,False,
CASE-00492,INV-000492,Send remittance notice,2026-01-08T01:12:50.581656,Payment System,System,system,8064.21,EUR,DE,V5766,low,PO363257,,completed,False,
CASE-00492,INV-000492,Invoice paid,2026-01-08T01:18:50.581656,Payment System,System,system,8064.21,EUR,DE,V5766,low,PO363257,,paid,False,
CASE-00493,INV-000493,Invoice received,2026-01-07T17:30:00,Coupa,System,system,13844.97,EUR,NL,V6776,low,PO448236,,completed,False,
CASE-00493,INV-000493,Validate invoice data,2026-01-07T17:54:00,Coupa,AP Clerk,ap17,13844.97,EUR,NL,V6776,low,PO448236,,completed,False,
CASE-00493,INV-000493,Manual Email Review,2026-01-08T19:44:39.550856,Email and Excel,AP Clerk,ap17,13844.97,EUR,NL,V6776,low,PO448236,,completed,True,Manual Email Review
CASE-00493,INV-000493,Check PO exists,2026-01-08T20:02:39.550856,SAP,System,system,13844.97,EUR,NL,V6776,low,PO448236,,completed,False,
CASE-00493,INV-000493,Run three-way match,2026-01-08T20:32:39.550856,SAP,System,system,13844.97,EUR,NL,V6776,low,PO448236,,completed,False,
CASE-00493,INV-000493,Run duplicate invoice check,2026-01-08T20:44:39.550856,SAP,System,system,13844.97,EUR,NL,V6776,low,PO448236,,completed,False,
CASE-00493,INV-000493,Check vendor risk,2026-01-08T20:56:39.550856,Vendor Master Data,System,system,13844.97,EUR,NL,V6776,low,PO448236,,completed,False,
CASE-00493,INV-000493,Check approval threshold,2026-01-08T21:02:39.550856,SAP,System,system,13844.97,EUR,NL,V6776,low,PO448236,,completed,False,
CASE-00493,INV-000493,Finance manager approval,2026-01-10T14:48:27.491788,SAP,Finance Manager,ap17,13844.97,EUR,NL,V6776,low,PO448236,,completed,False,
CASE-00493,INV-000493,Schedule payment,2026-01-11T00:23:09.479808,Payment System,System,system,13844.97,EUR,NL,V6776,low,PO448236,,completed,False,
CASE-00493,INV-000493,Send remittance notice,2026-01-11T00:29:09.479808,Payment System,System,system,13844.97,EUR,NL,V6776,low,PO448236,,completed,False,
CASE-00493,INV-000493,Invoice paid,2026-01-11T00:35:09.479808,Payment System,System,system,13844.97,EUR,NL,V6776,low,PO448236,,paid,False,
CASE-00494,INV-000494,Invoice received,2026-01-07T17:37:00,Coupa,System,system,322.64,EUR,IT,V9362,high,PO805939,,completed,False,
CASE-00494,INV-000494,Validate invoice data,2026-01-07T18:01:00,Coupa,AP Clerk,ap13,322.64,EUR,IT,V9362,high,PO805939,,completed,False,
CASE-00494,INV-000494,Check PO exists,2026-01-07T18:19:00,SAP,System,system,322.64,EUR,IT,V9362,high,PO805939,,completed,False,
CASE-00494,INV-000494,Create missing PO exception,2026-01-07T18:31:00,ServiceNow,System,system,322.64,EUR,IT,V9362,high,PO805939,missing_po,completed,False,
CASE-00494,INV-000494,AP review missing PO,2026-01-11T15:36:24.130543,ServiceNow,AP Clerk,ap13,322.64,EUR,IT,V9362,high,PO805939,missing_po,completed,False,
CASE-00494,INV-000494,Procurement correction,2026-01-13T11:32:19.001988,SAP,Procurement Specialist,ap13,322.64,EUR,IT,V9362,high,PO805939,missing_po,completed,False,
CASE-00494,INV-000494,Check PO exists,2026-01-13T11:44:19.001988,SAP,System,system,322.64,EUR,IT,V9362,high,PO805939,missing_po,completed,False,
CASE-00494,INV-000494,Run three-way match,2026-01-13T12:14:19.001988,SAP,System,system,322.64,EUR,IT,V9362,high,PO805939,,completed,False,
CASE-00494,INV-000494,Run duplicate invoice check,2026-01-13T12:26:19.001988,SAP,System,system,322.64,EUR,IT,V9362,high,PO805939,,completed,False,
CASE-00494,INV-000494,Check vendor risk,2026-01-13T12:38:19.001988,Vendor Master Data,System,system,322.64,EUR,IT,V9362,high,PO805939,,completed,False,
CASE-00494,INV-000494,Compliance review,2026-01-15T12:58:49.347199,Vendor Master Data,Compliance Officer,ap13,322.64,EUR,IT,V9362,high,PO805939,,completed,False,
CASE-00494,INV-000494,Check approval threshold,2026-01-15T13:04:49.347199,SAP,System,system,322.64,EUR,IT,V9362,high,PO805939,,completed,False,
CASE-00494,INV-000494,Auto approve for payment scheduling,2026-01-15T13:10:49.347199,SAP,System,system,322.64,EUR,IT,V9362,high,PO805939,,completed,False,
CASE-00494,INV-000494,Schedule payment,2026-01-15T17:23:35.660334,Payment System,System,system,322.64,EUR,IT,V9362,high,PO805939,,completed,False,
CASE-00494,INV-000494,Send remittance notice,2026-01-15T17:29:35.660334,Payment System,System,system,322.64,EUR,IT,V9362,high,PO805939,,completed,False,
CASE-00494,INV-000494,Invoice paid,2026-01-15T17:35:35.660334,Payment System,System,system,322.64,EUR,IT,V9362,high,PO805939,,paid,False,
CASE-00495,INV-000495,Invoice received,2026-01-07T17:44:00,Coupa,System,system,12766.17,EUR,ES,V8543,low,PO601461,,completed,False,
CASE-00495,INV-000495,Validate invoice data,2026-01-07T18:08:00,Coupa,AP Clerk,ap23,12766.17,EUR,ES,V8543,low,PO601461,,completed,False,
CASE-00495,INV-000495,Check PO exists,2026-01-07T18:26:00,SAP,System,system,12766.17,EUR,ES,V8543,low,PO601461,,completed,False,
CASE-00495,INV-000495,Run three-way match,2026-01-07T18:56:00,SAP,System,system,12766.17,EUR,ES,V8543,low,PO601461,,completed,False,
CASE-00495,INV-000495,Run duplicate invoice check,2026-01-07T19:08:00,SAP,System,system,12766.17,EUR,ES,V8543,low,PO601461,,completed,False,
CASE-00495,INV-000495,Check vendor risk,2026-01-07T19:20:00,Vendor Master Data,System,system,12766.17,EUR,ES,V8543,low,PO601461,,completed,False,
CASE-00495,INV-000495,Check approval threshold,2026-01-07T19:26:00,SAP,System,system,12766.17,EUR,ES,V8543,low,PO601461,,completed,False,
CASE-00495,INV-000495,Finance manager approval,2026-01-08T02:50:01.744653,SAP,Finance Manager,ap23,12766.17,EUR,ES,V8543,low,PO601461,,completed,False,
CASE-00495,INV-000495,Schedule payment,2026-01-08T10:02:10.612360,Payment System,System,system,12766.17,EUR,ES,V8543,low,PO601461,,completed,False,
CASE-00495,INV-000495,Send remittance notice,2026-01-08T10:08:10.612360,Payment System,System,system,12766.17,EUR,ES,V8543,low,PO601461,,completed,False,
CASE-00495,INV-000495,Invoice paid,2026-01-08T10:14:10.612360,Payment System,System,system,12766.17,EUR,ES,V8543,low,PO601461,,paid,False,
CASE-00496,INV-000496,Invoice received,2026-01-07T17:51:00,Coupa,System,system,21655.55,EUR,DE,V2875,medium,PO623757,,completed,False,
CASE-00496,INV-000496,Validate invoice data,2026-01-07T18:15:00,Coupa,AP Clerk,ap07,21655.55,EUR,DE,V2875,medium,PO623757,,completed,False,
CASE-00496,INV-000496,Check PO exists,2026-01-07T18:33:00,SAP,System,system,21655.55,EUR,DE,V2875,medium,PO623757,,completed,False,
CASE-00496,INV-000496,Run three-way match,2026-01-07T19:03:00,SAP,System,system,21655.55,EUR,DE,V2875,medium,PO623757,,completed,False,
CASE-00496,INV-000496,Run duplicate invoice check,2026-01-07T19:15:00,SAP,System,system,21655.55,EUR,DE,V2875,medium,PO623757,,completed,False,
CASE-00496,INV-000496,Check vendor risk,2026-01-07T19:27:00,Vendor Master Data,System,system,21655.55,EUR,DE,V2875,medium,PO623757,,completed,False,
CASE-00496,INV-000496,Check approval threshold,2026-01-07T19:33:00,SAP,System,system,21655.55,EUR,DE,V2875,medium,PO623757,,completed,False,
CASE-00496,INV-000496,Finance manager approval,2026-01-08T16:46:45.661706,SAP,Finance Manager,ap07,21655.55,EUR,DE,V2875,medium,PO623757,,completed,False,
CASE-00496,INV-000496,Schedule payment,2026-01-09T02:35:08.881367,Payment System,System,system,21655.55,EUR,DE,V2875,medium,PO623757,,completed,False,
CASE-00496,INV-000496,Send remittance notice,2026-01-09T02:41:08.881367,Payment System,System,system,21655.55,EUR,DE,V2875,medium,PO623757,,completed,False,
CASE-00496,INV-000496,Invoice paid,2026-01-09T02:47:08.881367,Payment System,System,system,21655.55,EUR,DE,V2875,medium,PO623757,,paid,False,
CASE-00497,INV-000497,Invoice received,2026-01-07T17:58:00,Coupa,System,system,21253.06,EUR,ES,V3528,low,PO961210,,completed,False,
CASE-00497,INV-000497,Validate invoice data,2026-01-07T18:22:00,Coupa,AP Clerk,ap19,21253.06,EUR,ES,V3528,low,PO961210,,completed,False,
CASE-00497,INV-000497,Check PO exists,2026-01-07T18:40:00,SAP,System,system,21253.06,EUR,ES,V3528,low,PO961210,,completed,False,
CASE-00497,INV-000497,Run three-way match,2026-01-07T19:10:00,SAP,System,system,21253.06,EUR,ES,V3528,low,PO961210,,completed,False,
CASE-00497,INV-000497,Run duplicate invoice check,2026-01-07T19:22:00,SAP,System,system,21253.06,EUR,ES,V3528,low,PO961210,,completed,False,
CASE-00497,INV-000497,Block invoice,2026-01-07T19:28:00,SAP,System,system,21253.06,EUR,ES,V3528,low,PO961210,duplicate,completed,False,
CASE-00497,INV-000497,Finance controller review,2026-01-08T19:16:53.909229,SAP,Finance Controller,ap19,21253.06,EUR,ES,V3528,low,PO961210,duplicate,completed,False,
CASE-00497,INV-000497,Invoice rejected,2026-01-08T19:22:53.909229,SAP,System,system,21253.06,EUR,ES,V3528,low,PO961210,duplicate,rejected,False,
CASE-00498,INV-000498,Invoice received,2026-01-07T18:05:00,Coupa,System,system,21737.87,EUR,IT,V3534,low,PO983190,,completed,False,
CASE-00498,INV-000498,Validate invoice data,2026-01-07T18:29:00,Coupa,AP Clerk,ap04,21737.87,EUR,IT,V3534,low,PO983190,,completed,False,
CASE-00498,INV-000498,Manual Email Review,2026-01-08T14:13:14.904412,Email and Excel,AP Clerk,ap04,21737.87,EUR,IT,V3534,low,PO983190,,completed,True,Manual Email Review
CASE-00498,INV-000498,Check PO exists,2026-01-08T14:31:14.904412,SAP,System,system,21737.87,EUR,IT,V3534,low,PO983190,,completed,False,
CASE-00498,INV-000498,Run three-way match,2026-01-08T15:01:14.904412,SAP,System,system,21737.87,EUR,IT,V3534,low,PO983190,,completed,False,
CASE-00498,INV-000498,Run duplicate invoice check,2026-01-08T15:13:14.904412,SAP,System,system,21737.87,EUR,IT,V3534,low,PO983190,,completed,False,
CASE-00498,INV-000498,Check vendor risk,2026-01-08T15:25:14.904412,Vendor Master Data,System,system,21737.87,EUR,IT,V3534,low,PO983190,,completed,False,
CASE-00498,INV-000498,Check approval threshold,2026-01-08T15:31:14.904412,SAP,System,system,21737.87,EUR,IT,V3534,low,PO983190,,completed,False,
CASE-00498,INV-000498,Finance manager approval,2026-01-10T12:53:37.641017,SAP,Finance Manager,ap04,21737.87,EUR,IT,V3534,low,PO983190,,completed,False,
CASE-00498,INV-000498,Schedule payment,2026-01-10T21:43:03.592462,Payment System,System,system,21737.87,EUR,IT,V3534,low,PO983190,,completed,False,
CASE-00498,INV-000498,Send remittance notice,2026-01-10T21:49:03.592462,Payment System,System,system,21737.87,EUR,IT,V3534,low,PO983190,,completed,False,
CASE-00498,INV-000498,Invoice paid,2026-01-10T21:55:03.592462,Payment System,System,system,21737.87,EUR,IT,V3534,low,PO983190,,paid,False,
CASE-00499,INV-000499,Invoice received,2026-01-07T18:12:00,Coupa,System,system,24793.32,EUR,FR,V6912,medium,PO777513,,completed,False,
CASE-00499,INV-000499,Validate invoice data,2026-01-07T18:36:00,Coupa,AP Clerk,ap13,24793.32,EUR,FR,V6912,medium,PO777513,,completed,False,
CASE-00499,INV-000499,Check PO exists,2026-01-07T18:54:00,SAP,System,system,24793.32,EUR,FR,V6912,medium,PO777513,,completed,False,
CASE-00499,INV-000499,Run three-way match,2026-01-07T19:24:00,SAP,System,system,24793.32,EUR,FR,V6912,medium,PO777513,,completed,False,
CASE-00499,INV-000499,Classify exception,2026-01-07T19:36:00,ServiceNow,AP Clerk,ap13,24793.32,EUR,FR,V6912,medium,PO777513,quantity_mismatch,completed,False,
CASE-00499,INV-000499,Create quantity mismatch ticket,2026-01-07T19:48:00,ServiceNow,System,system,24793.32,EUR,FR,V6912,medium,PO777513,quantity_mismatch,completed,False,
CASE-00499,INV-000499,AP review quantity mismatch,2026-01-09T04:53:37.906297,ServiceNow,AP Clerk,ap13,24793.32,EUR,FR,V6912,medium,PO777513,quantity_mismatch,completed,False,
CASE-00499,INV-000499,Correction for quantity mismatch,2026-01-09T19:12:45.340427,SAP,Procurement Specialist,ap13,24793.32,EUR,FR,V6912,medium,PO777513,quantity_mismatch,completed,False,
CASE-00499,INV-000499,Run three-way match,2026-01-09T19:36:45.340427,SAP,System,system,24793.32,EUR,FR,V6912,medium,PO777513,quantity_mismatch,completed,False,
CASE-00499,INV-000499,Run duplicate invoice check,2026-01-09T19:48:45.340427,SAP,System,system,24793.32,EUR,FR,V6912,medium,PO777513,,completed,False,
CASE-00499,INV-000499,Check vendor risk,2026-01-09T20:00:45.340427,Vendor Master Data,System,system,24793.32,EUR,FR,V6912,medium,PO777513,,completed,False,
CASE-00499,INV-000499,Check approval threshold,2026-01-09T20:06:45.340427,SAP,System,system,24793.32,EUR,FR,V6912,medium,PO777513,,completed,False,
CASE-00499,INV-000499,Finance manager approval,2026-01-11T11:03:26.875164,SAP,Finance Manager,ap13,24793.32,EUR,FR,V6912,medium,PO777513,,completed,False,
CASE-00499,INV-000499,Schedule payment,2026-01-11T19:42:48.788184,Payment System,System,system,24793.32,EUR,FR,V6912,medium,PO777513,,completed,False,
CASE-00499,INV-000499,Send remittance notice,2026-01-11T19:48:48.788184,Payment System,System,system,24793.32,EUR,FR,V6912,medium,PO777513,,completed,False,
CASE-00499,INV-000499,Invoice paid,2026-01-11T19:54:48.788184,Payment System,System,system,24793.32,EUR,FR,V6912,medium,PO777513,,paid,False,
CASE-00500,INV-000500,Invoice received,2026-01-07T18:19:00,Coupa,System,system,19227.5,EUR,FR,V9626,medium,PO222855,,completed,False,
CASE-00500,INV-000500,Validate invoice data,2026-01-07T18:43:00,Coupa,AP Clerk,ap10,19227.5,EUR,FR,V9626,medium,PO222855,,completed,False,
CASE-00500,INV-000500,Manual Email Review,2026-01-08T22:51:46.810633,Email and Excel,AP Clerk,ap10,19227.5,EUR,FR,V9626,medium,PO222855,,completed,True,Manual Email Review
CASE-00500,INV-000500,Check PO exists,2026-01-08T23:09:46.810633,SAP,System,system,19227.5,EUR,FR,V9626,medium,PO222855,,completed,False,
CASE-00500,INV-000500,Run three-way match,2026-01-08T23:39:46.810633,SAP,System,system,19227.5,EUR,FR,V9626,medium,PO222855,,completed,False,
CASE-00500,INV-000500,Run duplicate invoice check,2026-01-08T23:51:46.810633,SAP,System,system,19227.5,EUR,FR,V9626,medium,PO222855,,completed,False,
CASE-00500,INV-000500,Check vendor risk,2026-01-09T00:03:46.810633,Vendor Master Data,System,system,19227.5,EUR,FR,V9626,medium,PO222855,,completed,False,
CASE-00500,INV-000500,Check approval threshold,2026-01-09T00:09:46.810633,SAP,System,system,19227.5,EUR,FR,V9626,medium,PO222855,,completed,False,
CASE-00500,INV-000500,Finance manager approval,2026-01-10T15:50:56.417185,SAP,Finance Manager,ap10,19227.5,EUR,FR,V9626,medium,PO222855,,completed,False,
CASE-00500,INV-000500,Schedule payment,2026-01-10T22:03:26.884313,Payment System,System,system,19227.5,EUR,FR,V9626,medium,PO222855,,completed,False,
CASE-00500,INV-000500,Send remittance notice,2026-01-10T22:09:26.884313,Payment System,System,system,19227.5,EUR,FR,V9626,medium,PO222855,,completed,False,
CASE-00500,INV-000500,Invoice paid,2026-01-10T22:15:26.884313,Payment System,System,system,19227.5,EUR,FR,V9626,medium,PO222855,,paid,False,
