case_id,invoice_id,activity,timestamp,system,role,user_id,invoice_amount,currency,country,vendor_id,vendor_risk,po_number,exception_type,status,is_hidden_step,hidden_issue_type
CASE-00001,INV-000001,Invoice received,2026-01-05T08:06:00,Coupa,System,system,16075.81,EUR,ES,V5012,low,PO334053,,completed,False,
CASE-00001,INV-000001,Validate invoice data,2026-01-05T08:30:00,Coupa,AP Clerk,ap05,16075.81,EUR,ES,V5012,low,PO334053,,completed,False,
CASE-00001,INV-000001,Check PO exists,2026-01-05T08:48:00,SAP,System,system,16075.81,EUR,ES,V5012,low,PO334053,,completed,False,
CASE-00001,INV-000001,Run three-way match,2026-01-05T09:18:00,SAP,System,system,16075.81,EUR,ES,V5012,low,PO334053,,completed,False,
CASE-00001,INV-000001,Run duplicate invoice check,2026-01-05T09:30:00,SAP,System,system,16075.81,EUR,ES,V5012,low,PO334053,,completed,False,
CASE-00001,INV-000001,Check vendor risk,2026-01-05T09:42:00,Vendor Master Data,System,system,16075.81,EUR,ES,V5012,low,PO334053,,completed,False,
CASE-00001,INV-000001,Check approval threshold,2026-01-05T09:48:00,SAP,System,system,16075.81,EUR,ES,V5012,low,PO334053,,completed,False,
CASE-00001,INV-000001,Finance manager approval,2026-01-05T23:25:12.255209,SAP,Finance Manager,ap05,16075.81,EUR,ES,V5012,low,PO334053,,completed,False,
CASE-00001,INV-000001,Schedule payment,2026-01-06T07:27:46.487506,Payment System,System,system,16075.81,EUR,ES,V5012,low,PO334053,,completed,False,
CASE-00001,INV-000001,Send remittance notice,2026-01-06T07:33:46.487506,Payment System,System,system,16075.81,EUR,ES,V5012,low,PO334053,,completed,False,
CASE-00001,INV-000001,Invoice paid,2026-01-06T07:39:46.487506,Payment System,System,system,16075.81,EUR,ES,V5012,low,PO334053,,paid,False,
CASE-00002,INV-000002,Invoice received,2026-01-05T08:13:00,Coupa,System,system,906.77,EUR,IT,V7873,low,PO331148,,completed,False,
CASE-00002,INV-000002,Validate invoice data,2026-01-05T08:37:00,Coupa,AP Clerk,ap15,906.77,EUR,IT,V7873,low,PO331148,,completed,False,
CASE-00002,INV-000002,Check PO exists,2026-01-05T08:55:00,SAP,System,system,906.77,EUR,IT,V7873,low,PO331148,,completed,False,
CASE-00002,INV-000002,Run three-way match,2026-01-05T09:25:00,SAP,System,system,906.77,EUR,IT,V7873,low,PO331148,,completed,False,
CASE-00002,INV-000002,Run duplicate invoice check,2026-01-05T09:37:00,SAP,System,system,906.77,EUR,IT,V7873,low,PO331148,,completed,False,
CASE-00002,INV-000002,Check vendor risk,2026-01-05T09:49:00,Vendor Master Data,System,system,906.77,EUR,IT,V7873,low,PO331148,,completed,False,
CASE-00002,INV-000002,Check approval threshold,2026-01-05T09:55:00,SAP,System,system,906.77,EUR,IT,V7873,low,PO331148,,completed,False,
CASE-00002,INV-000002,Auto approve for payment scheduling,2026-01-05T10:01:00,SAP,System,system,906.77,EUR,IT,V7873,low,PO331148,,completed,False,
CASE-00002,INV-000002,Schedule payment,2026-01-05T15:15:37.809595,Payment System,System,system,906.77,EUR,IT,V7873,low,PO331148,,completed,False,
CASE-00002,INV-000002,Send remittance notice,2026-01-05T15:21:37.809595,Payment System,System,system,906.77,EUR,IT,V7873,low,PO331148,,completed,False,
CASE-00002,INV-000002,Invoice paid,2026-01-05T15:27:37.809595,Payment System,System,system,906.77,EUR,IT,V7873,low,PO331148,,paid,False,
CASE-00003,INV-000003,Invoice received,2026-01-05T08:20:00,Coupa,System,system,23941.02,EUR,DE,V7224,low,PO201414,,completed,False,
CASE-00003,INV-000003,Validate invoice data,2026-01-05T08:44:00,Coupa,AP Clerk,ap12,23941.02,EUR,DE,V7224,low,PO201414,,completed,False,
CASE-00003,INV-000003,Check PO exists,2026-01-05T09:02:00,SAP,System,system,23941.02,EUR,DE,V7224,low,PO201414,,completed,False,
CASE-00003,INV-000003,Run three-way match,2026-01-05T09:32:00,SAP,System,system,23941.02,EUR,DE,V7224,low,PO201414,,completed,False,
CASE-00003,INV-000003,Run duplicate invoice check,2026-01-05T09:44:00,SAP,System,system,23941.02,EUR,DE,V7224,low,PO201414,,completed,False,
CASE-00003,INV-000003,Check vendor risk,2026-01-05T09:56:00,Vendor Master Data,System,system,23941.02,EUR,DE,V7224,low,PO201414,,completed,False,
CASE-00003,INV-000003,Check approval threshold,2026-01-05T10:02:00,SAP,System,system,23941.02,EUR,DE,V7224,low,PO201414,,completed,False,
CASE-00003,INV-000003,Finance manager approval,2026-01-06T06:41:19.845350,SAP,Finance Manager,ap12,23941.02,EUR,DE,V7224,low,PO201414,,completed,False,
CASE-00003,INV-000003,Schedule payment,2026-01-06T15:06:18.615531,Payment System,System,system,23941.02,EUR,DE,V7224,low,PO201414,,completed,False,
CASE-00003,INV-000003,Send remittance notice,2026-01-06T15:12:18.615531,Payment System,System,system,23941.02,EUR,DE,V7224,low,PO201414,,completed,False,
CASE-00003,INV-000003,Invoice paid,2026-01-06T15:18:18.615531,Payment System,System,system,23941.02,EUR,DE,V7224,low,PO201414,,paid,False,
CASE-00004,INV-000004,Invoice received,2026-01-05T08:27:00,Coupa,System,system,20777.77,EUR,ES,V4150,low,PO838797,,completed,False,
CASE-00004,INV-000004,Validate invoice data,2026-01-05T08:51:00,Coupa,AP Clerk,ap03,20777.77,EUR,ES,V4150,low,PO838797,,completed,False,
CASE-00004,INV-000004,Check PO exists,2026-01-05T09:09:00,SAP,System,system,20777.77,EUR,ES,V4150,low,PO838797,,completed,False,
CASE-00004,INV-000004,Run three-way match,2026-01-05T09:39:00,SAP,System,system,20777.77,EUR,ES,V4150,low,PO838797,,completed,False,
CASE-00004,INV-000004,Classify exception,2026-01-05T09:51:00,ServiceNow,AP Clerk,ap03,20777.77,EUR,ES,V4150,low,PO838797,price_mismatch,completed,False,
CASE-00004,INV-000004,Create price mismatch ticket,2026-01-05T10:03:00,ServiceNow,System,system,20777.77,EUR,ES,V4150,low,PO838797,price_mismatch,completed,False,
CASE-00004,INV-000004,AP review price mismatch,2026-01-07T12:44:07.677235,ServiceNow,AP Clerk,ap03,20777.77,EUR,ES,V4150,low,PO838797,price_mismatch,completed,False,
CASE-00004,INV-000004,Correction for price mismatch,2026-01-08T05:26:56.957222,SAP,Procurement Specialist,ap03,20777.77,EUR,ES,V4150,low,PO838797,price_mismatch,completed,False,
CASE-00004,INV-000004,Run three-way match,2026-01-08T05:50:56.957222,SAP,System,system,20777.77,EUR,ES,V4150,low,PO838797,price_mismatch,completed,False,
CASE-00004,INV-000004,Run duplicate invoice check,2026-01-08T06:02:56.957222,SAP,System,system,20777.77,EUR,ES,V4150,low,PO838797,,completed,False,
CASE-00004,INV-000004,Check vendor risk,2026-01-08T06:14:56.957222,Vendor Master Data,System,system,20777.77,EUR,ES,V4150,low,PO838797,,completed,False,
CASE-00004,INV-000004,Check approval threshold,2026-01-08T06:20:56.957222,SAP,System,system,20777.77,EUR,ES,V4150,low,PO838797,,completed,False,
CASE-00004,INV-000004,Finance manager approval,2026-01-09T02:24:06.374371,SAP,Finance Manager,ap03,20777.77,EUR,ES,V4150,low,PO838797,,completed,False,
CASE-00004,INV-000004,Schedule payment,2026-01-09T09:21:47.586224,Payment System,System,system,20777.77,EUR,ES,V4150,low,PO838797,,completed,False,
CASE-00004,INV-000004,Send remittance notice,2026-01-09T09:27:47.586224,Payment System,System,system,20777.77,EUR,ES,V4150,low,PO838797,,completed,False,
CASE-00004,INV-000004,Invoice paid,2026-01-09T09:33:47.586224,Payment System,System,system,20777.77,EUR,ES,V4150,low,PO838797,,paid,False,
CASE-00005,INV-000005,Invoice received,2026-01-05T08:34:00,Coupa,System,system,5435.3,EUR,DE,V3803,low,PO660086,,completed,False,
CASE-00005,INV-000005,Validate invoice data,2026-01-05T08:58:00,Coupa,AP Clerk,ap24,5435.3,EUR,DE,V3803,low,PO660086,,completed,False,
CASE-00005,INV-000005,Check PO exists,2026-01-05T09:16:00,SAP,System,system,5435.3,EUR,DE,V3803,low,PO660086,,completed,False,
CASE-00005,INV-000005,Run three-way match,2026-01-05T09:46:00,SAP,System,system,5435.3,EUR,DE,V3803,low,PO660086,,completed,False,
CASE-00005,INV-000005,Classify exception,2026-01-05T09:58:00,ServiceNow,AP Clerk,ap24,5435.3,EUR,DE,V3803,low,PO660086,quantity_mismatch,completed,False,
CASE-00005,INV-000005,Create quantity mismatch ticket,2026-01-05T10:10:00,ServiceNow,System,system,5435.3,EUR,DE,V3803,low,PO660086,quantity_mismatch,completed,False,
CASE-00005,INV-000005,AP review quantity mismatch,2026-01-07T17:17:52.113014,ServiceNow,AP Clerk,ap24,5435.3,EUR,DE,V3803,low,PO660086,quantity_mismatch,completed,False,
CASE-00005,INV-000005,Correction for quantity mismatch,2026-01-08T12:39:50.690601,SAP,Procurement Specialist,ap24,5435.3,EUR,DE,V3803,low,PO660086,quantity_mismatch,completed,False,
CASE-00005,INV-000005,Run three-way match,2026-01-08T13:03:50.690601,SAP,System,system,5435.3,EUR,DE,V3803,low,PO660086,quantity_mismatch,completed,False,
CASE-00005,INV-000005,Run duplicate invoice check,2026-01-08T13:15:50.690601,SAP,System,system,5435.3,EUR,DE,V3803,low,PO660086,,completed,False,
CASE-00005,INV-000005,Check vendor risk,2026-01-08T13:27:50.690601,Vendor Master Data,System,system,5435.3,EUR,DE,V3803,low,PO660086,,completed,False,
CASE-00005,INV-000005,Check approval threshold,2026-01-08T13:33:50.690601,SAP,System,system,5435.3,EUR,DE,V3803,low,PO660086,,completed,False,
CASE-00005,INV-000005,Auto approve for payment scheduling,2026-01-08T13:39:50.690601,SAP,System,system,5435.3,EUR,DE,V3803,low,PO660086,,completed,False,
CASE-00005,INV-000005,Schedule payment,2026-01-08T18:06:41.703490,Payment System,System,system,5435.3,EUR,DE,V3803,low,PO660086,,completed,False,
CASE-00005,INV-000005,Send remittance notice,2026-01-08T18:12:41.703490,Payment System,System,system,5435.3,EUR,DE,V3803,low,PO660086,,completed,False,
CASE-00005,INV-000005,Invoice paid,2026-01-08T18:18:41.703490,Payment System,System,system,5435.3,EUR,DE,V3803,low,PO660086,,paid,False,
CASE-00006,INV-000006,Invoice received,2026-01-05T08:41:00,Coupa,System,system,20589.61,EUR,FR,V5386,medium,PO169403,,completed,False,
CASE-00006,INV-000006,Validate invoice data,2026-01-05T09:05:00,Coupa,AP Clerk,ap07,20589.61,EUR,FR,V5386,medium,PO169403,,completed,False,
CASE-00006,INV-000006,Check PO exists,2026-01-05T09:23:00,SAP,System,system,20589.61,EUR,FR,V5386,medium,PO169403,,completed,False,
CASE-00006,INV-000006,Run three-way match,2026-01-05T09:53:00,SAP,System,system,20589.61,EUR,FR,V5386,medium,PO169403,,completed,False,
CASE-00006,INV-000006,Run duplicate invoice check,2026-01-05T10:05:00,SAP,System,system,20589.61,EUR,FR,V5386,medium,PO169403,,completed,False,
CASE-00006,INV-000006,Check vendor risk,2026-01-05T10:17:00,Vendor Master Data,System,system,20589.61,EUR,FR,V5386,medium,PO169403,,completed,False,
CASE-00006,INV-000006,Check approval threshold,2026-01-05T10:23:00,SAP,System,system,20589.61,EUR,FR,V5386,medium,PO169403,,completed,False,
CASE-00006,INV-000006,Finance manager approval,2026-01-06T18:40:07.736240,SAP,Finance Manager,ap07,20589.61,EUR,FR,V5386,medium,PO169403,,completed,False,
CASE-00006,INV-000006,Schedule payment,2026-01-06T23:48:42.438045,Payment System,System,system,20589.61,EUR,FR,V5386,medium,PO169403,,completed,False,
CASE-00006,INV-000006,Send remittance notice,2026-01-06T23:54:42.438045,Payment System,System,system,20589.61,EUR,FR,V5386,medium,PO169403,,completed,False,
CASE-00006,INV-000006,Invoice paid,2026-01-07T00:00:42.438045,Payment System,System,system,20589.61,EUR,FR,V5386,medium,PO169403,,paid,False,
CASE-00007,INV-000007,Invoice received,2026-01-05T08:48:00,Coupa,System,system,3705.85,EUR,IT,V5304,medium,PO883300,,completed,False,
CASE-00007,INV-000007,Validate invoice data,2026-01-05T09:12:00,Coupa,AP Clerk,ap19,3705.85,EUR,IT,V5304,medium,PO883300,,completed,False,
CASE-00007,INV-000007,Check PO exists,2026-01-05T09:30:00,SAP,System,system,3705.85,EUR,IT,V5304,medium,PO883300,,completed,False,
CASE-00007,INV-000007,Run three-way match,2026-01-05T10:00:00,SAP,System,system,3705.85,EUR,IT,V5304,medium,PO883300,,completed,False,
CASE-00007,INV-000007,Classify exception,2026-01-05T10:12:00,ServiceNow,AP Clerk,ap19,3705.85,EUR,IT,V5304,medium,PO883300,missing_gr,completed,False,
CASE-00007,INV-000007,Request goods receipt confirmation,2026-01-06T15:21:42.841479,SAP,Procurement Specialist,ap19,3705.85,EUR,IT,V5304,medium,PO883300,missing_gr,completed,False,
CASE-00007,INV-000007,Run three-way match,2026-01-06T15:45:42.841479,SAP,System,system,3705.85,EUR,IT,V5304,medium,PO883300,missing_gr,completed,False,
CASE-00007,INV-000007,Run duplicate invoice check,2026-01-06T15:57:42.841479,SAP,System,system,3705.85,EUR,IT,V5304,medium,PO883300,,completed,False,
CASE-00007,INV-000007,Check vendor risk,2026-01-06T16:09:42.841479,Vendor Master Data,System,system,3705.85,EUR,IT,V5304,medium,PO883300,,completed,False,
CASE-00007,INV-000007,Check approval threshold,2026-01-06T16:15:42.841479,SAP,System,system,3705.85,EUR,IT,V5304,medium,PO883300,,completed,False,
CASE-00007,INV-000007,Auto approve for payment scheduling,2026-01-06T16:21:42.841479,SAP,System,system,3705.85,EUR,IT,V5304,medium,PO883300,,completed,False,
CASE-00007,INV-000007,Schedule payment,2026-01-07T03:15:02.605277,Payment System,System,system,3705.85,EUR,IT,V5304,medium,PO883300,,completed,False,
CASE-00007,INV-000007,Send remittance notice,2026-01-07T03:21:02.605277,Payment System,System,system,3705.85,EUR,IT,V5304,medium,PO883300,,completed,False,
CASE-00007,INV-000007,Invoice paid,2026-01-07T03:27:02.605277,Payment System,System,system,3705.85,EUR,IT,V5304,medium,PO883300,,paid,False,
CASE-00008,INV-000008,Invoice received,2026-01-05T08:55:00,Coupa,System,system,4032.82,EUR,FR,V2040,low,PO503457,,completed,False,
CASE-00008,INV-000008,Validate invoice data,2026-01-05T09:19:00,Coupa,AP Clerk,ap13,4032.82,EUR,FR,V2040,low,PO503457,,completed,False,
CASE-00008,INV-000008,Check PO exists,2026-01-05T09:37:00,SAP,System,system,4032.82,EUR,FR,V2040,low,PO503457,,completed,False,
CASE-00008,INV-000008,Run three-way match,2026-01-05T10:07:00,SAP,System,system,4032.82,EUR,FR,V2040,low,PO503457,,completed,False,
CASE-00008,INV-000008,Run duplicate invoice check,2026-01-05T10:19:00,SAP,System,system,4032.82,EUR,FR,V2040,low,PO503457,,completed,False,
CASE-00008,INV-000008,Check vendor risk,2026-01-05T10:31:00,Vendor Master Data,System,system,4032.82,EUR,FR,V2040,low,PO503457,,completed,False,
CASE-00008,INV-000008,Check approval threshold,2026-01-05T10:37:00,SAP,System,system,4032.82,EUR,FR,V2040,low,PO503457,,completed,False,
CASE-00008,INV-000008,Auto approve for payment scheduling,2026-01-05T10:43:00,SAP,System,system,4032.82,EUR,FR,V2040,low,PO503457,,completed,False,
CASE-00008,INV-000008,Schedule payment,2026-01-05T15:37:59.090198,Payment System,System,system,4032.82,EUR,FR,V2040,low,PO503457,,completed,False,
CASE-00008,INV-000008,Send remittance notice,2026-01-05T15:43:59.090198,Payment System,System,system,4032.82,EUR,FR,V2040,low,PO503457,,completed,False,
CASE-00008,INV-000008,Invoice paid,2026-01-05T15:49:59.090198,Payment System,System,system,4032.82,EUR,FR,V2040,low,PO503457,,paid,False,
CASE-00009,INV-000009,Invoice received,2026-01-05T09:02:00,Coupa,System,system,22148.51,EUR,ES,V2827,medium,PO407757,,completed,False,
CASE-00009,INV-000009,Validate invoice data,2026-01-05T09:26:00,Coupa,AP Clerk,ap14,22148.51,EUR,ES,V2827,medium,PO407757,,completed,False,
CASE-00009,INV-000009,Manual Email Review,2026-01-06T07:38:54.312800,Email and Excel,AP Clerk,ap14,22148.51,EUR,ES,V2827,medium,PO407757,,completed,True,Manual Email Review
CASE-00009,INV-000009,Check PO exists,2026-01-06T07:56:54.312800,SAP,System,system,22148.51,EUR,ES,V2827,medium,PO407757,,completed,False,
CASE-00009,INV-000009,Run three-way match,2026-01-06T08:26:54.312800,SAP,System,system,22148.51,EUR,ES,V2827,medium,PO407757,,completed,False,
CASE-00009,INV-000009,Classify exception,2026-01-06T08:38:54.312800,ServiceNow,AP Clerk,ap14,22148.51,EUR,ES,V2827,medium,PO407757,price_mismatch,completed,False,
CASE-00009,INV-000009,Create price mismatch ticket,2026-01-06T08:50:54.312800,ServiceNow,System,system,22148.51,EUR,ES,V2827,medium,PO407757,price_mismatch,completed,False,
CASE-00009,INV-000009,AP review price mismatch,2026-01-07T19:03:49.893159,ServiceNow,AP Clerk,ap14,22148.51,EUR,ES,V2827,medium,PO407757,price_mismatch,completed,False,
CASE-00009,INV-000009,Correction for price mismatch,2026-01-08T11:34:11.507096,SAP,Procurement Specialist,ap14,22148.51,EUR,ES,V2827,medium,PO407757,price_mismatch,completed,False,
CASE-00009,INV-000009,Run three-way match,2026-01-08T11:58:11.507096,SAP,System,system,22148.51,EUR,ES,V2827,medium,PO407757,price_mismatch,completed,False,
CASE-00009,INV-000009,Run duplicate invoice check,2026-01-08T12:10:11.507096,SAP,System,system,22148.51,EUR,ES,V2827,medium,PO407757,,completed,False,
CASE-00009,INV-000009,Check vendor risk,2026-01-08T12:22:11.507096,Vendor Master Data,System,system,22148.51,EUR,ES,V2827,medium,PO407757,,completed,False,
CASE-00009,INV-000009,Check approval threshold,2026-01-08T12:28:11.507096,SAP,System,system,22148.51,EUR,ES,V2827,medium,PO407757,,completed,False,
CASE-00009,INV-000009,Finance manager approval,2026-01-10T05:30:11.931847,SAP,Finance Manager,ap14,22148.51,EUR,ES,V2827,medium,PO407757,,completed,False,
CASE-00009,INV-000009,Schedule payment,2026-01-10T13:33:52.622848,Payment System,System,system,22148.51,EUR,ES,V2827,medium,PO407757,,completed,False,
CASE-00009,INV-000009,Send remittance notice,2026-01-10T13:39:52.622848,Payment System,System,system,22148.51,EUR,ES,V2827,medium,PO407757,,completed,False,
CASE-00009,INV-000009,Invoice paid,2026-01-10T13:45:52.622848,Payment System,System,system,22148.51,EUR,ES,V2827,medium,PO407757,,paid,False,
CASE-00010,INV-000010,Invoice received,2026-01-05T09:09:00,Coupa,System,system,5173.05,EUR,NL,V9837,low,PO916449,,completed,False,
CASE-00010,INV-000010,Validate invoice data,2026-01-05T09:33:00,Coupa,AP Clerk,ap17,5173.05,EUR,NL,V9837,low,PO916449,,completed,False,
CASE-00010,INV-000010,Check PO exists,2026-01-05T09:51:00,SAP,System,system,5173.05,EUR,NL,V9837,low,PO916449,,completed,False,
CASE-00010,INV-000010,Run three-way match,2026-01-05T10:21:00,SAP,System,system,5173.05,EUR,NL,V9837,low,PO916449,,completed,False,
CASE-00010,INV-000010,Run duplicate invoice check,2026-01-05T10:33:00,SAP,System,system,5173.05,EUR,NL,V9837,low,PO916449,,completed,False,
CASE-00010,INV-000010,Check vendor risk,2026-01-05T10:45:00,Vendor Master Data,System,system,5173.05,EUR,NL,V9837,low,PO916449,,completed,False,
CASE-00010,INV-000010,Check approval threshold,2026-01-05T10:51:00,SAP,System,system,5173.05,EUR,NL,V9837,low,PO916449,,completed,False,
CASE-00010,INV-000010,Auto approve for payment scheduling,2026-01-05T10:57:00,SAP,System,system,5173.05,EUR,NL,V9837,low,PO916449,,completed,False,
CASE-00010,INV-000010,Schedule payment,2026-01-05T21:24:15.114378,Payment System,System,system,5173.05,EUR,NL,V9837,low,PO916449,,completed,False,
CASE-00010,INV-000010,Send remittance notice,2026-01-05T21:30:15.114378,Payment System,System,system,5173.05,EUR,NL,V9837,low,PO916449,,completed,False,
CASE-00010,INV-000010,Invoice paid,2026-01-05T21:36:15.114378,Payment System,System,system,5173.05,EUR,NL,V9837,low,PO916449,,paid,False,
CASE-00011,INV-000011,Invoice received,2026-01-05T09:16:00,Coupa,System,system,6176.44,EUR,IT,V2290,low,PO189814,,completed,False,
CASE-00011,INV-000011,Validate invoice data,2026-01-05T09:40:00,Coupa,AP Clerk,ap24,6176.44,EUR,IT,V2290,low,PO189814,,completed,False,
CASE-00011,INV-000011,Manual Email Review,2026-01-06T09:03:40.202224,Email and Excel,AP Clerk,ap24,6176.44,EUR,IT,V2290,low,PO189814,,completed,True,Manual Email Review
CASE-00011,INV-000011,Check PO exists,2026-01-06T09:21:40.202224,SAP,System,system,6176.44,EUR,IT,V2290,low,PO189814,,completed,False,
CASE-00011,INV-000011,Run three-way match,2026-01-06T09:51:40.202224,SAP,System,system,6176.44,EUR,IT,V2290,low,PO189814,,completed,False,
CASE-00011,INV-000011,Run duplicate invoice check,2026-01-06T10:03:40.202224,SAP,System,system,6176.44,EUR,IT,V2290,low,PO189814,,completed,False,
CASE-00011,INV-000011,Check vendor risk,2026-01-06T10:15:40.202224,Vendor Master Data,System,system,6176.44,EUR,IT,V2290,low,PO189814,,completed,False,
CASE-00011,INV-000011,Check approval threshold,2026-01-06T10:21:40.202224,SAP,System,system,6176.44,EUR,IT,V2290,low,PO189814,,completed,False,
CASE-00011,INV-000011,Auto approve for payment scheduling,2026-01-06T10:27:40.202224,SAP,System,system,6176.44,EUR,IT,V2290,low,PO189814,,completed,False,
CASE-00011,INV-000011,Schedule payment,2026-01-06T16:34:53.833137,Payment System,System,system,6176.44,EUR,IT,V2290,low,PO189814,,completed,False,
CASE-00011,INV-000011,Send remittance notice,2026-01-06T16:40:53.833137,Payment System,System,system,6176.44,EUR,IT,V2290,low,PO189814,,completed,False,
CASE-00011,INV-000011,Invoice paid,2026-01-06T16:46:53.833137,Payment System,System,system,6176.44,EUR,IT,V2290,low,PO189814,,paid,False,
CASE-00012,INV-000012,Invoice received,2026-01-05T09:23:00,Coupa,System,system,21842.72,EUR,NL,V9835,low,PO891952,,completed,False,
CASE-00012,INV-000012,Validate invoice data,2026-01-05T09:47:00,Coupa,AP Clerk,ap24,21842.72,EUR,NL,V9835,low,PO891952,,completed,False,
CASE-00012,INV-000012,Check PO exists,2026-01-05T10:05:00,SAP,System,system,21842.72,EUR,NL,V9835,low,PO891952,,completed,False,
CASE-00012,INV-000012,Run three-way match,2026-01-05T10:35:00,SAP,System,system,21842.72,EUR,NL,V9835,low,PO891952,,completed,False,
CASE-00012,INV-000012,Run duplicate invoice check,2026-01-05T10:47:00,SAP,System,system,21842.72,EUR,NL,V9835,low,PO891952,,completed,False,
CASE-00012,INV-000012,Check vendor risk,2026-01-05T10:59:00,Vendor Master Data,System,system,21842.72,EUR,NL,V9835,low,PO891952,,completed,False,
CASE-00012,INV-000012,Check approval threshold,2026-01-05T11:05:00,SAP,System,system,21842.72,EUR,NL,V9835,low,PO891952,,completed,False,
CASE-00012,INV-000012,Finance manager approval,2026-01-06T10:56:55.404796,SAP,Finance Manager,ap24,21842.72,EUR,NL,V9835,low,PO891952,,completed,False,
CASE-00012,INV-000012,Schedule payment,2026-01-06T16:55:55.086470,Payment System,System,system,21842.72,EUR,NL,V9835,low,PO891952,,completed,False,
CASE-00012,INV-000012,Send remittance notice,2026-01-06T17:01:55.086470,Payment System,System,system,21842.72,EUR,NL,V9835,low,PO891952,,completed,False,
CASE-00012,INV-000012,Invoice paid,2026-01-06T17:07:55.086470,Payment System,System,system,21842.72,EUR,NL,V9835,low,PO891952,,paid,False,
CASE-00013,INV-000013,Invoice received,2026-01-05T09:30:00,Coupa,System,system,1834.64,EUR,IT,V4770,low,PO717024,,completed,False,
CASE-00013,INV-000013,Validate invoice data,2026-01-05T09:54:00,Coupa,AP Clerk,ap08,1834.64,EUR,IT,V4770,low,PO717024,,completed,False,
CASE-00013,INV-000013,Check PO exists,2026-01-05T10:12:00,SAP,System,system,1834.64,EUR,IT,V4770,low,PO717024,,completed,False,
CASE-00013,INV-000013,Run three-way match,2026-01-05T10:42:00,SAP,System,system,1834.64,EUR,IT,V4770,low,PO717024,,completed,False,
CASE-00013,INV-000013,Classify exception,2026-01-05T10:54:00,ServiceNow,AP Clerk,ap08,1834.64,EUR,IT,V4770,low,PO717024,price_mismatch,completed,False,
CASE-00013,INV-000013,Create price mismatch ticket,2026-01-05T11:06:00,ServiceNow,System,system,1834.64,EUR,IT,V4770,low,PO717024,price_mismatch,completed,False,
CASE-00013,INV-000013,AP review price mismatch,2026-01-10T01:49:33.226219,ServiceNow,AP Clerk,ap08,1834.64,EUR,IT,V4770,low,PO717024,price_mismatch,completed,False,
CASE-00013,INV-000013,Excel Price Correction,2026-01-10T15:32:03.070158,Email and Excel,AP Clerk,ap08,1834.64,EUR,IT,V4770,low,PO717024,price_mismatch,completed,True,Excel Price Correction
CASE-00013,INV-000013,Correction for price mismatch,2026-01-11T06:19:07.913218,SAP,Procurement Specialist,ap08,1834.64,EUR,IT,V4770,low,PO717024,price_mismatch,completed,False,
CASE-00013,INV-000013,Run three-way match,2026-01-11T06:43:07.913218,SAP,System,system,1834.64,EUR,IT,V4770,low,PO717024,price_mismatch,completed,False,
CASE-00013,INV-000013,Run duplicate invoice check,2026-01-11T06:55:07.913218,SAP,System,system,1834.64,EUR,IT,V4770,low,PO717024,,completed,False,
CASE-00013,INV-000013,Check vendor risk,2026-01-11T07:07:07.913218,Vendor Master Data,System,system,1834.64,EUR,IT,V4770,low,PO717024,,completed,False,
CASE-00013,INV-000013,Check approval threshold,2026-01-11T07:13:07.913218,SAP,System,system,1834.64,EUR,IT,V4770,low,PO717024,,completed,False,
CASE-00013,INV-000013,Auto approve for payment scheduling,2026-01-11T07:19:07.913218,SAP,System,system,1834.64,EUR,IT,V4770,low,PO717024,,completed,False,
CASE-00013,INV-000013,Schedule payment,2026-01-11T17:06:20.467115,Payment System,System,system,1834.64,EUR,IT,V4770,low,PO717024,,completed,False,
CASE-00013,INV-000013,Send remittance notice,2026-01-11T17:12:20.467115,Payment System,System,system,1834.64,EUR,IT,V4770,low,PO717024,,completed,False,
CASE-00013,INV-000013,Invoice paid,2026-01-11T17:18:20.467115,Payment System,System,system,1834.64,EUR,IT,V4770,low,PO717024,,paid,False,
CASE-00014,INV-000014,Invoice received,2026-01-05T09:37:00,Coupa,System,system,22088.98,EUR,NL,V8749,low,PO946721,,completed,False,
CASE-00014,INV-000014,Validate invoice data,2026-01-05T10:01:00,Coupa,AP Clerk,ap14,22088.98,EUR,NL,V8749,low,PO946721,,completed,False,
CASE-00014,INV-000014,Manual Email Review,2026-01-06T12:52:15.146367,Email and Excel,AP Clerk,ap14,22088.98,EUR,NL,V8749,low,PO946721,,completed,True,Manual Email Review
CASE-00014,INV-000014,Check PO exists,2026-01-06T13:10:15.146367,SAP,System,system,22088.98,EUR,NL,V8749,low,PO946721,,completed,False,
CASE-00014,INV-000014,Run three-way match,2026-01-06T13:40:15.146367,SAP,System,system,22088.98,EUR,NL,V8749,low,PO946721,,completed,False,
CASE-00014,INV-000014,Classify exception,2026-01-06T13:52:15.146367,ServiceNow,AP Clerk,ap14,22088.98,EUR,NL,V8749,low,PO946721,price_mismatch,completed,False,
CASE-00014,INV-000014,Create price mismatch ticket,2026-01-06T14:04:15.146367,ServiceNow,System,system,22088.98,EUR,NL,V8749,low,PO946721,price_mismatch,completed,False,
CASE-00014,INV-000014,AP review price mismatch,2026-01-11T12:33:02.643415,ServiceNow,AP Clerk,ap14,22088.98,EUR,NL,V8749,low,PO946721,price_mismatch,completed,False,
CASE-00014,INV-000014,Correction for price mismatch,2026-01-11T18:31:08.730138,SAP,Procurement Specialist,ap14,22088.98,EUR,NL,V8749,low,PO946721,price_mismatch,completed,False,
CASE-00014,INV-000014,Run three-way match,2026-01-11T18:55:08.730138,SAP,System,system,22088.98,EUR,NL,V8749,low,PO946721,price_mismatch,completed,False,
CASE-00014,INV-000014,Run duplicate invoice check,2026-01-11T19:07:08.730138,SAP,System,system,22088.98,EUR,NL,V8749,low,PO946721,,completed,False,
CASE-00014,INV-000014,Check vendor risk,2026-01-11T19:19:08.730138,Vendor Master Data,System,system,22088.98,EUR,NL,V8749,low,PO946721,,completed,False,
CASE-00014,INV-000014,Check approval threshold,2026-01-11T19:25:08.730138,SAP,System,system,22088.98,EUR,NL,V8749,low,PO946721,,completed,False,
CASE-00014,INV-000014,Finance manager approval,2026-01-12T17:08:03.941223,SAP,Finance Manager,ap14,22088.98,EUR,NL,V8749,low,PO946721,,completed,False,
CASE-00014,INV-000014,Schedule payment,2026-01-12T23:50:55.856258,Payment System,System,system,22088.98,EUR,NL,V8749,low,PO946721,,completed,False,
CASE-00014,INV-000014,Send remittance notice,2026-01-12T23:56:55.856258,Payment System,System,system,22088.98,EUR,NL,V8749,low,PO946721,,completed,False,
CASE-00014,INV-000014,Invoice paid,2026-01-13T00:02:55.856258,Payment System,System,system,22088.98,EUR,NL,V8749,low,PO946721,,paid,False,
CASE-00015,INV-000015,Invoice received,2026-01-05T09:44:00,Coupa,System,system,21576.4,EUR,NL,V9786,low,PO570405,,completed,False,
CASE-00015,INV-000015,Validate invoice data,2026-01-05T10:08:00,Coupa,AP Clerk,ap05,21576.4,EUR,NL,V9786,low,PO570405,,completed,False,
CASE-00015,INV-000015,Check PO exists,2026-01-05T10:26:00,SAP,System,system,21576.4,EUR,NL,V9786,low,PO570405,,completed,False,
CASE-00015,INV-000015,Run three-way match,2026-01-05T10:56:00,SAP,System,system,21576.4,EUR,NL,V9786,low,PO570405,,completed,False,
CASE-00015,INV-000015,Classify exception,2026-01-05T11:08:00,ServiceNow,AP Clerk,ap05,21576.4,EUR,NL,V9786,low,PO570405,missing_gr,completed,False,
CASE-00015,INV-000015,Request goods receipt confirmation,2026-01-06T10:32:32.791495,SAP,Procurement Specialist,ap05,21576.4,EUR,NL,V9786,low,PO570405,missing_gr,completed,False,
CASE-00015,INV-000015,Run three-way match,2026-01-06T10:56:32.791495,SAP,System,system,21576.4,EUR,NL,V9786,low,PO570405,missing_gr,completed,False,
CASE-00015,INV-000015,Run duplicate invoice check,2026-01-06T11:08:32.791495,SAP,System,system,21576.4,EUR,NL,V9786,low,PO570405,,completed,False,
CASE-00015,INV-000015,Check vendor risk,2026-01-06T11:20:32.791495,Vendor Master Data,System,system,21576.4,EUR,NL,V9786,low,PO570405,,completed,False,
CASE-00015,INV-000015,Check approval threshold,2026-01-06T11:26:32.791495,SAP,System,system,21576.4,EUR,NL,V9786,low,PO570405,,completed,False,
CASE-00015,INV-000015,Finance manager approval,2026-01-06T17:40:05.982892,SAP,Finance Manager,ap05,21576.4,EUR,NL,V9786,low,PO570405,,completed,False,
CASE-00015,INV-000015,Schedule payment,2026-01-07T05:39:45.317982,Payment System,System,system,21576.4,EUR,NL,V9786,low,PO570405,,completed,False,
CASE-00015,INV-000015,Send remittance notice,2026-01-07T05:45:45.317982,Payment System,System,system,21576.4,EUR,NL,V9786,low,PO570405,,completed,False,
CASE-00015,INV-000015,Invoice paid,2026-01-07T05:51:45.317982,Payment System,System,system,21576.4,EUR,NL,V9786,low,PO570405,,paid,False,
CASE-00016,INV-000016,Invoice received,2026-01-05T09:51:00,Coupa,System,system,20941.68,EUR,NL,V3724,high,PO526156,,completed,False,
CASE-00016,INV-000016,Validate invoice data,2026-01-05T10:15:00,Coupa,AP Clerk,ap16,20941.68,EUR,NL,V3724,high,PO526156,,completed,False,
CASE-00016,INV-000016,Check PO exists,2026-01-05T10:33:00,SAP,System,system,20941.68,EUR,NL,V3724,high,PO526156,,completed,False,
CASE-00016,INV-000016,Run three-way match,2026-01-05T11:03:00,SAP,System,system,20941.68,EUR,NL,V3724,high,PO526156,,completed,False,
CASE-00016,INV-000016,Run duplicate invoice check,2026-01-05T11:15:00,SAP,System,system,20941.68,EUR,NL,V3724,high,PO526156,,completed,False,
CASE-00016,INV-000016,Check vendor risk,2026-01-05T11:27:00,Vendor Master Data,System,system,20941.68,EUR,NL,V3724,high,PO526156,,completed,False,
CASE-00016,INV-000016,Compliance review,2026-01-08T06:44:49.764148,Vendor Master Data,Compliance Officer,ap16,20941.68,EUR,NL,V3724,high,PO526156,,completed,False,
CASE-00016,INV-000016,Check approval threshold,2026-01-08T06:50:49.764148,SAP,System,system,20941.68,EUR,NL,V3724,high,PO526156,,completed,False,
CASE-00016,INV-000016,Finance manager approval,2026-01-09T21:23:34.254264,SAP,Finance Manager,ap16,20941.68,EUR,NL,V3724,high,PO526156,,completed,False,
CASE-00016,INV-000016,Schedule payment,2026-01-10T03:40:29.432058,Payment System,System,system,20941.68,EUR,NL,V3724,high,PO526156,,completed,False,
CASE-00016,INV-000016,Send remittance notice,2026-01-10T03:46:29.432058,Payment System,System,system,20941.68,EUR,NL,V3724,high,PO526156,,completed,False,
CASE-00016,INV-000016,Invoice paid,2026-01-10T03:52:29.432058,Payment System,System,system,20941.68,EUR,NL,V3724,high,PO526156,,paid,False,
CASE-00017,INV-000017,Invoice received,2026-01-05T09:58:00,Coupa,System,system,17490.64,EUR,IT,V8973,medium,PO262316,,completed,False,
CASE-00017,INV-000017,Validate invoice data,2026-01-05T10:22:00,Coupa,AP Clerk,ap07,17490.64,EUR,IT,V8973,medium,PO262316,,completed,False,
CASE-00017,INV-000017,Check PO exists,2026-01-05T10:40:00,SAP,System,system,17490.64,EUR,IT,V8973,medium,PO262316,,completed,False,
CASE-00017,INV-000017,Create missing PO exception,2026-01-05T10:52:00,ServiceNow,System,system,17490.64,EUR,IT,V8973,medium,PO262316,missing_po,completed,False,
CASE-00017,INV-000017,AP review missing PO,2026-01-08T18:56:51.776645,ServiceNow,AP Clerk,ap07,17490.64,EUR,IT,V8973,medium,PO262316,missing_po,completed,False,
CASE-00017,INV-000017,Procurement correction,2026-01-09T23:03:42.231785,SAP,Procurement Specialist,ap07,17490.64,EUR,IT,V8973,medium,PO262316,missing_po,completed,False,
CASE-00017,INV-000017,Check PO exists,2026-01-09T23:15:42.231785,SAP,System,system,17490.64,EUR,IT,V8973,medium,PO262316,missing_po,completed,False,
CASE-00017,INV-000017,Run three-way match,2026-01-09T23:45:42.231785,SAP,System,system,17490.64,EUR,IT,V8973,medium,PO262316,,completed,False,
CASE-00017,INV-000017,Run duplicate invoice check,2026-01-09T23:57:42.231785,SAP,System,system,17490.64,EUR,IT,V8973,medium,PO262316,,completed,False,
CASE-00017,INV-000017,Check vendor risk,2026-01-10T00:09:42.231785,Vendor Master Data,System,system,17490.64,EUR,IT,V8973,medium,PO262316,,completed,False,
CASE-00017,INV-000017,Check approval threshold,2026-01-10T00:15:42.231785,SAP,System,system,17490.64,EUR,IT,V8973,medium,PO262316,,completed,False,
CASE-00017,INV-000017,Finance manager approval,2026-01-11T17:46:53.062685,SAP,Finance Manager,ap07,17490.64,EUR,IT,V8973,medium,PO262316,,completed,False,
CASE-00017,INV-000017,Schedule payment,2026-01-11T23:02:27.125250,Payment System,System,system,17490.64,EUR,IT,V8973,medium,PO262316,,completed,False,
CASE-00017,INV-000017,Send remittance notice,2026-01-11T23:08:27.125250,Payment System,System,system,17490.64,EUR,IT,V8973,medium,PO262316,,completed,False,
CASE-00017,INV-000017,Invoice paid,2026-01-11T23:14:27.125250,Payment System,System,system,17490.64,EUR,IT,V8973,medium,PO262316,,paid,False,
CASE-00018,INV-000018,Invoice received,2026-01-05T10:05:00,Coupa,System,system,24029.28,EUR,NL,V2122,low,PO723939,,completed,False,
CASE-00018,INV-000018,Validate invoice data,2026-01-05T10:29:00,Coupa,AP Clerk,ap03,24029.28,EUR,NL,V2122,low,PO723939,,completed,False,
CASE-00018,INV-000018,Check PO exists,2026-01-05T10:47:00,SAP,System,system,24029.28,EUR,NL,V2122,low,PO723939,,completed,False,
CASE-00018,INV-000018,Run three-way match,2026-01-05T11:17:00,SAP,System,system,24029.28,EUR,NL,V2122,low,PO723939,,completed,False,
CASE-00018,INV-000018,Run duplicate invoice check,2026-01-05T11:29:00,SAP,System,system,24029.28,EUR,NL,V2122,low,PO723939,,completed,False,
CASE-00018,INV-000018,Check vendor risk,2026-01-05T11:41:00,Vendor Master Data,System,system,24029.28,EUR,NL,V2122,low,PO723939,,completed,False,
CASE-00018,INV-000018,Check approval threshold,2026-01-05T11:47:00,SAP,System,system,24029.28,EUR,NL,V2122,low,PO723939,,completed,False,
CASE-00018,INV-000018,Finance manager approval,2026-01-06T19:02:10.031237,SAP,Finance Manager,ap03,24029.28,EUR,NL,V2122,low,PO723939,,completed,False,
CASE-00018,INV-000018,Schedule payment,2026-01-07T02:23:23.708799,Payment System,System,system,24029.28,EUR,NL,V2122,low,PO723939,,completed,False,
CASE-00018,INV-000018,Send remittance notice,2026-01-07T02:29:23.708799,Payment System,System,system,24029.28,EUR,NL,V2122,low,PO723939,,completed,False,
CASE-00018,INV-000018,Invoice paid,2026-01-07T02:35:23.708799,Payment System,System,system,24029.28,EUR,NL,V2122,low,PO723939,,paid,False,
CASE-00019,INV-000019,Invoice received,2026-01-05T10:12:00,Coupa,System,system,14695.89,EUR,ES,V4346,low,PO802258,,completed,False,
CASE-00019,INV-000019,Validate invoice data,2026-01-05T10:36:00,Coupa,AP Clerk,ap23,14695.89,EUR,ES,V4346,low,PO802258,,completed,False,
CASE-00019,INV-000019,Check PO exists,2026-01-05T10:54:00,SAP,System,system,14695.89,EUR,ES,V4346,low,PO802258,,completed,False,
CASE-00019,INV-000019,Create missing PO exception,2026-01-05T11:06:00,ServiceNow,System,system,14695.89,EUR,ES,V4346,low,PO802258,missing_po,completed,False,
CASE-00019,INV-000019,AP review missing PO,2026-01-10T04:55:49.769741,ServiceNow,AP Clerk,ap23,14695.89,EUR,ES,V4346,low,PO802258,missing_po,completed,False,
CASE-00019,INV-000019,Procurement correction,2026-01-10T13:18:11.195532,SAP,Procurement Specialist,ap23,14695.89,EUR,ES,V4346,low,PO802258,missing_po,completed,False,
CASE-00019,INV-000019,Check PO exists,2026-01-10T13:30:11.195532,SAP,System,system,14695.89,EUR,ES,V4346,low,PO802258,missing_po,completed,False,
CASE-00019,INV-000019,Run three-way match,2026-01-10T14:00:11.195532,SAP,System,system,14695.89,EUR,ES,V4346,low,PO802258,,completed,False,
CASE-00019,INV-000019,Run duplicate invoice check,2026-01-10T14:12:11.195532,SAP,System,system,14695.89,EUR,ES,V4346,low,PO802258,,completed,False,
CASE-00019,INV-000019,Check vendor risk,2026-01-10T14:24:11.195532,Vendor Master Data,System,system,14695.89,EUR,ES,V4346,low,PO802258,,completed,False,
CASE-00019,INV-000019,Check approval threshold,2026-01-10T14:30:11.195532,SAP,System,system,14695.89,EUR,ES,V4346,low,PO802258,,completed,False,
CASE-00019,INV-000019,Finance manager approval,2026-01-11T21:50:02.821602,SAP,Finance Manager,ap23,14695.89,EUR,ES,V4346,low,PO802258,,completed,False,
CASE-00019,INV-000019,Schedule payment,2026-01-12T06:20:17.038596,Payment System,System,system,14695.89,EUR,ES,V4346,low,PO802258,,completed,False,
CASE-00019,INV-000019,Send remittance notice,2026-01-12T06:26:17.038596,Payment System,System,system,14695.89,EUR,ES,V4346,low,PO802258,,completed,False,
CASE-00019,INV-000019,Invoice paid,2026-01-12T06:32:17.038596,Payment System,System,system,14695.89,EUR,ES,V4346,low,PO802258,,paid,False,
CASE-00020,INV-000020,Invoice received,2026-01-05T10:19:00,Coupa,System,system,2724.54,EUR,IT,V5345,low,PO238890,,completed,False,
CASE-00020,INV-000020,Validate invoice data,2026-01-05T10:43:00,Coupa,AP Clerk,ap12,2724.54,EUR,IT,V5345,low,PO238890,,completed,False,
CASE-00020,INV-000020,Check PO exists,2026-01-05T11:01:00,SAP,System,system,2724.54,EUR,IT,V5345,low,PO238890,,completed,False,
CASE-00020,INV-000020,Run three-way match,2026-01-05T11:31:00,SAP,System,system,2724.54,EUR,IT,V5345,low,PO238890,,completed,False,
CASE-00020,INV-000020,Run duplicate invoice check,2026-01-05T11:43:00,SAP,System,system,2724.54,EUR,IT,V5345,low,PO238890,,completed,False,
CASE-00020,INV-000020,Check vendor risk,2026-01-05T11:55:00,Vendor Master Data,System,system,2724.54,EUR,IT,V5345,low,PO238890,,completed,False,
CASE-00020,INV-000020,Check approval threshold,2026-01-05T12:01:00,SAP,System,system,2724.54,EUR,IT,V5345,low,PO238890,,completed,False,
CASE-00020,INV-000020,Auto approve for payment scheduling,2026-01-05T12:07:00,SAP,System,system,2724.54,EUR,IT,V5345,low,PO238890,,completed,False,
CASE-00020,INV-000020,Schedule payment,2026-01-05T21:00:36.319653,Payment System,System,system,2724.54,EUR,IT,V5345,low,PO238890,,completed,False,
CASE-00020,INV-000020,Send remittance notice,2026-01-05T21:06:36.319653,Payment System,System,system,2724.54,EUR,IT,V5345,low,PO238890,,completed,False,
CASE-00020,INV-000020,Invoice paid,2026-01-05T21:12:36.319653,Payment System,System,system,2724.54,EUR,IT,V5345,low,PO238890,,paid,False,
CASE-00021,INV-000021,Invoice received,2026-01-05T10:26:00,Coupa,System,system,24684.02,EUR,DE,V5905,low,PO795613,,completed,False,
CASE-00021,INV-000021,Validate invoice data,2026-01-05T10:50:00,Coupa,AP Clerk,ap04,24684.02,EUR,DE,V5905,low,PO795613,,completed,False,
CASE-00021,INV-000021,Check PO exists,2026-01-05T11:08:00,SAP,System,system,24684.02,EUR,DE,V5905,low,PO795613,,completed,False,
CASE-00021,INV-000021,Run three-way match,2026-01-05T11:38:00,SAP,System,system,24684.02,EUR,DE,V5905,low,PO795613,,completed,False,
CASE-00021,INV-000021,Run duplicate invoice check,2026-01-05T11:50:00,SAP,System,system,24684.02,EUR,DE,V5905,low,PO795613,,completed,False,
CASE-00021,INV-000021,Check vendor risk,2026-01-05T12:02:00,Vendor Master Data,System,system,24684.02,EUR,DE,V5905,low,PO795613,,completed,False,
CASE-00021,INV-000021,Check approval threshold,2026-01-05T12:08:00,SAP,System,system,24684.02,EUR,DE,V5905,low,PO795613,,completed,False,
CASE-00021,INV-000021,Finance manager approval,2026-01-06T18:44:45.044602,SAP,Finance Manager,ap04,24684.02,EUR,DE,V5905,low,PO795613,,completed,False,
CASE-00021,INV-000021,Schedule payment,2026-01-07T04:29:12.275592,Payment System,System,system,24684.02,EUR,DE,V5905,low,PO795613,,completed,False,
CASE-00021,INV-000021,Send remittance notice,2026-01-07T04:35:12.275592,Payment System,System,system,24684.02,EUR,DE,V5905,low,PO795613,,completed,False,
CASE-00021,INV-000021,Invoice paid,2026-01-07T04:41:12.275592,Payment System,System,system,24684.02,EUR,DE,V5905,low,PO795613,,paid,False,
CASE-00022,INV-000022,Invoice received,2026-01-05T10:33:00,Coupa,System,system,5289.03,EUR,ES,V9280,low,PO612262,,completed,False,
CASE-00022,INV-000022,Validate invoice data,2026-01-05T10:57:00,Coupa,AP Clerk,ap09,5289.03,EUR,ES,V9280,low,PO612262,,completed,False,
CASE-00022,INV-000022,Check PO exists,2026-01-05T11:15:00,SAP,System,system,5289.03,EUR,ES,V9280,low,PO612262,,completed,False,
CASE-00022,INV-000022,Run three-way match,2026-01-05T11:45:00,SAP,System,system,5289.03,EUR,ES,V9280,low,PO612262,,completed,False,
CASE-00022,INV-000022,Run duplicate invoice check,2026-01-05T11:57:00,SAP,System,system,5289.03,EUR,ES,V9280,low,PO612262,,completed,False,
CASE-00022,INV-000022,Check vendor risk,2026-01-05T12:09:00,Vendor Master Data,System,system,5289.03,EUR,ES,V9280,low,PO612262,,completed,False,
CASE-00022,INV-000022,Check approval threshold,2026-01-05T12:15:00,SAP,System,system,5289.03,EUR,ES,V9280,low,PO612262,,completed,False,
CASE-00022,INV-000022,Auto approve for payment scheduling,2026-01-05T12:21:00,SAP,System,system,5289.03,EUR,ES,V9280,low,PO612262,,completed,False,
CASE-00022,INV-000022,Schedule payment,2026-01-05T22:31:08.233623,Payment System,System,system,5289.03,EUR,ES,V9280,low,PO612262,,completed,False,
CASE-00022,INV-000022,Send remittance notice,2026-01-05T22:37:08.233623,Payment System,System,system,5289.03,EUR,ES,V9280,low,PO612262,,completed,False,
CASE-00022,INV-000022,Invoice paid,2026-01-05T22:43:08.233623,Payment System,System,system,5289.03,EUR,ES,V9280,low,PO612262,,paid,False,
CASE-00023,INV-000023,Invoice received,2026-01-05T10:40:00,Coupa,System,system,16018.56,EUR,FR,V8007,low,PO688153,,completed,False,
CASE-00023,INV-000023,Validate invoice data,2026-01-05T11:04:00,Coupa,AP Clerk,ap01,16018.56,EUR,FR,V8007,low,PO688153,,completed,False,
CASE-00023,INV-000023,Check PO exists,2026-01-05T11:22:00,SAP,System,system,16018.56,EUR,FR,V8007,low,PO688153,,completed,False,
CASE-00023,INV-000023,Run three-way match,2026-01-05T11:52:00,SAP,System,system,16018.56,EUR,FR,V8007,low,PO688153,,completed,False,
CASE-00023,INV-000023,Classify exception,2026-01-05T12:04:00,ServiceNow,AP Clerk,ap01,16018.56,EUR,FR,V8007,low,PO688153,price_mismatch,completed,False,
CASE-00023,INV-000023,Create price mismatch ticket,2026-01-05T12:16:00,ServiceNow,System,system,16018.56,EUR,FR,V8007,low,PO688153,price_mismatch,completed,False,
CASE-00023,INV-000023,AP review price mismatch,2026-01-10T13:56:19.817421,ServiceNow,AP Clerk,ap01,16018.56,EUR,FR,V8007,low,PO688153,price_mismatch,completed,False,
CASE-00023,INV-000023,Correction for price mismatch,2026-01-10T18:46:31.495209,SAP,Procurement Specialist,ap01,16018.56,EUR,FR,V8007,low,PO688153,price_mismatch,completed,False,
CASE-00023,INV-000023,Run three-way match,2026-01-10T19:10:31.495209,SAP,System,system,16018.56,EUR,FR,V8007,low,PO688153,price_mismatch,completed,False,
CASE-00023,INV-000023,Run duplicate invoice check,2026-01-10T19:22:31.495209,SAP,System,system,16018.56,EUR,FR,V8007,low,PO688153,,completed,False,
CASE-00023,INV-000023,Check vendor risk,2026-01-10T19:34:31.495209,Vendor Master Data,System,system,16018.56,EUR,FR,V8007,low,PO688153,,completed,False,
CASE-00023,INV-000023,Check approval threshold,2026-01-10T19:40:31.495209,SAP,System,system,16018.56,EUR,FR,V8007,low,PO688153,,completed,False,
CASE-00023,INV-000023,Finance manager approval,2026-01-11T15:43:12.295237,SAP,Finance Manager,ap01,16018.56,EUR,FR,V8007,low,PO688153,,completed,False,
CASE-00023,INV-000023,Schedule payment,2026-01-12T03:11:05.229940,Payment System,System,system,16018.56,EUR,FR,V8007,low,PO688153,,completed,False,
CASE-00023,INV-000023,Send remittance notice,2026-01-12T03:17:05.229940,Payment System,System,system,16018.56,EUR,FR,V8007,low,PO688153,,completed,False,
CASE-00023,INV-000023,Invoice paid,2026-01-12T03:23:05.229940,Payment System,System,system,16018.56,EUR,FR,V8007,low,PO688153,,paid,False,
CASE-00024,INV-000024,Invoice received,2026-01-05T10:47:00,Coupa,System,system,24311.86,EUR,ES,V4441,low,PO815198,,completed,False,
CASE-00024,INV-000024,Validate invoice data,2026-01-05T11:11:00,Coupa,AP Clerk,ap08,24311.86,EUR,ES,V4441,low,PO815198,,completed,False,
CASE-00024,INV-000024,Check PO exists,2026-01-05T11:29:00,SAP,System,system,24311.86,EUR,ES,V4441,low,PO815198,,completed,False,
CASE-00024,INV-000024,Run three-way match,2026-01-05T11:59:00,SAP,System,system,24311.86,EUR,ES,V4441,low,PO815198,,completed,False,
CASE-00024,INV-000024,Run duplicate invoice check,2026-01-05T12:11:00,SAP,System,system,24311.86,EUR,ES,V4441,low,PO815198,,completed,False,
CASE-00024,INV-000024,Check vendor risk,2026-01-05T12:23:00,Vendor Master Data,System,system,24311.86,EUR,ES,V4441,low,PO815198,,completed,False,
CASE-00024,INV-000024,Check approval threshold,2026-01-05T12:29:00,SAP,System,system,24311.86,EUR,ES,V4441,low,PO815198,,completed,False,
CASE-00024,INV-000024,Finance manager approval,2026-01-07T09:13:00.989495,SAP,Finance Manager,ap08,24311.86,EUR,ES,V4441,low,PO815198,,completed,False,
CASE-00024,INV-000024,Schedule payment,2026-01-07T15:06:39.024663,Payment System,System,system,24311.86,EUR,ES,V4441,low,PO815198,,completed,False,
CASE-00024,INV-000024,Send remittance notice,2026-01-07T15:12:39.024663,Payment System,System,system,24311.86,EUR,ES,V4441,low,PO815198,,completed,False,
CASE-00024,INV-000024,Invoice paid,2026-01-07T15:18:39.024663,Payment System,System,system,24311.86,EUR,ES,V4441,low,PO815198,,paid,False,
CASE-00025,INV-000025,Invoice received,2026-01-05T10:54:00,Coupa,System,system,4271.92,EUR,NL,V7755,medium,PO125990,,completed,False,
CASE-00025,INV-000025,Validate invoice data,2026-01-05T11:18:00,Coupa,AP Clerk,ap06,4271.92,EUR,NL,V7755,medium,PO125990,,completed,False,
CASE-00025,INV-000025,Check PO exists,2026-01-05T11:36:00,SAP,System,system,4271.92,EUR,NL,V7755,medium,PO125990,,completed,False,
CASE-00025,INV-000025,Run three-way match,2026-01-05T12:06:00,SAP,System,system,4271.92,EUR,NL,V7755,medium,PO125990,,completed,False,
CASE-00025,INV-000025,Run duplicate invoice check,2026-01-05T12:18:00,SAP,System,system,4271.92,EUR,NL,V7755,medium,PO125990,,completed,False,
CASE-00025,INV-000025,Check vendor risk,2026-01-05T12:30:00,Vendor Master Data,System,system,4271.92,EUR,NL,V7755,medium,PO125990,,completed,False,
CASE-00025,INV-000025,Check approval threshold,2026-01-05T12:36:00,SAP,System,system,4271.92,EUR,NL,V7755,medium,PO125990,,completed,False,
CASE-00025,INV-000025,Auto approve for payment scheduling,2026-01-05T12:42:00,SAP,System,system,4271.92,EUR,NL,V7755,medium,PO125990,,completed,False,
CASE-00025,INV-000025,Schedule payment,2026-01-05T18:50:04.004436,Payment System,System,system,4271.92,EUR,NL,V7755,medium,PO125990,,completed,False,
CASE-00025,INV-000025,Send remittance notice,2026-01-05T18:56:04.004436,Payment System,System,system,4271.92,EUR,NL,V7755,medium,PO125990,,completed,False,
CASE-00025,INV-000025,Invoice paid,2026-01-05T19:02:04.004436,Payment System,System,system,4271.92,EUR,NL,V7755,medium,PO125990,,paid,False,
CASE-00026,INV-000026,Invoice received,2026-01-05T11:01:00,Coupa,System,system,19737.52,EUR,DE,V8711,low,PO333238,,completed,False,
CASE-00026,INV-000026,Validate invoice data,2026-01-05T11:25:00,Coupa,AP Clerk,ap07,19737.52,EUR,DE,V8711,low,PO333238,,completed,False,
CASE-00026,INV-000026,Check PO exists,2026-01-05T11:43:00,SAP,System,system,19737.52,EUR,DE,V8711,low,PO333238,,completed,False,
CASE-00026,INV-000026,Run three-way match,2026-01-05T12:13:00,SAP,System,system,19737.52,EUR,DE,V8711,low,PO333238,,completed,False,
CASE-00026,INV-000026,Run duplicate invoice check,2026-01-05T12:25:00,SAP,System,system,19737.52,EUR,DE,V8711,low,PO333238,,completed,False,
CASE-00026,INV-000026,Check vendor risk,2026-01-05T12:37:00,Vendor Master Data,System,system,19737.52,EUR,DE,V8711,low,PO333238,,completed,False,
CASE-00026,INV-000026,Check approval threshold,2026-01-05T12:43:00,SAP,System,system,19737.52,EUR,DE,V8711,low,PO333238,,completed,False,
CASE-00026,INV-000026,Finance manager approval,2026-01-06T01:12:51.758471,SAP,Finance Manager,ap07,19737.52,EUR,DE,V8711,low,PO333238,,completed,False,
CASE-00026,INV-000026,Schedule payment,2026-01-06T07:50:25.702665,Payment System,System,system,19737.52,EUR,DE,V8711,low,PO333238,,completed,False,
CASE-00026,INV-000026,Send remittance notice,2026-01-06T07:56:25.702665,Payment System,System,system,19737.52,EUR,DE,V8711,low,PO333238,,completed,False,
CASE-00026,INV-000026,Invoice paid,2026-01-06T08:02:25.702665,Payment System,System,system,19737.52,EUR,DE,V8711,low,PO333238,,paid,False,
CASE-00027,INV-000027,Invoice received,2026-01-05T11:08:00,Coupa,System,system,21642.74,EUR,ES,V6753,high,PO772642,,completed,False,
CASE-00027,INV-000027,Validate invoice data,2026-01-05T11:32:00,Coupa,AP Clerk,ap17,21642.74,EUR,ES,V6753,high,PO772642,,completed,False,
CASE-00027,INV-000027,Check PO exists,2026-01-05T11:50:00,SAP,System,system,21642.74,EUR,ES,V6753,high,PO772642,,completed,False,
CASE-00027,INV-000027,Run three-way match,2026-01-05T12:20:00,SAP,System,system,21642.74,EUR,ES,V6753,high,PO772642,,completed,False,
CASE-00027,INV-000027,Classify exception,2026-01-05T12:32:00,ServiceNow,AP Clerk,ap17,21642.74,EUR,ES,V6753,high,PO772642,missing_gr,completed,False,
CASE-00027,INV-000027,Request goods receipt confirmation,2026-01-06T01:31:59.635870,SAP,Procurement Specialist,ap17,21642.74,EUR,ES,V6753,high,PO772642,missing_gr,completed,False,
CASE-00027,INV-000027,Run three-way match,2026-01-06T01:55:59.635870,SAP,System,system,21642.74,EUR,ES,V6753,high,PO772642,missing_gr,completed,False,
CASE-00027,INV-000027,Run duplicate invoice check,2026-01-06T02:07:59.635870,SAP,System,system,21642.74,EUR,ES,V6753,high,PO772642,,completed,False,
CASE-00027,INV-000027,Check vendor risk,2026-01-06T02:19:59.635870,Vendor Master Data,System,system,21642.74,EUR,ES,V6753,high,PO772642,,completed,False,
CASE-00027,INV-000027,Compliance review,2026-01-08T23:56:07.542221,Vendor Master Data,Compliance Officer,ap17,21642.74,EUR,ES,V6753,high,PO772642,,completed,False,
CASE-00027,INV-000027,Check approval threshold,2026-01-09T00:02:07.542221,SAP,System,system,21642.74,EUR,ES,V6753,high,PO772642,,completed,False,
CASE-00027,INV-000027,Finance manager approval,2026-01-09T15:42:57.414045,SAP,Finance Manager,ap17,21642.74,EUR,ES,V6753,high,PO772642,,completed,False,
CASE-00027,INV-000027,Schedule payment,2026-01-09T20:34:59.407405,Payment System,System,system,21642.74,EUR,ES,V6753,high,PO772642,,completed,False,
CASE-00027,INV-000027,Send remittance notice,2026-01-09T20:40:59.407405,Payment System,System,system,21642.74,EUR,ES,V6753,high,PO772642,,completed,False,
CASE-00027,INV-000027,Invoice paid,2026-01-09T20:46:59.407405,Payment System,System,system,21642.74,EUR,ES,V6753,high,PO772642,,paid,False,
CASE-00028,INV-000028,Invoice received,2026-01-05T11:15:00,Coupa,System,system,11005.45,EUR,ES,V8149,medium,PO735656,,completed,False,
CASE-00028,INV-000028,Validate invoice data,2026-01-05T11:39:00,Coupa,AP Clerk,ap17,11005.45,EUR,ES,V8149,medium,PO735656,,completed,False,
CASE-00028,INV-000028,Check PO exists,2026-01-05T11:57:00,SAP,System,system,11005.45,EUR,ES,V8149,medium,PO735656,,completed,False,
CASE-00028,INV-000028,Run three-way match,2026-01-05T12:27:00,SAP,System,system,11005.45,EUR,ES,V8149,medium,PO735656,,completed,False,
CASE-00028,INV-000028,Classify exception,2026-01-05T12:39:00,ServiceNow,AP Clerk,ap17,11005.45,EUR,ES,V8149,medium,PO735656,price_mismatch,completed,False,
CASE-00028,INV-000028,Create price mismatch ticket,2026-01-05T12:51:00,ServiceNow,System,system,11005.45,EUR,ES,V8149,medium,PO735656,price_mismatch,completed,False,
CASE-00028,INV-000028,AP review price mismatch,2026-01-09T18:16:30.156568,ServiceNow,AP Clerk,ap17,11005.45,EUR,ES,V8149,medium,PO735656,price_mismatch,completed,False,
CASE-00028,INV-000028,Correction for price mismatch,2026-01-10T12:00:43.871146,SAP,Procurement Specialist,ap17,11005.45,EUR,ES,V8149,medium,PO735656,price_mismatch,completed,False,
CASE-00028,INV-000028,Ticket Reopened,2026-01-12T09:37:21.760483,ServiceNow,AP Clerk,ap17,11005.45,EUR,ES,V8149,medium,PO735656,price_mismatch,completed,True,Ticket Reopened
CASE-00028,INV-000028,AP review price mismatch,2026-01-13T05:24:55.131628,ServiceNow,AP Clerk,ap17,11005.45,EUR,ES,V8149,medium,PO735656,price_mismatch,completed,False,
CASE-00028,INV-000028,Run three-way match,2026-01-13T05:48:55.131628,SAP,System,system,11005.45,EUR,ES,V8149,medium,PO735656,price_mismatch,completed,False,
CASE-00028,INV-000028,Run duplicate invoice check,2026-01-13T06:00:55.131628,SAP,System,system,11005.45,EUR,ES,V8149,medium,PO735656,,completed,False,
CASE-00028,INV-000028,Check vendor risk,2026-01-13T06:12:55.131628,Vendor Master Data,System,system,11005.45,EUR,ES,V8149,medium,PO735656,,completed,False,
CASE-00028,INV-000028,Check approval threshold,2026-01-13T06:18:55.131628,SAP,System,system,11005.45,EUR,ES,V8149,medium,PO735656,,completed,False,
CASE-00028,INV-000028,Finance manager approval,2026-01-13T18:59:05.496078,SAP,Finance Manager,ap17,11005.45,EUR,ES,V8149,medium,PO735656,,completed,False,
CASE-00028,INV-000028,Schedule payment,2026-01-14T02:26:06.861187,Payment System,System,system,11005.45,EUR,ES,V8149,medium,PO735656,,completed,False,
CASE-00028,INV-000028,Send remittance notice,2026-01-14T02:32:06.861187,Payment System,System,system,11005.45,EUR,ES,V8149,medium,PO735656,,completed,False,
CASE-00028,INV-000028,Invoice paid,2026-01-14T02:38:06.861187,Payment System,System,system,11005.45,EUR,ES,V8149,medium,PO735656,,paid,False,
CASE-00029,INV-000029,Invoice received,2026-01-05T11:22:00,Coupa,System,system,23734.64,EUR,IT,V6143,high,PO795612,,completed,False,
CASE-00029,INV-000029,Validate invoice data,2026-01-05T11:46:00,Coupa,AP Clerk,ap04,23734.64,EUR,IT,V6143,high,PO795612,,completed,False,
CASE-00029,INV-000029,Check PO exists,2026-01-05T12:04:00,SAP,System,system,23734.64,EUR,IT,V6143,high,PO795612,,completed,False,
CASE-00029,INV-000029,Run three-way match,2026-01-05T12:34:00,SAP,System,system,23734.64,EUR,IT,V6143,high,PO795612,,completed,False,
CASE-00029,INV-000029,Run duplicate invoice check,2026-01-05T12:46:00,SAP,System,system,23734.64,EUR,IT,V6143,high,PO795612,,completed,False,
CASE-00029,INV-000029,Check vendor risk,2026-01-05T12:58:00,Vendor Master Data,System,system,23734.64,EUR,IT,V6143,high,PO795612,,completed,False,
CASE-00029,INV-000029,Compliance review,2026-01-06T05:06:47.108903,Vendor Master Data,Compliance Officer,ap04,23734.64,EUR,IT,V6143,high,PO795612,,completed,False,
CASE-00029,INV-000029,Check approval threshold,2026-01-06T05:12:47.108903,SAP,System,system,23734.64,EUR,IT,V6143,high,PO795612,,completed,False,
CASE-00029,INV-000029,Finance manager approval,2026-01-07T03:42:45.808173,SAP,Finance Manager,ap04,23734.64,EUR,IT,V6143,high,PO795612,,completed,False,
CASE-00029,INV-000029,Schedule payment,2026-01-07T15:14:08.281890,Payment System,System,system,23734.64,EUR,IT,V6143,high,PO795612,,completed,False,
CASE-00029,INV-000029,Send remittance notice,2026-01-07T15:20:08.281890,Payment System,System,system,23734.64,EUR,IT,V6143,high,PO795612,,completed,False,
CASE-00029,INV-000029,Invoice paid,2026-01-07T15:26:08.281890,Payment System,System,system,23734.64,EUR,IT,V6143,high,PO795612,,paid,False,
CASE-00030,INV-000030,Invoice received,2026-01-05T11:29:00,Coupa,System,system,17013.62,EUR,IT,V5930,medium,PO525800,,completed,False,
CASE-00030,INV-000030,Validate invoice data,2026-01-05T11:53:00,Coupa,AP Clerk,ap18,17013.62,EUR,IT,V5930,medium,PO525800,,completed,False,
CASE-00030,INV-000030,Check PO exists,2026-01-05T12:11:00,SAP,System,system,17013.62,EUR,IT,V5930,medium,PO525800,,completed,False,
CASE-00030,INV-000030,Run three-way match,2026-01-05T12:41:00,SAP,System,system,17013.62,EUR,IT,V5930,medium,PO525800,,completed,False,
CASE-00030,INV-000030,Run duplicate invoice check,2026-01-05T12:53:00,SAP,System,system,17013.62,EUR,IT,V5930,medium,PO525800,,completed,False,
CASE-00030,INV-000030,Check vendor risk,2026-01-05T13:05:00,Vendor Master Data,System,system,17013.62,EUR,IT,V5930,medium,PO525800,,completed,False,
CASE-00030,INV-000030,Check approval threshold,2026-01-05T13:11:00,SAP,System,system,17013.62,EUR,IT,V5930,medium,PO525800,,completed,False,
CASE-00030,INV-000030,Finance manager approval,2026-01-06T12:37:18.905067,SAP,Finance Manager,ap18,17013.62,EUR,IT,V5930,medium,PO525800,,completed,False,
CASE-00030,INV-000030,Schedule payment,2026-01-06T22:01:36.969383,Payment System,System,system,17013.62,EUR,IT,V5930,medium,PO525800,,completed,False,
CASE-00030,INV-000030,Send remittance notice,2026-01-06T22:07:36.969383,Payment System,System,system,17013.62,EUR,IT,V5930,medium,PO525800,,completed,False,
CASE-00030,INV-000030,Invoice paid,2026-01-06T22:13:36.969383,Payment System,System,system,17013.62,EUR,IT,V5930,medium,PO525800,,paid,False,
CASE-00031,INV-000031,Invoice received,2026-01-05T11:36:00,Coupa,System,system,12901.56,EUR,NL,V2389,medium,PO397571,,completed,False,
CASE-00031,INV-000031,Validate invoice data,2026-01-05T12:00:00,Coupa,AP Clerk,ap17,12901.56,EUR,NL,V2389,medium,PO397571,,completed,False,
CASE-00031,INV-000031,Check PO exists,2026-01-05T12:18:00,SAP,System,system,12901.56,EUR,NL,V2389,medium,PO397571,,completed,False,
CASE-00031,INV-000031,Run three-way match,2026-01-05T12:48:00,SAP,System,system,12901.56,EUR,NL,V2389,medium,PO397571,,completed,False,
CASE-00031,INV-000031,Run duplicate invoice check,2026-01-05T13:00:00,SAP,System,system,12901.56,EUR,NL,V2389,medium,PO397571,,completed,False,
CASE-00031,INV-000031,Check vendor risk,2026-01-05T13:12:00,Vendor Master Data,System,system,12901.56,EUR,NL,V2389,medium,PO397571,,completed,False,
CASE-00031,INV-000031,Check approval threshold,2026-01-05T13:18:00,SAP,System,system,12901.56,EUR,NL,V2389,medium,PO397571,,completed,False,
CASE-00031,INV-000031,Finance manager approval,2026-01-07T04:47:19.562501,SAP,Finance Manager,ap17,12901.56,EUR,NL,V2389,medium,PO397571,,completed,False,
CASE-00031,INV-000031,Schedule payment,2026-01-07T09:58:03.356614,Payment System,System,system,12901.56,EUR,NL,V2389,medium,PO397571,,completed,False,
CASE-00031,INV-000031,Send remittance notice,2026-01-07T10:04:03.356614,Payment System,System,system,12901.56,EUR,NL,V2389,medium,PO397571,,completed,False,
CASE-00031,INV-000031,Invoice paid,2026-01-07T10:10:03.356614,Payment System,System,system,12901.56,EUR,NL,V2389,medium,PO397571,,paid,False,
CASE-00032,INV-000032,Invoice received,2026-01-05T11:43:00,Coupa,System,system,1393.79,EUR,IT,V2193,high,PO577538,,completed,False,
CASE-00032,INV-000032,Validate invoice data,2026-01-05T12:07:00,Coupa,AP Clerk,ap14,1393.79,EUR,IT,V2193,high,PO577538,,completed,False,
CASE-00032,INV-000032,Check PO exists,2026-01-05T12:25:00,SAP,System,system,1393.79,EUR,IT,V2193,high,PO577538,,completed,False,
CASE-00032,INV-000032,Run three-way match,2026-01-05T12:55:00,SAP,System,system,1393.79,EUR,IT,V2193,high,PO577538,,completed,False,
CASE-00032,INV-000032,Run duplicate invoice check,2026-01-05T13:07:00,SAP,System,system,1393.79,EUR,IT,V2193,high,PO577538,,completed,False,
CASE-00032,INV-000032,Check vendor risk,2026-01-05T13:19:00,Vendor Master Data,System,system,1393.79,EUR,IT,V2193,high,PO577538,,completed,False,
CASE-00032,INV-000032,Compliance review,2026-01-07T17:19:28.203974,Vendor Master Data,Compliance Officer,ap14,1393.79,EUR,IT,V2193,high,PO577538,,completed,False,
CASE-00032,INV-000032,Check approval threshold,2026-01-07T17:25:28.203974,SAP,System,system,1393.79,EUR,IT,V2193,high,PO577538,,completed,False,
CASE-00032,INV-000032,Auto approve for payment scheduling,2026-01-07T17:31:28.203974,SAP,System,system,1393.79,EUR,IT,V2193,high,PO577538,,completed,False,
CASE-00032,INV-000032,Schedule payment,2026-01-08T04:39:56.806969,Payment System,System,system,1393.79,EUR,IT,V2193,high,PO577538,,completed,False,
CASE-00032,INV-000032,Send remittance notice,2026-01-08T04:45:56.806969,Payment System,System,system,1393.79,EUR,IT,V2193,high,PO577538,,completed,False,
CASE-00032,INV-000032,Invoice paid,2026-01-08T04:51:56.806969,Payment System,System,system,1393.79,EUR,IT,V2193,high,PO577538,,paid,False,
CASE-00033,INV-000033,Invoice received,2026-01-05T11:50:00,Coupa,System,system,21545.9,EUR,FR,V4585,medium,PO284430,,completed,False,
CASE-00033,INV-000033,Validate invoice data,2026-01-05T12:14:00,Coupa,AP Clerk,ap23,21545.9,EUR,FR,V4585,medium,PO284430,,completed,False,
CASE-00033,INV-000033,Manual Email Review,2026-01-06T14:55:31.835445,Email and Excel,AP Clerk,ap23,21545.9,EUR,FR,V4585,medium,PO284430,,completed,True,Manual Email Review
CASE-00033,INV-000033,Check PO exists,2026-01-06T15:13:31.835445,SAP,System,system,21545.9,EUR,FR,V4585,medium,PO284430,,completed,False,
CASE-00033,INV-000033,Run three-way match,2026-01-06T15:43:31.835445,SAP,System,system,21545.9,EUR,FR,V4585,medium,PO284430,,completed,False,
CASE-00033,INV-000033,Run duplicate invoice check,2026-01-06T15:55:31.835445,SAP,System,system,21545.9,EUR,FR,V4585,medium,PO284430,,completed,False,
CASE-00033,INV-000033,Check vendor risk,2026-01-06T16:07:31.835445,Vendor Master Data,System,system,21545.9,EUR,FR,V4585,medium,PO284430,,completed,False,
CASE-00033,INV-000033,Check approval threshold,2026-01-06T16:13:31.835445,SAP,System,system,21545.9,EUR,FR,V4585,medium,PO284430,,completed,False,
CASE-00033,INV-000033,Finance manager approval,2026-01-08T15:41:34.000011,SAP,Finance Manager,ap23,21545.9,EUR,FR,V4585,medium,PO284430,,completed,False,
CASE-00033,INV-000033,Schedule payment,2026-01-09T00:27:23.026783,Payment System,System,system,21545.9,EUR,FR,V4585,medium,PO284430,,completed,False,
CASE-00033,INV-000033,Send remittance notice,2026-01-09T00:33:23.026783,Payment System,System,system,21545.9,EUR,FR,V4585,medium,PO284430,,completed,False,
CASE-00033,INV-000033,Invoice paid,2026-01-09T00:39:23.026783,Payment System,System,system,21545.9,EUR,FR,V4585,medium,PO284430,,paid,False,
CASE-00034,INV-000034,Invoice received,2026-01-05T11:57:00,Coupa,System,system,23763.48,EUR,IT,V9270,medium,PO547470,,completed,False,
CASE-00034,INV-000034,Validate invoice data,2026-01-05T12:21:00,Coupa,AP Clerk,ap18,23763.48,EUR,IT,V9270,medium,PO547470,,completed,False,
CASE-00034,INV-000034,Check PO exists,2026-01-05T12:39:00,SAP,System,system,23763.48,EUR,IT,V9270,medium,PO547470,,completed,False,
CASE-00034,INV-000034,Run three-way match,2026-01-05T13:09:00,SAP,System,system,23763.48,EUR,IT,V9270,medium,PO547470,,completed,False,
CASE-00034,INV-000034,Run duplicate invoice check,2026-01-05T13:21:00,SAP,System,system,23763.48,EUR,IT,V9270,medium,PO547470,,completed,False,
CASE-00034,INV-000034,Block invoice,2026-01-05T13:27:00,SAP,System,system,23763.48,EUR,IT,V9270,medium,PO547470,duplicate,completed,False,
CASE-00034,INV-000034,Finance controller review,2026-01-06T08:32:32.834851,SAP,Finance Controller,ap18,23763.48,EUR,IT,V9270,medium,PO547470,duplicate,completed,False,
CASE-00034,INV-000034,Invoice rejected,2026-01-06T08:38:32.834851,SAP,System,system,23763.48,EUR,IT,V9270,medium,PO547470,duplicate,rejected,False,
CASE-00035,INV-000035,Invoice received,2026-01-05T12:04:00,Coupa,System,system,19497.45,EUR,NL,V5499,low,PO561239,,completed,False,
CASE-00035,INV-000035,Validate invoice data,2026-01-05T12:28:00,Coupa,AP Clerk,ap03,19497.45,EUR,NL,V5499,low,PO561239,,completed,False,
CASE-00035,INV-000035,Check PO exists,2026-01-05T12:46:00,SAP,System,system,19497.45,EUR,NL,V5499,low,PO561239,,completed,False,
CASE-00035,INV-000035,Run three-way match,2026-01-05T13:16:00,SAP,System,system,19497.45,EUR,NL,V5499,low,PO561239,,completed,False,
CASE-00035,INV-000035,Run duplicate invoice check,2026-01-05T13:28:00,SAP,System,system,19497.45,EUR,NL,V5499,low,PO561239,,completed,False,
CASE-00035,INV-000035,Check vendor risk,2026-01-05T13:40:00,Vendor Master Data,System,system,19497.45,EUR,NL,V5499,low,PO561239,,completed,False,
CASE-00035,INV-000035,Check approval threshold,2026-01-05T13:46:00,SAP,System,system,19497.45,EUR,NL,V5499,low,PO561239,,completed,False,
CASE-00035,INV-000035,Finance manager approval,2026-01-06T10:37:12.790321,SAP,Finance Manager,ap03,19497.45,EUR,NL,V5499,low,PO561239,,completed,False,
CASE-00035,INV-000035,Schedule payment,2026-01-06T15:50:33.581998,Payment System,System,system,19497.45,EUR,NL,V5499,low,PO561239,,completed,False,
CASE-00035,INV-000035,Send remittance notice,2026-01-06T15:56:33.581998,Payment System,System,system,19497.45,EUR,NL,V5499,low,PO561239,,completed,False,
CASE-00035,INV-000035,Invoice paid,2026-01-06T16:02:33.581998,Payment System,System,system,19497.45,EUR,NL,V5499,low,PO561239,,paid,False,
CASE-00036,INV-000036,Invoice received,2026-01-05T12:11:00,Coupa,System,system,5545.33,EUR,ES,V9890,low,PO588557,,completed,False,
CASE-00036,INV-000036,Validate invoice data,2026-01-05T12:35:00,Coupa,AP Clerk,ap14,5545.33,EUR,ES,V9890,low,PO588557,,completed,False,
CASE-00036,INV-000036,Check PO exists,2026-01-05T12:53:00,SAP,System,system,5545.33,EUR,ES,V9890,low,PO588557,,completed,False,
CASE-00036,INV-000036,Run three-way match,2026-01-05T13:23:00,SAP,System,system,5545.33,EUR,ES,V9890,low,PO588557,,completed,False,
CASE-00036,INV-000036,Classify exception,2026-01-05T13:35:00,ServiceNow,AP Clerk,ap14,5545.33,EUR,ES,V9890,low,PO588557,price_mismatch,completed,False,
CASE-00036,INV-000036,Create price mismatch ticket,2026-01-05T13:47:00,ServiceNow,System,system,5545.33,EUR,ES,V9890,low,PO588557,price_mismatch,completed,False,
CASE-00036,INV-000036,AP review price mismatch,2026-01-10T02:19:34.946105,ServiceNow,AP Clerk,ap14,5545.33,EUR,ES,V9890,low,PO588557,price_mismatch,completed,False,
CASE-00036,INV-000036,Correction for price mismatch,2026-01-10T17:50:24.651075,SAP,Procurement Specialist,ap14,5545.33,EUR,ES,V9890,low,PO588557,price_mismatch,completed,False,
CASE-00036,INV-000036,Run three-way match,2026-01-10T18:14:24.651075,SAP,System,system,5545.33,EUR,ES,V9890,low,PO588557,price_mismatch,completed,False,
CASE-00036,INV-000036,Run duplicate invoice check,2026-01-10T18:26:24.651075,SAP,System,system,5545.33,EUR,ES,V9890,low,PO588557,,completed,False,
CASE-00036,INV-000036,Check vendor risk,2026-01-10T18:38:24.651075,Vendor Master Data,System,system,5545.33,EUR,ES,V9890,low,PO588557,,completed,False,
CASE-00036,INV-000036,Check approval threshold,2026-01-10T18:44:24.651075,SAP,System,system,5545.33,EUR,ES,V9890,low,PO588557,,completed,False,
CASE-00036,INV-000036,Auto approve for payment scheduling,2026-01-10T18:50:24.651075,SAP,System,system,5545.33,EUR,ES,V9890,low,PO588557,,completed,False,
CASE-00036,INV-000036,Schedule payment,2026-01-11T02:39:21.667373,Payment System,System,system,5545.33,EUR,ES,V9890,low,PO588557,,completed,False,
CASE-00036,INV-000036,Send remittance notice,2026-01-11T02:45:21.667373,Payment System,System,system,5545.33,EUR,ES,V9890,low,PO588557,,completed,False,
CASE-00036,INV-000036,Invoice paid,2026-01-11T02:51:21.667373,Payment System,System,system,5545.33,EUR,ES,V9890,low,PO588557,,paid,False,
CASE-00037,INV-000037,Invoice received,2026-01-05T12:18:00,Coupa,System,system,23582.86,EUR,FR,V7865,low,PO664365,,completed,False,
CASE-00037,INV-000037,Validate invoice data,2026-01-05T12:42:00,Coupa,AP Clerk,ap24,23582.86,EUR,FR,V7865,low,PO664365,,completed,False,
CASE-00037,INV-000037,Check PO exists,2026-01-05T13:00:00,SAP,System,system,23582.86,EUR,FR,V7865,low,PO664365,,completed,False,
CASE-00037,INV-000037,Run three-way match,2026-01-05T13:30:00,SAP,System,system,23582.86,EUR,FR,V7865,low,PO664365,,completed,False,
CASE-00037,INV-000037,Run duplicate invoice check,2026-01-05T13:42:00,SAP,System,system,23582.86,EUR,FR,V7865,low,PO664365,,completed,False,
CASE-00037,INV-000037,Check vendor risk,2026-01-05T13:54:00,Vendor Master Data,System,system,23582.86,EUR,FR,V7865,low,PO664365,,completed,False,
CASE-00037,INV-000037,Check approval threshold,2026-01-05T14:00:00,SAP,System,system,23582.86,EUR,FR,V7865,low,PO664365,,completed,False,
CASE-00037,INV-000037,Finance manager approval,2026-01-06T11:06:34.980994,SAP,Finance Manager,ap24,23582.86,EUR,FR,V7865,low,PO664365,,completed,False,
CASE-00037,INV-000037,Schedule payment,2026-01-06T20:27:38.541268,Payment System,System,system,23582.86,EUR,FR,V7865,low,PO664365,,completed,False,
CASE-00037,INV-000037,Send remittance notice,2026-01-06T20:33:38.541268,Payment System,System,system,23582.86,EUR,FR,V7865,low,PO664365,,completed,False,
CASE-00037,INV-000037,Invoice paid,2026-01-06T20:39:38.541268,Payment System,System,system,23582.86,EUR,FR,V7865,low,PO664365,,paid,False,
CASE-00038,INV-000038,Invoice received,2026-01-05T12:25:00,Coupa,System,system,20004.02,EUR,FR,V3091,medium,PO752483,,completed,False,
CASE-00038,INV-000038,Validate invoice data,2026-01-05T12:49:00,Coupa,AP Clerk,ap18,20004.02,EUR,FR,V3091,medium,PO752483,,completed,False,
CASE-00038,INV-000038,Check PO exists,2026-01-05T13:07:00,SAP,System,system,20004.02,EUR,FR,V3091,medium,PO752483,,completed,False,
CASE-00038,INV-000038,Run three-way match,2026-01-05T13:37:00,SAP,System,system,20004.02,EUR,FR,V3091,medium,PO752483,,completed,False,
CASE-00038,INV-000038,Classify exception,2026-01-05T13:49:00,ServiceNow,AP Clerk,ap18,20004.02,EUR,FR,V3091,medium,PO752483,price_mismatch,completed,False,
CASE-00038,INV-000038,Create price mismatch ticket,2026-01-05T14:01:00,ServiceNow,System,system,20004.02,EUR,FR,V3091,medium,PO752483,price_mismatch,completed,False,
CASE-00038,INV-000038,AP review price mismatch,2026-01-08T10:20:22.982264,ServiceNow,AP Clerk,ap18,20004.02,EUR,FR,V3091,medium,PO752483,price_mismatch,completed,False,
CASE-00038,INV-000038,Correction for price mismatch,2026-01-08T15:20:43.475875,SAP,Procurement Specialist,ap18,20004.02,EUR,FR,V3091,medium,PO752483,price_mismatch,completed,False,
CASE-00038,INV-000038,Ticket Reopened,2026-01-09T14:30:34.432318,ServiceNow,AP Clerk,ap18,20004.02,EUR,FR,V3091,medium,PO752483,price_mismatch,completed,True,Ticket Reopened
CASE-00038,INV-000038,AP review price mismatch,2026-01-10T01:53:46.064689,ServiceNow,AP Clerk,ap18,20004.02,EUR,FR,V3091,medium,PO752483,price_mismatch,completed,False,
CASE-00038,INV-000038,Run three-way match,2026-01-10T02:17:46.064689,SAP,System,system,20004.02,EUR,FR,V3091,medium,PO752483,price_mismatch,completed,False,
CASE-00038,INV-000038,Run duplicate invoice check,2026-01-10T02:29:46.064689,SAP,System,system,20004.02,EUR,FR,V3091,medium,PO752483,,completed,False,
CASE-00038,INV-000038,Check vendor risk,2026-01-10T02:41:46.064689,Vendor Master Data,System,system,20004.02,EUR,FR,V3091,medium,PO752483,,completed,False,
CASE-00038,INV-000038,Check approval threshold,2026-01-10T02:47:46.064689,SAP,System,system,20004.02,EUR,FR,V3091,medium,PO752483,,completed,False,
CASE-00038,INV-000038,Finance manager approval,2026-01-10T21:10:38.440182,SAP,Finance Manager,ap18,20004.02,EUR,FR,V3091,medium,PO752483,,completed,False,
CASE-00038,INV-000038,Schedule payment,2026-01-11T07:16:01.855769,Payment System,System,system,20004.02,EUR,FR,V3091,medium,PO752483,,completed,False,
CASE-00038,INV-000038,Send remittance notice,2026-01-11T07:22:01.855769,Payment System,System,system,20004.02,EUR,FR,V3091,medium,PO752483,,completed,False,
CASE-00038,INV-000038,Invoice paid,2026-01-11T07:28:01.855769,Payment System,System,system,20004.02,EUR,FR,V3091,medium,PO752483,,paid,False,
CASE-00039,INV-000039,Invoice received,2026-01-05T12:32:00,Coupa,System,system,9633.37,EUR,FR,V5133,medium,PO975467,,completed,False,
CASE-00039,INV-000039,Validate invoice data,2026-01-05T12:56:00,Coupa,AP Clerk,ap03,9633.37,EUR,FR,V5133,medium,PO975467,,completed,False,
CASE-00039,INV-000039,Check PO exists,2026-01-05T13:14:00,SAP,System,system,9633.37,EUR,FR,V5133,medium,PO975467,,completed,False,
CASE-00039,INV-000039,Run three-way match,2026-01-05T13:44:00,SAP,System,system,9633.37,EUR,FR,V5133,medium,PO975467,,completed,False,
CASE-00039,INV-000039,Run duplicate invoice check,2026-01-05T13:56:00,SAP,System,system,9633.37,EUR,FR,V5133,medium,PO975467,,completed,False,
CASE-00039,INV-000039,Check vendor risk,2026-01-05T14:08:00,Vendor Master Data,System,system,9633.37,EUR,FR,V5133,medium,PO975467,,completed,False,
CASE-00039,INV-000039,Check approval threshold,2026-01-05T14:14:00,SAP,System,system,9633.37,EUR,FR,V5133,medium,PO975467,,completed,False,
CASE-00039,INV-000039,Auto approve for payment scheduling,2026-01-05T14:20:00,SAP,System,system,9633.37,EUR,FR,V5133,medium,PO975467,,completed,False,
CASE-00039,INV-000039,Schedule payment,2026-01-06T01:59:29.825360,Payment System,System,system,9633.37,EUR,FR,V5133,medium,PO975467,,completed,False,
CASE-00039,INV-000039,Send remittance notice,2026-01-06T02:05:29.825360,Payment System,System,system,9633.37,EUR,FR,V5133,medium,PO975467,,completed,False,
CASE-00039,INV-000039,Invoice paid,2026-01-06T02:11:29.825360,Payment System,System,system,9633.37,EUR,FR,V5133,medium,PO975467,,paid,False,
CASE-00040,INV-000040,Invoice received,2026-01-05T12:39:00,Coupa,System,system,1246.39,EUR,NL,V4266,low,PO979995,,completed,False,
CASE-00040,INV-000040,Validate invoice data,2026-01-05T13:03:00,Coupa,AP Clerk,ap01,1246.39,EUR,NL,V4266,low,PO979995,,completed,False,
CASE-00040,INV-000040,Check PO exists,2026-01-05T13:21:00,SAP,System,system,1246.39,EUR,NL,V4266,low,PO979995,,completed,False,
CASE-00040,INV-000040,Run three-way match,2026-01-05T13:51:00,SAP,System,system,1246.39,EUR,NL,V4266,low,PO979995,,completed,False,
CASE-00040,INV-000040,Run duplicate invoice check,2026-01-05T14:03:00,SAP,System,system,1246.39,EUR,NL,V4266,low,PO979995,,completed,False,
CASE-00040,INV-000040,Check vendor risk,2026-01-05T14:15:00,Vendor Master Data,System,system,1246.39,EUR,NL,V4266,low,PO979995,,completed,False,
CASE-00040,INV-000040,Check approval threshold,2026-01-05T14:21:00,SAP,System,system,1246.39,EUR,NL,V4266,low,PO979995,,completed,False,
CASE-00040,INV-000040,Auto approve for payment scheduling,2026-01-05T14:27:00,SAP,System,system,1246.39,EUR,NL,V4266,low,PO979995,,completed,False,
CASE-00040,INV-000040,Schedule payment,2026-01-05T20:29:59.818461,Payment System,System,system,1246.39,EUR,NL,V4266,low,PO979995,,completed,False,
CASE-00040,INV-000040,Send remittance notice,2026-01-05T20:35:59.818461,Payment System,System,system,1246.39,EUR,NL,V4266,low,PO979995,,completed,False,
CASE-00040,INV-000040,Invoice paid,2026-01-05T20:41:59.818461,Payment System,System,system,1246.39,EUR,NL,V4266,low,PO979995,,paid,False,
CASE-00041,INV-000041,Invoice received,2026-01-05T12:46:00,Coupa,System,system,9380.16,EUR,DE,V3683,low,PO426147,,completed,False,
CASE-00041,INV-000041,Validate invoice data,2026-01-05T13:10:00,Coupa,AP Clerk,ap04,9380.16,EUR,DE,V3683,low,PO426147,,completed,False,
CASE-00041,INV-000041,Check PO exists,2026-01-05T13:28:00,SAP,System,system,9380.16,EUR,DE,V3683,low,PO426147,,completed,False,
CASE-00041,INV-000041,Run three-way match,2026-01-05T13:58:00,SAP,System,system,9380.16,EUR,DE,V3683,low,PO426147,,completed,False,
CASE-00041,INV-000041,Run duplicate invoice check,2026-01-05T14:10:00,SAP,System,system,9380.16,EUR,DE,V3683,low,PO426147,,completed,False,
CASE-00041,INV-000041,Check vendor risk,2026-01-05T14:22:00,Vendor Master Data,System,system,9380.16,EUR,DE,V3683,low,PO426147,,completed,False,
CASE-00041,INV-000041,Check approval threshold,2026-01-05T14:28:00,SAP,System,system,9380.16,EUR,DE,V3683,low,PO426147,,completed,False,
CASE-00041,INV-000041,Auto approve for payment scheduling,2026-01-05T14:34:00,SAP,System,system,9380.16,EUR,DE,V3683,low,PO426147,,completed,False,
CASE-00041,INV-000041,Schedule payment,2026-01-05T20:09:11.897580,Payment System,System,system,9380.16,EUR,DE,V3683,low,PO426147,,completed,False,
CASE-00041,INV-000041,Send remittance notice,2026-01-05T20:15:11.897580,Payment System,System,system,9380.16,EUR,DE,V3683,low,PO426147,,completed,False,
CASE-00041,INV-000041,Invoice paid,2026-01-05T20:21:11.897580,Payment System,System,system,9380.16,EUR,DE,V3683,low,PO426147,,paid,False,
CASE-00042,INV-000042,Invoice received,2026-01-05T12:53:00,Coupa,System,system,14904.42,EUR,NL,V2669,medium,PO831059,,completed,False,
CASE-00042,INV-000042,Validate invoice data,2026-01-05T13:17:00,Coupa,AP Clerk,ap25,14904.42,EUR,NL,V2669,medium,PO831059,,completed,False,
CASE-00042,INV-000042,Check PO exists,2026-01-05T13:35:00,SAP,System,system,14904.42,EUR,NL,V2669,medium,PO831059,,completed,False,
CASE-00042,INV-000042,Create missing PO exception,2026-01-05T13:47:00,ServiceNow,System,system,14904.42,EUR,NL,V2669,medium,PO831059,missing_po,completed,False,
CASE-00042,INV-000042,AP review missing PO,2026-01-08T16:55:36.756779,ServiceNow,AP Clerk,ap25,14904.42,EUR,NL,V2669,medium,PO831059,missing_po,completed,False,
CASE-00042,INV-000042,Procurement correction,2026-01-10T03:23:15.829838,SAP,Procurement Specialist,ap25,14904.42,EUR,NL,V2669,medium,PO831059,missing_po,completed,False,
CASE-00042,INV-000042,Check PO exists,2026-01-10T03:35:15.829838,SAP,System,system,14904.42,EUR,NL,V2669,medium,PO831059,missing_po,completed,False,
CASE-00042,INV-000042,Run three-way match,2026-01-10T04:05:15.829838,SAP,System,system,14904.42,EUR,NL,V2669,medium,PO831059,,completed,False,
CASE-00042,INV-000042,Run duplicate invoice check,2026-01-10T04:17:15.829838,SAP,System,system,14904.42,EUR,NL,V2669,medium,PO831059,,completed,False,
CASE-00042,INV-000042,Check vendor risk,2026-01-10T04:29:15.829838,Vendor Master Data,System,system,14904.42,EUR,NL,V2669,medium,PO831059,,completed,False,
CASE-00042,INV-000042,Check approval threshold,2026-01-10T04:35:15.829838,SAP,System,system,14904.42,EUR,NL,V2669,medium,PO831059,,completed,False,
CASE-00042,INV-000042,Finance manager approval,2026-01-10T11:37:18.576903,SAP,Finance Manager,ap25,14904.42,EUR,NL,V2669,medium,PO831059,,completed,False,
CASE-00042,INV-000042,Schedule payment,2026-01-10T20:48:07.822620,Payment System,System,system,14904.42,EUR,NL,V2669,medium,PO831059,,completed,False,
CASE-00042,INV-000042,Send remittance notice,2026-01-10T20:54:07.822620,Payment System,System,system,14904.42,EUR,NL,V2669,medium,PO831059,,completed,False,
CASE-00042,INV-000042,Invoice paid,2026-01-10T21:00:07.822620,Payment System,System,system,14904.42,EUR,NL,V2669,medium,PO831059,,paid,False,
CASE-00043,INV-000043,Invoice received,2026-01-05T13:00:00,Coupa,System,system,563.14,EUR,FR,V2729,low,PO554582,,completed,False,
CASE-00043,INV-000043,Validate invoice data,2026-01-05T13:24:00,Coupa,AP Clerk,ap12,563.14,EUR,FR,V2729,low,PO554582,,completed,False,
CASE-00043,INV-000043,Check PO exists,2026-01-05T13:42:00,SAP,System,system,563.14,EUR,FR,V2729,low,PO554582,,completed,False,
CASE-00043,INV-000043,Run three-way match,2026-01-05T14:12:00,SAP,System,system,563.14,EUR,FR,V2729,low,PO554582,,completed,False,
CASE-00043,INV-000043,Run duplicate invoice check,2026-01-05T14:24:00,SAP,System,system,563.14,EUR,FR,V2729,low,PO554582,,completed,False,
CASE-00043,INV-000043,Check vendor risk,2026-01-05T14:36:00,Vendor Master Data,System,system,563.14,EUR,FR,V2729,low,PO554582,,completed,False,
CASE-00043,INV-000043,Check approval threshold,2026-01-05T14:42:00,SAP,System,system,563.14,EUR,FR,V2729,low,PO554582,,completed,False,
CASE-00043,INV-000043,Auto approve for payment scheduling,2026-01-05T14:48:00,SAP,System,system,563.14,EUR,FR,V2729,low,PO554582,,completed,False,
CASE-00043,INV-000043,Schedule payment,2026-01-05T20:57:38.373016,Payment System,System,system,563.14,EUR,FR,V2729,low,PO554582,,completed,False,
CASE-00043,INV-000043,Send remittance notice,2026-01-05T21:03:38.373016,Payment System,System,system,563.14,EUR,FR,V2729,low,PO554582,,completed,False,
CASE-00043,INV-000043,Invoice paid,2026-01-05T21:09:38.373016,Payment System,System,system,563.14,EUR,FR,V2729,low,PO554582,,paid,False,
CASE-00044,INV-000044,Invoice received,2026-01-05T13:07:00,Coupa,System,system,20252.93,EUR,FR,V8616,low,PO556732,,completed,False,
CASE-00044,INV-000044,Validate invoice data,2026-01-05T13:31:00,Coupa,AP Clerk,ap24,20252.93,EUR,FR,V8616,low,PO556732,,completed,False,
CASE-00044,INV-000044,Check PO exists,2026-01-05T13:49:00,SAP,System,system,20252.93,EUR,FR,V8616,low,PO556732,,completed,False,
CASE-00044,INV-000044,Run three-way match,2026-01-05T14:19:00,SAP,System,system,20252.93,EUR,FR,V8616,low,PO556732,,completed,False,
CASE-00044,INV-000044,Run duplicate invoice check,2026-01-05T14:31:00,SAP,System,system,20252.93,EUR,FR,V8616,low,PO556732,,completed,False,
CASE-00044,INV-000044,Check vendor risk,2026-01-05T14:43:00,Vendor Master Data,System,system,20252.93,EUR,FR,V8616,low,PO556732,,completed,False,
CASE-00044,INV-000044,Check approval threshold,2026-01-05T14:49:00,SAP,System,system,20252.93,EUR,FR,V8616,low,PO556732,,completed,False,
CASE-00044,INV-000044,Finance manager approval,2026-01-07T03:50:15.443041,SAP,Finance Manager,ap24,20252.93,EUR,FR,V8616,low,PO556732,,completed,False,
CASE-00044,INV-000044,Schedule payment,2026-01-07T12:23:47.112808,Payment System,System,system,20252.93,EUR,FR,V8616,low,PO556732,,completed,False,
CASE-00044,INV-000044,Send remittance notice,2026-01-07T12:29:47.112808,Payment System,System,system,20252.93,EUR,FR,V8616,low,PO556732,,completed,False,
CASE-00044,INV-000044,Invoice paid,2026-01-07T12:35:47.112808,Payment System,System,system,20252.93,EUR,FR,V8616,low,PO556732,,paid,False,
CASE-00045,INV-000045,Invoice received,2026-01-05T13:14:00,Coupa,System,system,16787.66,EUR,FR,V6325,low,PO290672,,completed,False,
CASE-00045,INV-000045,Validate invoice data,2026-01-05T13:38:00,Coupa,AP Clerk,ap16,16787.66,EUR,FR,V6325,low,PO290672,,completed,False,
CASE-00045,INV-000045,Check PO exists,2026-01-05T13:56:00,SAP,System,system,16787.66,EUR,FR,V6325,low,PO290672,,completed,False,
CASE-00045,INV-000045,Run three-way match,2026-01-05T14:26:00,SAP,System,system,16787.66,EUR,FR,V6325,low,PO290672,,completed,False,
CASE-00045,INV-000045,Classify exception,2026-01-05T14:38:00,ServiceNow,AP Clerk,ap16,16787.66,EUR,FR,V6325,low,PO290672,quantity_mismatch,completed,False,
CASE-00045,INV-000045,Create quantity mismatch ticket,2026-01-05T14:50:00,ServiceNow,System,system,16787.66,EUR,FR,V6325,low,PO290672,quantity_mismatch,completed,False,
CASE-00045,INV-000045,AP review quantity mismatch,2026-01-06T15:48:28.225150,ServiceNow,AP Clerk,ap16,16787.66,EUR,FR,V6325,low,PO290672,quantity_mismatch,completed,False,
CASE-00045,INV-000045,Correction for quantity mismatch,2026-01-07T14:46:08.730750,SAP,Procurement Specialist,ap16,16787.66,EUR,FR,V6325,low,PO290672,quantity_mismatch,completed,False,
CASE-00045,INV-000045,Run three-way match,2026-01-07T15:10:08.730750,SAP,System,system,16787.66,EUR,FR,V6325,low,PO290672,quantity_mismatch,completed,False,
CASE-00045,INV-000045,Run duplicate invoice check,2026-01-07T15:22:08.730750,SAP,System,system,16787.66,EUR,FR,V6325,low,PO290672,,completed,False,
CASE-00045,INV-000045,Check vendor risk,2026-01-07T15:34:08.730750,Vendor Master Data,System,system,16787.66,EUR,FR,V6325,low,PO290672,,completed,False,
CASE-00045,INV-000045,Check approval threshold,2026-01-07T15:40:08.730750,SAP,System,system,16787.66,EUR,FR,V6325,low,PO290672,,completed,False,
CASE-00045,INV-000045,Finance manager approval,2026-01-07T23:26:09.823924,SAP,Finance Manager,ap16,16787.66,EUR,FR,V6325,low,PO290672,,completed,False,
CASE-00045,INV-000045,Schedule payment,2026-01-08T09:11:47.974250,Payment System,System,system,16787.66,EUR,FR,V6325,low,PO290672,,completed,False,
CASE-00045,INV-000045,Send remittance notice,2026-01-08T09:17:47.974250,Payment System,System,system,16787.66,EUR,FR,V6325,low,PO290672,,completed,False,
CASE-00045,INV-000045,Invoice paid,2026-01-08T09:23:47.974250,Payment System,System,system,16787.66,EUR,FR,V6325,low,PO290672,,paid,False,
CASE-00046,INV-000046,Invoice received,2026-01-05T13:21:00,Coupa,System,system,12342.3,EUR,FR,V9041,medium,PO569945,,completed,False,
CASE-00046,INV-000046,Validate invoice data,2026-01-05T13:45:00,Coupa,AP Clerk,ap01,12342.3,EUR,FR,V9041,medium,PO569945,,completed,False,
CASE-00046,INV-000046,Check PO exists,2026-01-05T14:03:00,SAP,System,system,12342.3,EUR,FR,V9041,medium,PO569945,,completed,False,
CASE-00046,INV-000046,Run three-way match,2026-01-05T14:33:00,SAP,System,system,12342.3,EUR,FR,V9041,medium,PO569945,,completed,False,
CASE-00046,INV-000046,Classify exception,2026-01-05T14:45:00,ServiceNow,AP Clerk,ap01,12342.3,EUR,FR,V9041,medium,PO569945,price_mismatch,completed,False,
CASE-00046,INV-000046,Create price mismatch ticket,2026-01-05T14:57:00,ServiceNow,System,system,12342.3,EUR,FR,V9041,medium,PO569945,price_mismatch,completed,False,
CASE-00046,INV-000046,AP review price mismatch,2026-01-08T17:55:06.619404,ServiceNow,AP Clerk,ap01,12342.3,EUR,FR,V9041,medium,PO569945,price_mismatch,completed,False,
CASE-00046,INV-000046,Correction for price mismatch,2026-01-09T06:25:42.893919,SAP,Procurement Specialist,ap01,12342.3,EUR,FR,V9041,medium,PO569945,price_mismatch,completed,False,
CASE-00046,INV-000046,Run three-way match,2026-01-09T06:49:42.893919,SAP,System,system,12342.3,EUR,FR,V9041,medium,PO569945,price_mismatch,completed,False,
CASE-00046,INV-000046,Run duplicate invoice check,2026-01-09T07:01:42.893919,SAP,System,system,12342.3,EUR,FR,V9041,medium,PO569945,,completed,False,
CASE-00046,INV-000046,Check vendor risk,2026-01-09T07:13:42.893919,Vendor Master Data,System,system,12342.3,EUR,FR,V9041,medium,PO569945,,completed,False,
CASE-00046,INV-000046,Check approval threshold,2026-01-09T07:19:42.893919,SAP,System,system,12342.3,EUR,FR,V9041,medium,PO569945,,completed,False,
CASE-00046,INV-000046,Finance manager approval,2026-01-10T20:08:59.067094,SAP,Finance Manager,ap01,12342.3,EUR,FR,V9041,medium,PO569945,,completed,False,
CASE-00046,INV-000046,Schedule payment,2026-01-11T02:47:45.856453,Payment System,System,system,12342.3,EUR,FR,V9041,medium,PO569945,,completed,False,
CASE-00046,INV-000046,Send remittance notice,2026-01-11T02:53:45.856453,Payment System,System,system,12342.3,EUR,FR,V9041,medium,PO569945,,completed,False,
CASE-00046,INV-000046,Invoice paid,2026-01-11T02:59:45.856453,Payment System,System,system,12342.3,EUR,FR,V9041,medium,PO569945,,paid,False,
CASE-00047,INV-000047,Invoice received,2026-01-05T13:28:00,Coupa,System,system,17645.66,EUR,ES,V4777,low,PO226516,,completed,False,
CASE-00047,INV-000047,Validate invoice data,2026-01-05T13:52:00,Coupa,AP Clerk,ap24,17645.66,EUR,ES,V4777,low,PO226516,,completed,False,
CASE-00047,INV-000047,Check PO exists,2026-01-05T14:10:00,SAP,System,system,17645.66,EUR,ES,V4777,low,PO226516,,completed,False,
CASE-00047,INV-000047,Run three-way match,2026-01-05T14:40:00,SAP,System,system,17645.66,EUR,ES,V4777,low,PO226516,,completed,False,
CASE-00047,INV-000047,Classify exception,2026-01-05T14:52:00,ServiceNow,AP Clerk,ap24,17645.66,EUR,ES,V4777,low,PO226516,price_mismatch,completed,False,
CASE-00047,INV-000047,Create price mismatch ticket,2026-01-05T15:04:00,ServiceNow,System,system,17645.66,EUR,ES,V4777,low,PO226516,price_mismatch,completed,False,
CASE-00047,INV-000047,AP review price mismatch,2026-01-11T00:19:47.319930,ServiceNow,AP Clerk,ap24,17645.66,EUR,ES,V4777,low,PO226516,price_mismatch,completed,False,
CASE-00047,INV-000047,Correction for price mismatch,2026-01-11T23:51:43.025578,SAP,Procurement Specialist,ap24,17645.66,EUR,ES,V4777,low,PO226516,price_mismatch,completed,False,
CASE-00047,INV-000047,Run three-way match,2026-01-12T00:15:43.025578,SAP,System,system,17645.66,EUR,ES,V4777,low,PO226516,price_mismatch,completed,False,
CASE-00047,INV-000047,Run duplicate invoice check,2026-01-12T00:27:43.025578,SAP,System,system,17645.66,EUR,ES,V4777,low,PO226516,,completed,False,
CASE-00047,INV-000047,Check vendor risk,2026-01-12T00:39:43.025578,Vendor Master Data,System,system,17645.66,EUR,ES,V4777,low,PO226516,,completed,False,
CASE-00047,INV-000047,Check approval threshold,2026-01-12T00:45:43.025578,SAP,System,system,17645.66,EUR,ES,V4777,low,PO226516,,completed,False,
CASE-00047,INV-000047,Finance manager approval,2026-01-13T03:50:45.505645,SAP,Finance Manager,ap24,17645.66,EUR,ES,V4777,low,PO226516,,completed,False,
CASE-00047,INV-000047,Schedule payment,2026-01-13T10:06:35.868299,Payment System,System,system,17645.66,EUR,ES,V4777,low,PO226516,,completed,False,
CASE-00047,INV-000047,Send remittance notice,2026-01-13T10:12:35.868299,Payment System,System,system,17645.66,EUR,ES,V4777,low,PO226516,,completed,False,
CASE-00047,INV-000047,Invoice paid,2026-01-13T10:18:35.868299,Payment System,System,system,17645.66,EUR,ES,V4777,low,PO226516,,paid,False,
CASE-00048,INV-000048,Invoice received,2026-01-05T13:35:00,Coupa,System,system,2738.02,EUR,NL,V6912,low,PO288158,,completed,False,
CASE-00048,INV-000048,Validate invoice data,2026-01-05T13:59:00,Coupa,AP Clerk,ap10,2738.02,EUR,NL,V6912,low,PO288158,,completed,False,
CASE-00048,INV-000048,Check PO exists,2026-01-05T14:17:00,SAP,System,system,2738.02,EUR,NL,V6912,low,PO288158,,completed,False,
CASE-00048,INV-000048,Run three-way match,2026-01-05T14:47:00,SAP,System,system,2738.02,EUR,NL,V6912,low,PO288158,,completed,False,
CASE-00048,INV-000048,Classify exception,2026-01-05T14:59:00,ServiceNow,AP Clerk,ap10,2738.02,EUR,NL,V6912,low,PO288158,price_mismatch,completed,False,
CASE-00048,INV-000048,Create price mismatch ticket,2026-01-05T15:11:00,ServiceNow,System,system,2738.02,EUR,NL,V6912,low,PO288158,price_mismatch,completed,False,
CASE-00048,INV-000048,AP review price mismatch,2026-01-07T03:18:22.192766,ServiceNow,AP Clerk,ap10,2738.02,EUR,NL,V6912,low,PO288158,price_mismatch,completed,False,
CASE-00048,INV-000048,Correction for price mismatch,2026-01-08T00:40:31.398969,SAP,Procurement Specialist,ap10,2738.02,EUR,NL,V6912,low,PO288158,price_mismatch,completed,False,
CASE-00048,INV-000048,Run three-way match,2026-01-08T01:04:31.398969,SAP,System,system,2738.02,EUR,NL,V6912,low,PO288158,price_mismatch,completed,False,
CASE-00048,INV-000048,Run duplicate invoice check,2026-01-08T01:16:31.398969,SAP,System,system,2738.02,EUR,NL,V6912,low,PO288158,,completed,False,
CASE-00048,INV-000048,Check vendor risk,2026-01-08T01:28:31.398969,Vendor Master Data,System,system,2738.02,EUR,NL,V6912,low,PO288158,,completed,False,
CASE-00048,INV-000048,Check approval threshold,2026-01-08T01:34:31.398969,SAP,System,system,2738.02,EUR,NL,V6912,low,PO288158,,completed,False,
CASE-00048,INV-000048,Auto approve for payment scheduling,2026-01-08T01:40:31.398969,SAP,System,system,2738.02,EUR,NL,V6912,low,PO288158,,completed,False,
CASE-00048,INV-000048,Schedule payment,2026-01-08T09:36:08.705371,Payment System,System,system,2738.02,EUR,NL,V6912,low,PO288158,,completed,False,
CASE-00048,INV-000048,Send remittance notice,2026-01-08T09:42:08.705371,Payment System,System,system,2738.02,EUR,NL,V6912,low,PO288158,,completed,False,
CASE-00048,INV-000048,Invoice paid,2026-01-08T09:48:08.705371,Payment System,System,system,2738.02,EUR,NL,V6912,low,PO288158,,paid,False,
CASE-00049,INV-000049,Invoice received,2026-01-05T13:42:00,Coupa,System,system,21849.81,EUR,FR,V8843,low,PO561865,,completed,False,
CASE-00049,INV-000049,Validate invoice data,2026-01-05T14:06:00,Coupa,AP Clerk,ap11,21849.81,EUR,FR,V8843,low,PO561865,,completed,False,
CASE-00049,INV-000049,Manual Email Review,2026-01-06T00:10:27.482762,Email and Excel,AP Clerk,ap11,21849.81,EUR,FR,V8843,low,PO561865,,completed,True,Manual Email Review
CASE-00049,INV-000049,Check PO exists,2026-01-06T00:28:27.482762,SAP,System,system,21849.81,EUR,FR,V8843,low,PO561865,,completed,False,
CASE-00049,INV-000049,Run three-way match,2026-01-06T00:58:27.482762,SAP,System,system,21849.81,EUR,FR,V8843,low,PO561865,,completed,False,
CASE-00049,INV-000049,Classify exception,2026-01-06T01:10:27.482762,ServiceNow,AP Clerk,ap11,21849.81,EUR,FR,V8843,low,PO561865,price_mismatch,completed,False,
CASE-00049,INV-000049,Create price mismatch ticket,2026-01-06T01:22:27.482762,ServiceNow,System,system,21849.81,EUR,FR,V8843,low,PO561865,price_mismatch,completed,False,
CASE-00049,INV-000049,AP review price mismatch,2026-01-09T13:48:03.919085,ServiceNow,AP Clerk,ap11,21849.81,EUR,FR,V8843,low,PO561865,price_mismatch,completed,False,
CASE-00049,INV-000049,Correction for price mismatch,2026-01-09T18:52:23.772434,SAP,Procurement Specialist,ap11,21849.81,EUR,FR,V8843,low,PO561865,price_mismatch,completed,False,
CASE-00049,INV-000049,Run three-way match,2026-01-09T19:16:23.772434,SAP,System,system,21849.81,EUR,FR,V8843,low,PO561865,price_mismatch,completed,False,
CASE-00049,INV-000049,Run duplicate invoice check,2026-01-09T19:28:23.772434,SAP,System,system,21849.81,EUR,FR,V8843,low,PO561865,,completed,False,
CASE-00049,INV-000049,Check vendor risk,2026-01-09T19:40:23.772434,Vendor Master Data,System,system,21849.81,EUR,FR,V8843,low,PO561865,,completed,False,
CASE-00049,INV-000049,Check approval threshold,2026-01-09T19:46:23.772434,SAP,System,system,21849.81,EUR,FR,V8843,low,PO561865,,completed,False,
CASE-00049,INV-000049,Finance manager approval,2026-01-10T06:20:16.669815,SAP,Finance Manager,ap11,21849.81,EUR,FR,V8843,low,PO561865,,completed,False,
CASE-00049,INV-000049,Schedule payment,2026-01-10T14:50:26.450211,Payment System,System,system,21849.81,EUR,FR,V8843,low,PO561865,,completed,False,
CASE-00049,INV-000049,Send remittance notice,2026-01-10T14:56:26.450211,Payment System,System,system,21849.81,EUR,FR,V8843,low,PO561865,,completed,False,
CASE-00049,INV-000049,Invoice paid,2026-01-10T15:02:26.450211,Payment System,System,system,21849.81,EUR,FR,V8843,low,PO561865,,paid,False,
CASE-00050,INV-000050,Invoice received,2026-01-05T13:49:00,Coupa,System,system,7769.93,EUR,DE,V7818,high,PO735770,,completed,False,
CASE-00050,INV-000050,Validate invoice data,2026-01-05T14:13:00,Coupa,AP Clerk,ap20,7769.93,EUR,DE,V7818,high,PO735770,,completed,False,
CASE-00050,INV-000050,Check PO exists,2026-01-05T14:31:00,SAP,System,system,7769.93,EUR,DE,V7818,high,PO735770,,completed,False,
CASE-00050,INV-000050,Run three-way match,2026-01-05T15:01:00,SAP,System,system,7769.93,EUR,DE,V7818,high,PO735770,,completed,False,
CASE-00050,INV-000050,Run duplicate invoice check,2026-01-05T15:13:00,SAP,System,system,7769.93,EUR,DE,V7818,high,PO735770,,completed,False,
CASE-00050,INV-000050,Check vendor risk,2026-01-05T15:25:00,Vendor Master Data,System,system,7769.93,EUR,DE,V7818,high,PO735770,,completed,False,
CASE-00050,INV-000050,Compliance review,2026-01-08T14:46:43.202412,Vendor Master Data,Compliance Officer,ap20,7769.93,EUR,DE,V7818,high,PO735770,,completed,False,
CASE-00050,INV-000050,Check approval threshold,2026-01-08T14:52:43.202412,SAP,System,system,7769.93,EUR,DE,V7818,high,PO735770,,completed,False,
CASE-00050,INV-000050,Auto approve for payment scheduling,2026-01-08T14:58:43.202412,SAP,System,system,7769.93,EUR,DE,V7818,high,PO735770,,completed,False,
CASE-00050,INV-000050,Schedule payment,2026-01-08T21:25:18.153448,Payment System,System,system,7769.93,EUR,DE,V7818,high,PO735770,,completed,False,
CASE-00050,INV-000050,Send remittance notice,2026-01-08T21:31:18.153448,Payment System,System,system,7769.93,EUR,DE,V7818,high,PO735770,,completed,False,
CASE-00050,INV-000050,Invoice paid,2026-01-08T21:37:18.153448,Payment System,System,system,7769.93,EUR,DE,V7818,high,PO735770,,paid,False,
CASE-00051,INV-000051,Invoice received,2026-01-05T13:56:00,Coupa,System,system,15620.43,EUR,DE,V4404,low,PO755900,,completed,False,
CASE-00051,INV-000051,Validate invoice data,2026-01-05T14:20:00,Coupa,AP Clerk,ap07,15620.43,EUR,DE,V4404,low,PO755900,,completed,False,
CASE-00051,INV-000051,Manual Email Review,2026-01-06T17:38:08.610487,Email and Excel,AP Clerk,ap07,15620.43,EUR,DE,V4404,low,PO755900,,completed,True,Manual Email Review
CASE-00051,INV-000051,Check PO exists,2026-01-06T17:56:08.610487,SAP,System,system,15620.43,EUR,DE,V4404,low,PO755900,,completed,False,
CASE-00051,INV-000051,Run three-way match,2026-01-06T18:26:08.610487,SAP,System,system,15620.43,EUR,DE,V4404,low,PO755900,,completed,False,
CASE-00051,INV-000051,Classify exception,2026-01-06T18:38:08.610487,ServiceNow,AP Clerk,ap07,15620.43,EUR,DE,V4404,low,PO755900,quantity_mismatch,completed,False,
CASE-00051,INV-000051,Create quantity mismatch ticket,2026-01-06T18:50:08.610487,ServiceNow,System,system,15620.43,EUR,DE,V4404,low,PO755900,quantity_mismatch,completed,False,
CASE-00051,INV-000051,AP review quantity mismatch,2026-01-10T17:30:50.530242,ServiceNow,AP Clerk,ap07,15620.43,EUR,DE,V4404,low,PO755900,quantity_mismatch,completed,False,
CASE-00051,INV-000051,Correction for quantity mismatch,2026-01-11T03:16:34.082293,SAP,Procurement Specialist,ap07,15620.43,EUR,DE,V4404,low,PO755900,quantity_mismatch,completed,False,
CASE-00051,INV-000051,Run three-way match,2026-01-11T03:40:34.082293,SAP,System,system,15620.43,EUR,DE,V4404,low,PO755900,quantity_mismatch,completed,False,
CASE-00051,INV-000051,Run duplicate invoice check,2026-01-11T03:52:34.082293,SAP,System,system,15620.43,EUR,DE,V4404,low,PO755900,,completed,False,
CASE-00051,INV-000051,Check vendor risk,2026-01-11T04:04:34.082293,Vendor Master Data,System,system,15620.43,EUR,DE,V4404,low,PO755900,,completed,False,
CASE-00051,INV-000051,Check approval threshold,2026-01-11T04:10:34.082293,SAP,System,system,15620.43,EUR,DE,V4404,low,PO755900,,completed,False,
CASE-00051,INV-000051,Finance manager approval,2026-01-11T20:36:56.672594,SAP,Finance Manager,ap07,15620.43,EUR,DE,V4404,low,PO755900,,completed,False,
CASE-00051,INV-000051,Schedule payment,2026-01-12T07:29:33.346457,Payment System,System,system,15620.43,EUR,DE,V4404,low,PO755900,,completed,False,
CASE-00051,INV-000051,Send remittance notice,2026-01-12T07:35:33.346457,Payment System,System,system,15620.43,EUR,DE,V4404,low,PO755900,,completed,False,
CASE-00051,INV-000051,Invoice paid,2026-01-12T07:41:33.346457,Payment System,System,system,15620.43,EUR,DE,V4404,low,PO755900,,paid,False,
CASE-00052,INV-000052,Invoice received,2026-01-05T14:03:00,Coupa,System,system,2011.7,EUR,ES,V4241,low,PO545790,,completed,False,
CASE-00052,INV-000052,Validate invoice data,2026-01-05T14:27:00,Coupa,AP Clerk,ap04,2011.7,EUR,ES,V4241,low,PO545790,,completed,False,
CASE-00052,INV-000052,Check PO exists,2026-01-05T14:45:00,SAP,System,system,2011.7,EUR,ES,V4241,low,PO545790,,completed,False,
CASE-00052,INV-000052,Run three-way match,2026-01-05T15:15:00,SAP,System,system,2011.7,EUR,ES,V4241,low,PO545790,,completed,False,
CASE-00052,INV-000052,Run duplicate invoice check,2026-01-05T15:27:00,SAP,System,system,2011.7,EUR,ES,V4241,low,PO545790,,completed,False,
CASE-00052,INV-000052,Check vendor risk,2026-01-05T15:39:00,Vendor Master Data,System,system,2011.7,EUR,ES,V4241,low,PO545790,,completed,False,
CASE-00052,INV-000052,Check approval threshold,2026-01-05T15:45:00,SAP,System,system,2011.7,EUR,ES,V4241,low,PO545790,,completed,False,
CASE-00052,INV-000052,Auto approve for payment scheduling,2026-01-05T15:51:00,SAP,System,system,2011.7,EUR,ES,V4241,low,PO545790,,completed,False,
CASE-00052,INV-000052,Schedule payment,2026-01-05T22:18:39.220203,Payment System,System,system,2011.7,EUR,ES,V4241,low,PO545790,,completed,False,
CASE-00052,INV-000052,Send remittance notice,2026-01-05T22:24:39.220203,Payment System,System,system,2011.7,EUR,ES,V4241,low,PO545790,,completed,False,
CASE-00052,INV-000052,Invoice paid,2026-01-05T22:30:39.220203,Payment System,System,system,2011.7,EUR,ES,V4241,low,PO545790,,paid,False,
CASE-00053,INV-000053,Invoice received,2026-01-05T14:10:00,Coupa,System,system,18786.7,EUR,ES,V8195,low,PO230394,,completed,False,
CASE-00053,INV-000053,Validate invoice data,2026-01-05T14:34:00,Coupa,AP Clerk,ap15,18786.7,EUR,ES,V8195,low,PO230394,,completed,False,
CASE-00053,INV-000053,Check PO exists,2026-01-05T14:52:00,SAP,System,system,18786.7,EUR,ES,V8195,low,PO230394,,completed,False,
CASE-00053,INV-000053,Run three-way match,2026-01-05T15:22:00,SAP,System,system,18786.7,EUR,ES,V8195,low,PO230394,,completed,False,
CASE-00053,INV-000053,Run duplicate invoice check,2026-01-05T15:34:00,SAP,System,system,18786.7,EUR,ES,V8195,low,PO230394,,completed,False,
CASE-00053,INV-000053,Check vendor risk,2026-01-05T15:46:00,Vendor Master Data,System,system,18786.7,EUR,ES,V8195,low,PO230394,,completed,False,
CASE-00053,INV-000053,Check approval threshold,2026-01-05T15:52:00,SAP,System,system,18786.7,EUR,ES,V8195,low,PO230394,,completed,False,
CASE-00053,INV-000053,Finance manager approval,2026-01-05T21:37:13.948215,SAP,Finance Manager,ap15,18786.7,EUR,ES,V8195,low,PO230394,,completed,False,
CASE-00053,INV-000053,Schedule payment,2026-01-06T05:04:36.373743,Payment System,System,system,18786.7,EUR,ES,V8195,low,PO230394,,completed,False,
CASE-00053,INV-000053,Send remittance notice,2026-01-06T05:10:36.373743,Payment System,System,system,18786.7,EUR,ES,V8195,low,PO230394,,completed,False,
CASE-00053,INV-000053,Invoice paid,2026-01-06T05:16:36.373743,Payment System,System,system,18786.7,EUR,ES,V8195,low,PO230394,,paid,False,
CASE-00054,INV-000054,Invoice received,2026-01-05T14:17:00,Coupa,System,system,8227.46,EUR,DE,V4750,low,PO807053,,completed,False,
CASE-00054,INV-000054,Validate invoice data,2026-01-05T14:41:00,Coupa,AP Clerk,ap19,8227.46,EUR,DE,V4750,low,PO807053,,completed,False,
CASE-00054,INV-000054,Manual Email Review,2026-01-06T03:35:19.225376,Email and Excel,AP Clerk,ap19,8227.46,EUR,DE,V4750,low,PO807053,,completed,True,Manual Email Review
CASE-00054,INV-000054,Check PO exists,2026-01-06T03:53:19.225376,SAP,System,system,8227.46,EUR,DE,V4750,low,PO807053,,completed,False,
CASE-00054,INV-000054,Run three-way match,2026-01-06T04:23:19.225376,SAP,System,system,8227.46,EUR,DE,V4750,low,PO807053,,completed,False,
CASE-00054,INV-000054,Run duplicate invoice check,2026-01-06T04:35:19.225376,SAP,System,system,8227.46,EUR,DE,V4750,low,PO807053,,completed,False,
CASE-00054,INV-000054,Check vendor risk,2026-01-06T04:47:19.225376,Vendor Master Data,System,system,8227.46,EUR,DE,V4750,low,PO807053,,completed,False,
CASE-00054,INV-000054,Check approval threshold,2026-01-06T04:53:19.225376,SAP,System,system,8227.46,EUR,DE,V4750,low,PO807053,,completed,False,
CASE-00054,INV-000054,Auto approve for payment scheduling,2026-01-06T04:59:19.225376,SAP,System,system,8227.46,EUR,DE,V4750,low,PO807053,,completed,False,
CASE-00054,INV-000054,Schedule payment,2026-01-06T13:08:25.383996,Payment System,System,system,8227.46,EUR,DE,V4750,low,PO807053,,completed,False,
CASE-00054,INV-000054,Send remittance notice,2026-01-06T13:14:25.383996,Payment System,System,system,8227.46,EUR,DE,V4750,low,PO807053,,completed,False,
CASE-00054,INV-000054,Invoice paid,2026-01-06T13:20:25.383996,Payment System,System,system,8227.46,EUR,DE,V4750,low,PO807053,,paid,False,
CASE-00055,INV-000055,Invoice received,2026-01-05T14:24:00,Coupa,System,system,11195.18,EUR,IT,V8141,low,PO765620,,completed,False,
CASE-00055,INV-000055,Validate invoice data,2026-01-05T14:48:00,Coupa,AP Clerk,ap16,11195.18,EUR,IT,V8141,low,PO765620,,completed,False,
CASE-00055,INV-000055,Check PO exists,2026-01-05T15:06:00,SAP,System,system,11195.18,EUR,IT,V8141,low,PO765620,,completed,False,
CASE-00055,INV-000055,Run three-way match,2026-01-05T15:36:00,SAP,System,system,11195.18,EUR,IT,V8141,low,PO765620,,completed,False,
CASE-00055,INV-000055,Run duplicate invoice check,2026-01-05T15:48:00,SAP,System,system,11195.18,EUR,IT,V8141,low,PO765620,,completed,False,
CASE-00055,INV-000055,Check vendor risk,2026-01-05T16:00:00,Vendor Master Data,System,system,11195.18,EUR,IT,V8141,low,PO765620,,completed,False,
CASE-00055,INV-000055,Check approval threshold,2026-01-05T16:06:00,SAP,System,system,11195.18,EUR,IT,V8141,low,PO765620,,completed,False,
CASE-00055,INV-000055,Finance manager approval,2026-01-06T14:12:44.582222,SAP,Finance Manager,ap16,11195.18,EUR,IT,V8141,low,PO765620,,completed,False,
CASE-00055,INV-000055,Schedule payment,2026-01-06T22:10:34.090026,Payment System,System,system,11195.18,EUR,IT,V8141,low,PO765620,,completed,False,
CASE-00055,INV-000055,Send remittance notice,2026-01-06T22:16:34.090026,Payment System,System,system,11195.18,EUR,IT,V8141,low,PO765620,,completed,False,
CASE-00055,INV-000055,Invoice paid,2026-01-06T22:22:34.090026,Payment System,System,system,11195.18,EUR,IT,V8141,low,PO765620,,paid,False,
CASE-00056,INV-000056,Invoice received,2026-01-05T14:31:00,Coupa,System,system,16648.94,EUR,IT,V1601,low,PO576919,,completed,False,
CASE-00056,INV-000056,Validate invoice data,2026-01-05T14:55:00,Coupa,AP Clerk,ap03,16648.94,EUR,IT,V1601,low,PO576919,,completed,False,
CASE-00056,INV-000056,Check PO exists,2026-01-05T15:13:00,SAP,System,system,16648.94,EUR,IT,V1601,low,PO576919,,completed,False,
CASE-00056,INV-000056,Create missing PO exception,2026-01-05T15:25:00,ServiceNow,System,system,16648.94,EUR,IT,V1601,low,PO576919,missing_po,completed,False,
CASE-00056,INV-000056,AP review missing PO,2026-01-09T06:33:07.429569,ServiceNow,AP Clerk,ap03,16648.94,EUR,IT,V1601,low,PO576919,missing_po,completed,False,
CASE-00056,INV-000056,Procurement correction,2026-01-10T12:15:20.907156,SAP,Procurement Specialist,ap03,16648.94,EUR,IT,V1601,low,PO576919,missing_po,completed,False,
CASE-00056,INV-000056,Check PO exists,2026-01-10T12:27:20.907156,SAP,System,system,16648.94,EUR,IT,V1601,low,PO576919,missing_po,completed,False,
CASE-00056,INV-000056,Run three-way match,2026-01-10T12:57:20.907156,SAP,System,system,16648.94,EUR,IT,V1601,low,PO576919,,completed,False,
CASE-00056,INV-000056,Run duplicate invoice check,2026-01-10T13:09:20.907156,SAP,System,system,16648.94,EUR,IT,V1601,low,PO576919,,completed,False,
CASE-00056,INV-000056,Check vendor risk,2026-01-10T13:21:20.907156,Vendor Master Data,System,system,16648.94,EUR,IT,V1601,low,PO576919,,completed,False,
CASE-00056,INV-000056,Check approval threshold,2026-01-10T13:27:20.907156,SAP,System,system,16648.94,EUR,IT,V1601,low,PO576919,,completed,False,
CASE-00056,INV-000056,Finance manager approval,2026-01-11T11:38:19.322371,SAP,Finance Manager,ap03,16648.94,EUR,IT,V1601,low,PO576919,,completed,False,
CASE-00056,INV-000056,Schedule payment,2026-01-11T17:08:21.699563,Payment System,System,system,16648.94,EUR,IT,V1601,low,PO576919,,completed,False,
CASE-00056,INV-000056,Send remittance notice,2026-01-11T17:14:21.699563,Payment System,System,system,16648.94,EUR,IT,V1601,low,PO576919,,completed,False,
CASE-00056,INV-000056,Invoice paid,2026-01-11T17:20:21.699563,Payment System,System,system,16648.94,EUR,IT,V1601,low,PO576919,,paid,False,
CASE-00057,INV-000057,Invoice received,2026-01-05T14:38:00,Coupa,System,system,9204.04,EUR,FR,V1845,medium,PO313446,,completed,False,
CASE-00057,INV-000057,Validate invoice data,2026-01-05T15:02:00,Coupa,AP Clerk,ap09,9204.04,EUR,FR,V1845,medium,PO313446,,completed,False,
CASE-00057,INV-000057,Check PO exists,2026-01-05T15:20:00,SAP,System,system,9204.04,EUR,FR,V1845,medium,PO313446,,completed,False,
CASE-00057,INV-000057,Run three-way match,2026-01-05T15:50:00,SAP,System,system,9204.04,EUR,FR,V1845,medium,PO313446,,completed,False,
CASE-00057,INV-000057,Run duplicate invoice check,2026-01-05T16:02:00,SAP,System,system,9204.04,EUR,FR,V1845,medium,PO313446,,completed,False,
CASE-00057,INV-000057,Check vendor risk,2026-01-05T16:14:00,Vendor Master Data,System,system,9204.04,EUR,FR,V1845,medium,PO313446,,completed,False,
CASE-00057,INV-000057,Check approval threshold,2026-01-05T16:20:00,SAP,System,system,9204.04,EUR,FR,V1845,medium,PO313446,,completed,False,
CASE-00057,INV-000057,Auto approve for payment scheduling,2026-01-05T16:26:00,SAP,System,system,9204.04,EUR,FR,V1845,medium,PO313446,,completed,False,
CASE-00057,INV-000057,Schedule payment,2026-01-06T01:18:15.504012,Payment System,System,system,9204.04,EUR,FR,V1845,medium,PO313446,,completed,False,
CASE-00057,INV-000057,Send remittance notice,2026-01-06T01:24:15.504012,Payment System,System,system,9204.04,EUR,FR,V1845,medium,PO313446,,completed,False,
CASE-00057,INV-000057,Invoice paid,2026-01-06T01:30:15.504012,Payment System,System,system,9204.04,EUR,FR,V1845,medium,PO313446,,paid,False,
CASE-00058,INV-000058,Invoice received,2026-01-05T14:45:00,Coupa,System,system,6172.61,EUR,IT,V1224,low,PO679077,,completed,False,
CASE-00058,INV-000058,Validate invoice data,2026-01-05T15:09:00,Coupa,AP Clerk,ap14,6172.61,EUR,IT,V1224,low,PO679077,,completed,False,
CASE-00058,INV-000058,Check PO exists,2026-01-05T15:27:00,SAP,System,system,6172.61,EUR,IT,V1224,low,PO679077,,completed,False,
CASE-00058,INV-000058,Run three-way match,2026-01-05T15:57:00,SAP,System,system,6172.61,EUR,IT,V1224,low,PO679077,,completed,False,
CASE-00058,INV-000058,Classify exception,2026-01-05T16:09:00,ServiceNow,AP Clerk,ap14,6172.61,EUR,IT,V1224,low,PO679077,price_mismatch,completed,False,
CASE-00058,INV-000058,Create price mismatch ticket,2026-01-05T16:21:00,ServiceNow,System,system,6172.61,EUR,IT,V1224,low,PO679077,price_mismatch,completed,False,
CASE-00058,INV-000058,AP review price mismatch,2026-01-11T02:35:27.629158,ServiceNow,AP Clerk,ap14,6172.61,EUR,IT,V1224,low,PO679077,price_mismatch,completed,False,
CASE-00058,INV-000058,Correction for price mismatch,2026-01-11T16:46:06.414243,SAP,Procurement Specialist,ap14,6172.61,EUR,IT,V1224,low,PO679077,price_mismatch,completed,False,
CASE-00058,INV-000058,Run three-way match,2026-01-11T17:10:06.414243,SAP,System,system,6172.61,EUR,IT,V1224,low,PO679077,price_mismatch,completed,False,
CASE-00058,INV-000058,Run duplicate invoice check,2026-01-11T17:22:06.414243,SAP,System,system,6172.61,EUR,IT,V1224,low,PO679077,,completed,False,
CASE-00058,INV-000058,Check vendor risk,2026-01-11T17:34:06.414243,Vendor Master Data,System,system,6172.61,EUR,IT,V1224,low,PO679077,,completed,False,
CASE-00058,INV-000058,Check approval threshold,2026-01-11T17:40:06.414243,SAP,System,system,6172.61,EUR,IT,V1224,low,PO679077,,completed,False,
CASE-00058,INV-000058,Auto approve for payment scheduling,2026-01-11T17:46:06.414243,SAP,System,system,6172.61,EUR,IT,V1224,low,PO679077,,completed,False,
CASE-00058,INV-000058,Schedule payment,2026-01-11T23:57:21.051268,Payment System,System,system,6172.61,EUR,IT,V1224,low,PO679077,,completed,False,
CASE-00058,INV-000058,Send remittance notice,2026-01-12T00:03:21.051268,Payment System,System,system,6172.61,EUR,IT,V1224,low,PO679077,,completed,False,
CASE-00058,INV-000058,Invoice paid,2026-01-12T00:09:21.051268,Payment System,System,system,6172.61,EUR,IT,V1224,low,PO679077,,paid,False,
CASE-00059,INV-000059,Invoice received,2026-01-05T14:52:00,Coupa,System,system,20909.42,EUR,NL,V8483,high,PO678043,,completed,False,
CASE-00059,INV-000059,Validate invoice data,2026-01-05T15:16:00,Coupa,AP Clerk,ap05,20909.42,EUR,NL,V8483,high,PO678043,,completed,False,
CASE-00059,INV-000059,Check PO exists,2026-01-05T15:34:00,SAP,System,system,20909.42,EUR,NL,V8483,high,PO678043,,completed,False,
CASE-00059,INV-000059,Run three-way match,2026-01-05T16:04:00,SAP,System,system,20909.42,EUR,NL,V8483,high,PO678043,,completed,False,
CASE-00059,INV-000059,Classify exception,2026-01-05T16:16:00,ServiceNow,AP Clerk,ap05,20909.42,EUR,NL,V8483,high,PO678043,missing_gr,completed,False,
CASE-00059,INV-000059,Request goods receipt confirmation,2026-01-06T22:23:12.623146,SAP,Procurement Specialist,ap05,20909.42,EUR,NL,V8483,high,PO678043,missing_gr,completed,False,
CASE-00059,INV-000059,Run three-way match,2026-01-06T22:47:12.623146,SAP,System,system,20909.42,EUR,NL,V8483,high,PO678043,missing_gr,completed,False,
CASE-00059,INV-000059,Run duplicate invoice check,2026-01-06T22:59:12.623146,SAP,System,system,20909.42,EUR,NL,V8483,high,PO678043,,completed,False,
CASE-00059,INV-000059,Check vendor risk,2026-01-06T23:11:12.623146,Vendor Master Data,System,system,20909.42,EUR,NL,V8483,high,PO678043,,completed,False,
CASE-00059,INV-000059,Compliance review,2026-01-08T09:44:35.357532,Vendor Master Data,Compliance Officer,ap05,20909.42,EUR,NL,V8483,high,PO678043,,completed,False,
CASE-00059,INV-000059,Check approval threshold,2026-01-08T09:50:35.357532,SAP,System,system,20909.42,EUR,NL,V8483,high,PO678043,,completed,False,
CASE-00059,INV-000059,Finance manager approval,2026-01-10T06:57:00.303091,SAP,Finance Manager,ap05,20909.42,EUR,NL,V8483,high,PO678043,,completed,False,
CASE-00059,INV-000059,Schedule payment,2026-01-10T15:00:43.148154,Payment System,System,system,20909.42,EUR,NL,V8483,high,PO678043,,completed,False,
CASE-00059,INV-000059,Send remittance notice,2026-01-10T15:06:43.148154,Payment System,System,system,20909.42,EUR,NL,V8483,high,PO678043,,completed,False,
CASE-00059,INV-000059,Invoice paid,2026-01-10T15:12:43.148154,Payment System,System,system,20909.42,EUR,NL,V8483,high,PO678043,,paid,False,
CASE-00060,INV-000060,Invoice received,2026-01-05T14:59:00,Coupa,System,system,20558.6,EUR,ES,V9022,low,PO255813,,completed,False,
CASE-00060,INV-000060,Validate invoice data,2026-01-05T15:23:00,Coupa,AP Clerk,ap15,20558.6,EUR,ES,V9022,low,PO255813,,completed,False,
CASE-00060,INV-000060,Check PO exists,2026-01-05T15:41:00,SAP,System,system,20558.6,EUR,ES,V9022,low,PO255813,,completed,False,
CASE-00060,INV-000060,Run three-way match,2026-01-05T16:11:00,SAP,System,system,20558.6,EUR,ES,V9022,low,PO255813,,completed,False,
CASE-00060,INV-000060,Run duplicate invoice check,2026-01-05T16:23:00,SAP,System,system,20558.6,EUR,ES,V9022,low,PO255813,,completed,False,
CASE-00060,INV-000060,Check vendor risk,2026-01-05T16:35:00,Vendor Master Data,System,system,20558.6,EUR,ES,V9022,low,PO255813,,completed,False,
CASE-00060,INV-000060,Check approval threshold,2026-01-05T16:41:00,SAP,System,system,20558.6,EUR,ES,V9022,low,PO255813,,completed,False,
CASE-00060,INV-000060,Finance manager approval,2026-01-06T04:59:02.535995,SAP,Finance Manager,ap15,20558.6,EUR,ES,V9022,low,PO255813,,completed,False,
CASE-00060,INV-000060,Schedule payment,2026-01-06T14:33:50.490710,Payment System,System,system,20558.6,EUR,ES,V9022,low,PO255813,,completed,False,
CASE-00060,INV-000060,Send remittance notice,2026-01-06T14:39:50.490710,Payment System,System,system,20558.6,EUR,ES,V9022,low,PO255813,,completed,False,
CASE-00060,INV-000060,Invoice paid,2026-01-06T14:45:50.490710,Payment System,System,system,20558.6,EUR,ES,V9022,low,PO255813,,paid,False,
CASE-00061,INV-000061,Invoice received,2026-01-05T15:06:00,Coupa,System,system,14401.99,EUR,FR,V1715,low,PO433632,,completed,False,
CASE-00061,INV-000061,Validate invoice data,2026-01-05T15:30:00,Coupa,AP Clerk,ap24,14401.99,EUR,FR,V1715,low,PO433632,,completed,False,
CASE-00061,INV-000061,Check PO exists,2026-01-05T15:48:00,SAP,System,system,14401.99,EUR,FR,V1715,low,PO433632,,completed,False,
CASE-00061,INV-000061,Run three-way match,2026-01-05T16:18:00,SAP,System,system,14401.99,EUR,FR,V1715,low,PO433632,,completed,False,
CASE-00061,INV-000061,Run duplicate invoice check,2026-01-05T16:30:00,SAP,System,system,14401.99,EUR,FR,V1715,low,PO433632,,completed,False,
CASE-00061,INV-000061,Check vendor risk,2026-01-05T16:42:00,Vendor Master Data,System,system,14401.99,EUR,FR,V1715,low,PO433632,,completed,False,
CASE-00061,INV-000061,Check approval threshold,2026-01-05T16:48:00,SAP,System,system,14401.99,EUR,FR,V1715,low,PO433632,,completed,False,
CASE-00061,INV-000061,Finance manager approval,2026-01-06T03:29:33.482721,SAP,Finance Manager,ap24,14401.99,EUR,FR,V1715,low,PO433632,,completed,False,
CASE-00061,INV-000061,Schedule payment,2026-01-06T15:12:40.426546,Payment System,System,system,14401.99,EUR,FR,V1715,low,PO433632,,completed,False,
CASE-00061,INV-000061,Send remittance notice,2026-01-06T15:18:40.426546,Payment System,System,system,14401.99,EUR,FR,V1715,low,PO433632,,completed,False,
CASE-00061,INV-000061,Invoice paid,2026-01-06T15:24:40.426546,Payment System,System,system,14401.99,EUR,FR,V1715,low,PO433632,,paid,False,
CASE-00062,INV-000062,Invoice received,2026-01-05T15:13:00,Coupa,System,system,3374.6,EUR,ES,V2644,high,PO986088,,completed,False,
CASE-00062,INV-000062,Validate invoice data,2026-01-05T15:37:00,Coupa,AP Clerk,ap15,3374.6,EUR,ES,V2644,high,PO986088,,completed,False,
CASE-00062,INV-000062,Check PO exists,2026-01-05T15:55:00,SAP,System,system,3374.6,EUR,ES,V2644,high,PO986088,,completed,False,
CASE-00062,INV-000062,Run three-way match,2026-01-05T16:25:00,SAP,System,system,3374.6,EUR,ES,V2644,high,PO986088,,completed,False,
CASE-00062,INV-000062,Classify exception,2026-01-05T16:37:00,ServiceNow,AP Clerk,ap15,3374.6,EUR,ES,V2644,high,PO986088,price_mismatch,completed,False,
CASE-00062,INV-000062,Create price mismatch ticket,2026-01-05T16:49:00,ServiceNow,System,system,3374.6,EUR,ES,V2644,high,PO986088,price_mismatch,completed,False,
CASE-00062,INV-000062,AP review price mismatch,2026-01-07T00:00:00.642593,ServiceNow,AP Clerk,ap15,3374.6,EUR,ES,V2644,high,PO986088,price_mismatch,completed,False,
CASE-00062,INV-000062,Excel Price Correction,2026-01-07T19:37:50.463565,Email and Excel,AP Clerk,ap15,3374.6,EUR,ES,V2644,high,PO986088,price_mismatch,completed,True,Excel Price Correction
CASE-00062,INV-000062,Correction for price mismatch,2026-01-08T04:55:52.103692,SAP,Procurement Specialist,ap15,3374.6,EUR,ES,V2644,high,PO986088,price_mismatch,completed,False,
CASE-00062,INV-000062,Run three-way match,2026-01-08T05:19:52.103692,SAP,System,system,3374.6,EUR,ES,V2644,high,PO986088,price_mismatch,completed,False,
CASE-00062,INV-000062,Run duplicate invoice check,2026-01-08T05:31:52.103692,SAP,System,system,3374.6,EUR,ES,V2644,high,PO986088,,completed,False,
CASE-00062,INV-000062,Check vendor risk,2026-01-08T05:43:52.103692,Vendor Master Data,System,system,3374.6,EUR,ES,V2644,high,PO986088,,completed,False,
CASE-00062,INV-000062,Compliance review,2026-01-10T05:37:11.069572,Vendor Master Data,Compliance Officer,ap15,3374.6,EUR,ES,V2644,high,PO986088,,completed,False,
CASE-00062,INV-000062,Check approval threshold,2026-01-10T05:43:11.069572,SAP,System,system,3374.6,EUR,ES,V2644,high,PO986088,,completed,False,
CASE-00062,INV-000062,Auto approve for payment scheduling,2026-01-10T05:49:11.069572,SAP,System,system,3374.6,EUR,ES,V2644,high,PO986088,,completed,False,
CASE-00062,INV-000062,Schedule payment,2026-01-10T12:59:58.589300,Payment System,System,system,3374.6,EUR,ES,V2644,high,PO986088,,completed,False,
CASE-00062,INV-000062,Send remittance notice,2026-01-10T13:05:58.589300,Payment System,System,system,3374.6,EUR,ES,V2644,high,PO986088,,completed,False,
CASE-00062,INV-000062,Invoice paid,2026-01-10T13:11:58.589300,Payment System,System,system,3374.6,EUR,ES,V2644,high,PO986088,,paid,False,
CASE-00063,INV-000063,Invoice received,2026-01-05T15:20:00,Coupa,System,system,2237.8,EUR,IT,V7226,low,PO432043,,completed,False,
CASE-00063,INV-000063,Validate invoice data,2026-01-05T15:44:00,Coupa,AP Clerk,ap21,2237.8,EUR,IT,V7226,low,PO432043,,completed,False,
CASE-00063,INV-000063,Check PO exists,2026-01-05T16:02:00,SAP,System,system,2237.8,EUR,IT,V7226,low,PO432043,,completed,False,
CASE-00063,INV-000063,Run three-way match,2026-01-05T16:32:00,SAP,System,system,2237.8,EUR,IT,V7226,low,PO432043,,completed,False,
CASE-00063,INV-000063,Run duplicate invoice check,2026-01-05T16:44:00,SAP,System,system,2237.8,EUR,IT,V7226,low,PO432043,,completed,False,
CASE-00063,INV-000063,Check vendor risk,2026-01-05T16:56:00,Vendor Master Data,System,system,2237.8,EUR,IT,V7226,low,PO432043,,completed,False,
CASE-00063,INV-000063,Check approval threshold,2026-01-05T17:02:00,SAP,System,system,2237.8,EUR,IT,V7226,low,PO432043,,completed,False,
CASE-00063,INV-000063,Auto approve for payment scheduling,2026-01-05T17:08:00,SAP,System,system,2237.8,EUR,IT,V7226,low,PO432043,,completed,False,
CASE-00063,INV-000063,Schedule payment,2026-01-06T04:30:02.758045,Payment System,System,system,2237.8,EUR,IT,V7226,low,PO432043,,completed,False,
CASE-00063,INV-000063,Send remittance notice,2026-01-06T04:36:02.758045,Payment System,System,system,2237.8,EUR,IT,V7226,low,PO432043,,completed,False,
CASE-00063,INV-000063,Invoice paid,2026-01-06T04:42:02.758045,Payment System,System,system,2237.8,EUR,IT,V7226,low,PO432043,,paid,False,
CASE-00064,INV-000064,Invoice received,2026-01-05T15:27:00,Coupa,System,system,24936.29,EUR,FR,V2612,medium,PO897305,,completed,False,
CASE-00064,INV-000064,Validate invoice data,2026-01-05T15:51:00,Coupa,AP Clerk,ap21,24936.29,EUR,FR,V2612,medium,PO897305,,completed,False,
CASE-00064,INV-000064,Manual Email Review,2026-01-06T01:25:16.818193,Email and Excel,AP Clerk,ap21,24936.29,EUR,FR,V2612,medium,PO897305,,completed,True,Manual Email Review
CASE-00064,INV-000064,Check PO exists,2026-01-06T01:43:16.818193,SAP,System,system,24936.29,EUR,FR,V2612,medium,PO897305,,completed,False,
CASE-00064,INV-000064,Run three-way match,2026-01-06T02:13:16.818193,SAP,System,system,24936.29,EUR,FR,V2612,medium,PO897305,,completed,False,
CASE-00064,INV-000064,Run duplicate invoice check,2026-01-06T02:25:16.818193,SAP,System,system,24936.29,EUR,FR,V2612,medium,PO897305,,completed,False,
CASE-00064,INV-000064,Check vendor risk,2026-01-06T02:37:16.818193,Vendor Master Data,System,system,24936.29,EUR,FR,V2612,medium,PO897305,,completed,False,
CASE-00064,INV-000064,Check approval threshold,2026-01-06T02:43:16.818193,SAP,System,system,24936.29,EUR,FR,V2612,medium,PO897305,,completed,False,
CASE-00064,INV-000064,Finance manager approval,2026-01-06T22:29:37.411613,SAP,Finance Manager,ap21,24936.29,EUR,FR,V2612,medium,PO897305,,completed,False,
CASE-00064,INV-000064,Schedule payment,2026-01-07T05:56:21.191103,Payment System,System,system,24936.29,EUR,FR,V2612,medium,PO897305,,completed,False,
CASE-00064,INV-000064,Send remittance notice,2026-01-07T06:02:21.191103,Payment System,System,system,24936.29,EUR,FR,V2612,medium,PO897305,,completed,False,
CASE-00064,INV-000064,Invoice paid,2026-01-07T06:08:21.191103,Payment System,System,system,24936.29,EUR,FR,V2612,medium,PO897305,,paid,False,
CASE-00065,INV-000065,Invoice received,2026-01-05T15:34:00,Coupa,System,system,6293.89,EUR,NL,V3785,low,PO283573,,completed,False,
CASE-00065,INV-000065,Validate invoice data,2026-01-05T15:58:00,Coupa,AP Clerk,ap03,6293.89,EUR,NL,V3785,low,PO283573,,completed,False,
CASE-00065,INV-000065,Check PO exists,2026-01-05T16:16:00,SAP,System,system,6293.89,EUR,NL,V3785,low,PO283573,,completed,False,
CASE-00065,INV-000065,Run three-way match,2026-01-05T16:46:00,SAP,System,system,6293.89,EUR,NL,V3785,low,PO283573,,completed,False,
CASE-00065,INV-000065,Run duplicate invoice check,2026-01-05T16:58:00,SAP,System,system,6293.89,EUR,NL,V3785,low,PO283573,,completed,False,
CASE-00065,INV-000065,Check vendor risk,2026-01-05T17:10:00,Vendor Master Data,System,system,6293.89,EUR,NL,V3785,low,PO283573,,completed,False,
CASE-00065,INV-000065,Check approval threshold,2026-01-05T17:16:00,SAP,System,system,6293.89,EUR,NL,V3785,low,PO283573,,completed,False,
CASE-00065,INV-000065,Auto approve for payment scheduling,2026-01-05T17:22:00,SAP,System,system,6293.89,EUR,NL,V3785,low,PO283573,,completed,False,
CASE-00065,INV-000065,Schedule payment,2026-01-06T02:28:11.653373,Payment System,System,system,6293.89,EUR,NL,V3785,low,PO283573,,completed,False,
CASE-00065,INV-000065,Send remittance notice,2026-01-06T02:34:11.653373,Payment System,System,system,6293.89,EUR,NL,V3785,low,PO283573,,completed,False,
CASE-00065,INV-000065,Invoice paid,2026-01-06T02:40:11.653373,Payment System,System,system,6293.89,EUR,NL,V3785,low,PO283573,,paid,False,
CASE-00066,INV-000066,Invoice received,2026-01-05T15:41:00,Coupa,System,system,11624.37,EUR,FR,V5712,low,PO810526,,completed,False,
CASE-00066,INV-000066,Validate invoice data,2026-01-05T16:05:00,Coupa,AP Clerk,ap18,11624.37,EUR,FR,V5712,low,PO810526,,completed,False,
CASE-00066,INV-000066,Check PO exists,2026-01-05T16:23:00,SAP,System,system,11624.37,EUR,FR,V5712,low,PO810526,,completed,False,
CASE-00066,INV-000066,Run three-way match,2026-01-05T16:53:00,SAP,System,system,11624.37,EUR,FR,V5712,low,PO810526,,completed,False,
CASE-00066,INV-000066,Classify exception,2026-01-05T17:05:00,ServiceNow,AP Clerk,ap18,11624.37,EUR,FR,V5712,low,PO810526,price_mismatch,completed,False,
CASE-00066,INV-000066,Create price mismatch ticket,2026-01-05T17:17:00,ServiceNow,System,system,11624.37,EUR,FR,V5712,low,PO810526,price_mismatch,completed,False,
CASE-00066,INV-000066,AP review price mismatch,2026-01-07T17:17:33.946355,ServiceNow,AP Clerk,ap18,11624.37,EUR,FR,V5712,low,PO810526,price_mismatch,completed,False,
CASE-00066,INV-000066,Correction for price mismatch,2026-01-08T14:11:55.828965,SAP,Procurement Specialist,ap18,11624.37,EUR,FR,V5712,low,PO810526,price_mismatch,completed,False,
CASE-00066,INV-000066,Run three-way match,2026-01-08T14:35:55.828965,SAP,System,system,11624.37,EUR,FR,V5712,low,PO810526,price_mismatch,completed,False,
CASE-00066,INV-000066,Run duplicate invoice check,2026-01-08T14:47:55.828965,SAP,System,system,11624.37,EUR,FR,V5712,low,PO810526,,completed,False,
CASE-00066,INV-000066,Check vendor risk,2026-01-08T14:59:55.828965,Vendor Master Data,System,system,11624.37,EUR,FR,V5712,low,PO810526,,completed,False,
CASE-00066,INV-000066,Check approval threshold,2026-01-08T15:05:55.828965,SAP,System,system,11624.37,EUR,FR,V5712,low,PO810526,,completed,False,
CASE-00066,INV-000066,Finance manager approval,2026-01-09T03:51:51.801624,SAP,Finance Manager,ap18,11624.37,EUR,FR,V5712,low,PO810526,,completed,False,
CASE-00066,INV-000066,Schedule payment,2026-01-09T10:56:30.967194,Payment System,System,system,11624.37,EUR,FR,V5712,low,PO810526,,completed,False,
CASE-00066,INV-000066,Send remittance notice,2026-01-09T11:02:30.967194,Payment System,System,system,11624.37,EUR,FR,V5712,low,PO810526,,completed,False,
CASE-00066,INV-000066,Invoice paid,2026-01-09T11:08:30.967194,Payment System,System,system,11624.37,EUR,FR,V5712,low,PO810526,,paid,False,
CASE-00067,INV-000067,Invoice received,2026-01-05T15:48:00,Coupa,System,system,12209.4,EUR,IT,V6881,low,PO702733,,completed,False,
CASE-00067,INV-000067,Validate invoice data,2026-01-05T16:12:00,Coupa,AP Clerk,ap10,12209.4,EUR,IT,V6881,low,PO702733,,completed,False,
CASE-00067,INV-000067,Check PO exists,2026-01-05T16:30:00,SAP,System,system,12209.4,EUR,IT,V6881,low,PO702733,,completed,False,
CASE-00067,INV-000067,Run three-way match,2026-01-05T17:00:00,SAP,System,system,12209.4,EUR,IT,V6881,low,PO702733,,completed,False,
CASE-00067,INV-000067,Run duplicate invoice check,2026-01-05T17:12:00,SAP,System,system,12209.4,EUR,IT,V6881,low,PO702733,,completed,False,
CASE-00067,INV-000067,Check vendor risk,2026-01-05T17:24:00,Vendor Master Data,System,system,12209.4,EUR,IT,V6881,low,PO702733,,completed,False,
CASE-00067,INV-000067,Check approval threshold,2026-01-05T17:30:00,SAP,System,system,12209.4,EUR,IT,V6881,low,PO702733,,completed,False,
CASE-00067,INV-000067,Finance manager approval,2026-01-07T03:40:30.639649,SAP,Finance Manager,ap10,12209.4,EUR,IT,V6881,low,PO702733,,completed,False,
CASE-00067,INV-000067,Schedule payment,2026-01-07T13:37:57.102275,Payment System,System,system,12209.4,EUR,IT,V6881,low,PO702733,,completed,False,
CASE-00067,INV-000067,Send remittance notice,2026-01-07T13:43:57.102275,Payment System,System,system,12209.4,EUR,IT,V6881,low,PO702733,,completed,False,
CASE-00067,INV-000067,Invoice paid,2026-01-07T13:49:57.102275,Payment System,System,system,12209.4,EUR,IT,V6881,low,PO702733,,paid,False,
CASE-00068,INV-000068,Invoice received,2026-01-05T15:55:00,Coupa,System,system,1463.85,EUR,FR,V5689,low,PO913423,,completed,False,
CASE-00068,INV-000068,Validate invoice data,2026-01-05T16:19:00,Coupa,AP Clerk,ap08,1463.85,EUR,FR,V5689,low,PO913423,,completed,False,
CASE-00068,INV-000068,Check PO exists,2026-01-05T16:37:00,SAP,System,system,1463.85,EUR,FR,V5689,low,PO913423,,completed,False,
CASE-00068,INV-000068,Run three-way match,2026-01-05T17:07:00,SAP,System,system,1463.85,EUR,FR,V5689,low,PO913423,,completed,False,
CASE-00068,INV-000068,Run duplicate invoice check,2026-01-05T17:19:00,SAP,System,system,1463.85,EUR,FR,V5689,low,PO913423,,completed,False,
CASE-00068,INV-000068,Check vendor risk,2026-01-05T17:31:00,Vendor Master Data,System,system,1463.85,EUR,FR,V5689,low,PO913423,,completed,False,
CASE-00068,INV-000068,Check approval threshold,2026-01-05T17:37:00,SAP,System,system,1463.85,EUR,FR,V5689,low,PO913423,,completed,False,
CASE-00068,INV-000068,Auto approve for payment scheduling,2026-01-05T17:43:00,SAP,System,system,1463.85,EUR,FR,V5689,low,PO913423,,completed,False,
CASE-00068,INV-000068,Schedule payment,2026-01-06T02:59:24.428361,Payment System,System,system,1463.85,EUR,FR,V5689,low,PO913423,,completed,False,
CASE-00068,INV-000068,Send remittance notice,2026-01-06T03:05:24.428361,Payment System,System,system,1463.85,EUR,FR,V5689,low,PO913423,,completed,False,
CASE-00068,INV-000068,Invoice paid,2026-01-06T03:11:24.428361,Payment System,System,system,1463.85,EUR,FR,V5689,low,PO913423,,paid,False,
CASE-00069,INV-000069,Invoice received,2026-01-05T16:02:00,Coupa,System,system,20998.84,EUR,DE,V6061,low,PO926918,,completed,False,
CASE-00069,INV-000069,Validate invoice data,2026-01-05T16:26:00,Coupa,AP Clerk,ap15,20998.84,EUR,DE,V6061,low,PO926918,,completed,False,
CASE-00069,INV-000069,Check PO exists,2026-01-05T16:44:00,SAP,System,system,20998.84,EUR,DE,V6061,low,PO926918,,completed,False,
CASE-00069,INV-000069,Run three-way match,2026-01-05T17:14:00,SAP,System,system,20998.84,EUR,DE,V6061,low,PO926918,,completed,False,
CASE-00069,INV-000069,Classify exception,2026-01-05T17:26:00,ServiceNow,AP Clerk,ap15,20998.84,EUR,DE,V6061,low,PO926918,price_mismatch,completed,False,
CASE-00069,INV-000069,Create price mismatch ticket,2026-01-05T17:38:00,ServiceNow,System,system,20998.84,EUR,DE,V6061,low,PO926918,price_mismatch,completed,False,
CASE-00069,INV-000069,AP review price mismatch,2026-01-07T12:54:34.681031,ServiceNow,AP Clerk,ap15,20998.84,EUR,DE,V6061,low,PO926918,price_mismatch,completed,False,
CASE-00069,INV-000069,Correction for price mismatch,2026-01-08T08:38:23.603425,SAP,Procurement Specialist,ap15,20998.84,EUR,DE,V6061,low,PO926918,price_mismatch,completed,False,
CASE-00069,INV-000069,Run three-way match,2026-01-08T09:02:23.603425,SAP,System,system,20998.84,EUR,DE,V6061,low,PO926918,price_mismatch,completed,False,
CASE-00069,INV-000069,Run duplicate invoice check,2026-01-08T09:14:23.603425,SAP,System,system,20998.84,EUR,DE,V6061,low,PO926918,,completed,False,
CASE-00069,INV-000069,Check vendor risk,2026-01-08T09:26:23.603425,Vendor Master Data,System,system,20998.84,EUR,DE,V6061,low,PO926918,,completed,False,
CASE-00069,INV-000069,Check approval threshold,2026-01-08T09:32:23.603425,SAP,System,system,20998.84,EUR,DE,V6061,low,PO926918,,completed,False,
CASE-00069,INV-000069,Finance manager approval,2026-01-10T04:06:14.961943,SAP,Finance Manager,ap15,20998.84,EUR,DE,V6061,low,PO926918,,completed,False,
CASE-00069,INV-000069,Schedule payment,2026-01-10T11:01:51.658825,Payment System,System,system,20998.84,EUR,DE,V6061,low,PO926918,,completed,False,
CASE-00069,INV-000069,Send remittance notice,2026-01-10T11:07:51.658825,Payment System,System,system,20998.84,EUR,DE,V6061,low,PO926918,,completed,False,
CASE-00069,INV-000069,Invoice paid,2026-01-10T11:13:51.658825,Payment System,System,system,20998.84,EUR,DE,V6061,low,PO926918,,paid,False,
CASE-00070,INV-000070,Invoice received,2026-01-05T16:09:00,Coupa,System,system,12669.42,EUR,NL,V5210,low,PO964749,,completed,False,
CASE-00070,INV-000070,Validate invoice data,2026-01-05T16:33:00,Coupa,AP Clerk,ap16,12669.42,EUR,NL,V5210,low,PO964749,,completed,False,
CASE-00070,INV-000070,Check PO exists,2026-01-05T16:51:00,SAP,System,system,12669.42,EUR,NL,V5210,low,PO964749,,completed,False,
CASE-00070,INV-000070,Run three-way match,2026-01-05T17:21:00,SAP,System,system,12669.42,EUR,NL,V5210,low,PO964749,,completed,False,
CASE-00070,INV-000070,Run duplicate invoice check,2026-01-05T17:33:00,SAP,System,system,12669.42,EUR,NL,V5210,low,PO964749,,completed,False,
CASE-00070,INV-000070,Check vendor risk,2026-01-05T17:45:00,Vendor Master Data,System,system,12669.42,EUR,NL,V5210,low,PO964749,,completed,False,
CASE-00070,INV-000070,Check approval threshold,2026-01-05T17:51:00,SAP,System,system,12669.42,EUR,NL,V5210,low,PO964749,,completed,False,
CASE-00070,INV-000070,Finance manager approval,2026-01-07T07:01:57.596501,SAP,Finance Manager,ap16,12669.42,EUR,NL,V5210,low,PO964749,,completed,False,
CASE-00070,INV-000070,Schedule payment,2026-01-07T12:50:15.299737,Payment System,System,system,12669.42,EUR,NL,V5210,low,PO964749,,completed,False,
CASE-00070,INV-000070,Send remittance notice,2026-01-07T12:56:15.299737,Payment System,System,system,12669.42,EUR,NL,V5210,low,PO964749,,completed,False,
CASE-00070,INV-000070,Invoice paid,2026-01-07T13:02:15.299737,Payment System,System,system,12669.42,EUR,NL,V5210,low,PO964749,,paid,False,
CASE-00071,INV-000071,Invoice received,2026-01-05T16:16:00,Coupa,System,system,16989.01,EUR,FR,V6992,low,PO194689,,completed,False,
CASE-00071,INV-000071,Validate invoice data,2026-01-05T16:40:00,Coupa,AP Clerk,ap13,16989.01,EUR,FR,V6992,low,PO194689,,completed,False,
CASE-00071,INV-000071,Check PO exists,2026-01-05T16:58:00,SAP,System,system,16989.01,EUR,FR,V6992,low,PO194689,,completed,False,
CASE-00071,INV-000071,Run three-way match,2026-01-05T17:28:00,SAP,System,system,16989.01,EUR,FR,V6992,low,PO194689,,completed,False,
CASE-00071,INV-000071,Classify exception,2026-01-05T17:40:00,ServiceNow,AP Clerk,ap13,16989.01,EUR,FR,V6992,low,PO194689,price_mismatch,completed,False,
CASE-00071,INV-000071,Create price mismatch ticket,2026-01-05T17:52:00,ServiceNow,System,system,16989.01,EUR,FR,V6992,low,PO194689,price_mismatch,completed,False,
CASE-00071,INV-000071,AP review price mismatch,2026-01-10T00:49:07.419304,ServiceNow,AP Clerk,ap13,16989.01,EUR,FR,V6992,low,PO194689,price_mismatch,completed,False,
CASE-00071,INV-000071,Correction for price mismatch,2026-01-10T23:37:28.435512,SAP,Procurement Specialist,ap13,16989.01,EUR,FR,V6992,low,PO194689,price_mismatch,completed,False,
CASE-00071,INV-000071,Run three-way match,2026-01-11T00:01:28.435512,SAP,System,system,16989.01,EUR,FR,V6992,low,PO194689,price_mismatch,completed,False,
CASE-00071,INV-000071,Run duplicate invoice check,2026-01-11T00:13:28.435512,SAP,System,system,16989.01,EUR,FR,V6992,low,PO194689,,completed,False,
CASE-00071,INV-000071,Check vendor risk,2026-01-11T00:25:28.435512,Vendor Master Data,System,system,16989.01,EUR,FR,V6992,low,PO194689,,completed,False,
CASE-00071,INV-000071,Check approval threshold,2026-01-11T00:31:28.435512,SAP,System,system,16989.01,EUR,FR,V6992,low,PO194689,,completed,False,
CASE-00071,INV-000071,Finance manager approval,2026-01-11T09:17:30.458100,SAP,Finance Manager,ap13,16989.01,EUR,FR,V6992,low,PO194689,,completed,False,
CASE-00071,INV-000071,Schedule payment,2026-01-11T15:09:44.528884,Payment System,System,system,16989.01,EUR,FR,V6992,low,PO194689,,completed,False,
CASE-00071,INV-000071,Send remittance notice,2026-01-11T15:15:44.528884,Payment System,System,system,16989.01,EUR,FR,V6992,low,PO194689,,completed,False,
CASE-00071,INV-000071,Invoice paid,2026-01-11T15:21:44.528884,Payment System,System,system,16989.01,EUR,FR,V6992,low,PO194689,,paid,False,
CASE-00072,INV-000072,Invoice received,2026-01-05T16:23:00,Coupa,System,system,869.36,EUR,IT,V6374,medium,PO739717,,completed,False,
CASE-00072,INV-000072,Validate invoice data,2026-01-05T16:47:00,Coupa,AP Clerk,ap08,869.36,EUR,IT,V6374,medium,PO739717,,completed,False,
CASE-00072,INV-000072,Check PO exists,2026-01-05T17:05:00,SAP,System,system,869.36,EUR,IT,V6374,medium,PO739717,,completed,False,
CASE-00072,INV-000072,Run three-way match,2026-01-05T17:35:00,SAP,System,system,869.36,EUR,IT,V6374,medium,PO739717,,completed,False,
CASE-00072,INV-000072,Run duplicate invoice check,2026-01-05T17:47:00,SAP,System,system,869.36,EUR,IT,V6374,medium,PO739717,,completed,False,
CASE-00072,INV-000072,Check vendor risk,2026-01-05T17:59:00,Vendor Master Data,System,system,869.36,EUR,IT,V6374,medium,PO739717,,completed,False,
CASE-00072,INV-000072,Check approval threshold,2026-01-05T18:05:00,SAP,System,system,869.36,EUR,IT,V6374,medium,PO739717,,completed,False,
CASE-00072,INV-000072,Auto approve for payment scheduling,2026-01-05T18:11:00,SAP,System,system,869.36,EUR,IT,V6374,medium,PO739717,,completed,False,
CASE-00072,INV-000072,Schedule payment,2026-01-05T22:32:45.988157,Payment System,System,system,869.36,EUR,IT,V6374,medium,PO739717,,completed,False,
CASE-00072,INV-000072,Send remittance notice,2026-01-05T22:38:45.988157,Payment System,System,system,869.36,EUR,IT,V6374,medium,PO739717,,completed,False,
CASE-00072,INV-000072,Invoice paid,2026-01-05T22:44:45.988157,Payment System,System,system,869.36,EUR,IT,V6374,medium,PO739717,,paid,False,
CASE-00073,INV-000073,Invoice received,2026-01-05T16:30:00,Coupa,System,system,1171.0,EUR,DE,V2592,high,PO346205,,completed,False,
CASE-00073,INV-000073,Validate invoice data,2026-01-05T16:54:00,Coupa,AP Clerk,ap18,1171.0,EUR,DE,V2592,high,PO346205,,completed,False,
CASE-00073,INV-000073,Check PO exists,2026-01-05T17:12:00,SAP,System,system,1171.0,EUR,DE,V2592,high,PO346205,,completed,False,
CASE-00073,INV-000073,Run three-way match,2026-01-05T17:42:00,SAP,System,system,1171.0,EUR,DE,V2592,high,PO346205,,completed,False,
CASE-00073,INV-000073,Classify exception,2026-01-05T17:54:00,ServiceNow,AP Clerk,ap18,1171.0,EUR,DE,V2592,high,PO346205,price_mismatch,completed,False,
CASE-00073,INV-000073,Create price mismatch ticket,2026-01-05T18:06:00,ServiceNow,System,system,1171.0,EUR,DE,V2592,high,PO346205,price_mismatch,completed,False,
CASE-00073,INV-000073,AP review price mismatch,2026-01-09T17:21:28.171503,ServiceNow,AP Clerk,ap18,1171.0,EUR,DE,V2592,high,PO346205,price_mismatch,completed,False,
CASE-00073,INV-000073,Correction for price mismatch,2026-01-10T00:26:53.820477,SAP,Procurement Specialist,ap18,1171.0,EUR,DE,V2592,high,PO346205,price_mismatch,completed,False,
CASE-00073,INV-000073,Run three-way match,2026-01-10T00:50:53.820477,SAP,System,system,1171.0,EUR,DE,V2592,high,PO346205,price_mismatch,completed,False,
CASE-00073,INV-000073,Run duplicate invoice check,2026-01-10T01:02:53.820477,SAP,System,system,1171.0,EUR,DE,V2592,high,PO346205,,completed,False,
CASE-00073,INV-000073,Check vendor risk,2026-01-10T01:14:53.820477,Vendor Master Data,System,system,1171.0,EUR,DE,V2592,high,PO346205,,completed,False,
CASE-00073,INV-000073,Compliance review,2026-01-11T11:48:03.215598,Vendor Master Data,Compliance Officer,ap18,1171.0,EUR,DE,V2592,high,PO346205,,completed,False,
CASE-00073,INV-000073,Check approval threshold,2026-01-11T11:54:03.215598,SAP,System,system,1171.0,EUR,DE,V2592,high,PO346205,,completed,False,
CASE-00073,INV-000073,Auto approve for payment scheduling,2026-01-11T12:00:03.215598,SAP,System,system,1171.0,EUR,DE,V2592,high,PO346205,,completed,False,
CASE-00073,INV-000073,Schedule payment,2026-01-11T16:47:35.038678,Payment System,System,system,1171.0,EUR,DE,V2592,high,PO346205,,completed,False,
CASE-00073,INV-000073,Send remittance notice,2026-01-11T16:53:35.038678,Payment System,System,system,1171.0,EUR,DE,V2592,high,PO346205,,completed,False,
CASE-00073,INV-000073,Invoice paid,2026-01-11T16:59:35.038678,Payment System,System,system,1171.0,EUR,DE,V2592,high,PO346205,,paid,False,
CASE-00074,INV-000074,Invoice received,2026-01-05T16:37:00,Coupa,System,system,12361.34,EUR,ES,V1536,low,PO823811,,completed,False,
CASE-00074,INV-000074,Validate invoice data,2026-01-05T17:01:00,Coupa,AP Clerk,ap12,12361.34,EUR,ES,V1536,low,PO823811,,completed,False,
CASE-00074,INV-000074,Check PO exists,2026-01-05T17:19:00,SAP,System,system,12361.34,EUR,ES,V1536,low,PO823811,,completed,False,
CASE-00074,INV-000074,Run three-way match,2026-01-05T17:49:00,SAP,System,system,12361.34,EUR,ES,V1536,low,PO823811,,completed,False,
CASE-00074,INV-000074,Classify exception,2026-01-05T18:01:00,ServiceNow,AP Clerk,ap12,12361.34,EUR,ES,V1536,low,PO823811,quantity_mismatch,completed,False,
CASE-00074,INV-000074,Create quantity mismatch ticket,2026-01-05T18:13:00,ServiceNow,System,system,12361.34,EUR,ES,V1536,low,PO823811,quantity_mismatch,completed,False,
CASE-00074,INV-000074,AP review quantity mismatch,2026-01-10T08:46:46.211014,ServiceNow,AP Clerk,ap12,12361.34,EUR,ES,V1536,low,PO823811,quantity_mismatch,completed,False,
CASE-00074,INV-000074,Correction for quantity mismatch,2026-01-11T01:40:33.741316,SAP,Procurement Specialist,ap12,12361.34,EUR,ES,V1536,low,PO823811,quantity_mismatch,completed,False,
CASE-00074,INV-000074,Run three-way match,2026-01-11T02:04:33.741316,SAP,System,system,12361.34,EUR,ES,V1536,low,PO823811,quantity_mismatch,completed,False,
CASE-00074,INV-000074,Run duplicate invoice check,2026-01-11T02:16:33.741316,SAP,System,system,12361.34,EUR,ES,V1536,low,PO823811,,completed,False,
CASE-00074,INV-000074,Check vendor risk,2026-01-11T02:28:33.741316,Vendor Master Data,System,system,12361.34,EUR,ES,V1536,low,PO823811,,completed,False,
CASE-00074,INV-000074,Check approval threshold,2026-01-11T02:34:33.741316,SAP,System,system,12361.34,EUR,ES,V1536,low,PO823811,,completed,False,
CASE-00074,INV-000074,Finance manager approval,2026-01-11T09:14:24.875440,SAP,Finance Manager,ap12,12361.34,EUR,ES,V1536,low,PO823811,,completed,False,
CASE-00074,INV-000074,Schedule payment,2026-01-11T15:26:50.260937,Payment System,System,system,12361.34,EUR,ES,V1536,low,PO823811,,completed,False,
CASE-00074,INV-000074,Send remittance notice,2026-01-11T15:32:50.260937,Payment System,System,system,12361.34,EUR,ES,V1536,low,PO823811,,completed,False,
CASE-00074,INV-000074,Invoice paid,2026-01-11T15:38:50.260937,Payment System,System,system,12361.34,EUR,ES,V1536,low,PO823811,,paid,False,
CASE-00075,INV-000075,Invoice received,2026-01-05T16:44:00,Coupa,System,system,24213.12,EUR,FR,V2501,high,PO794963,,completed,False,
CASE-00075,INV-000075,Validate invoice data,2026-01-05T17:08:00,Coupa,AP Clerk,ap07,24213.12,EUR,FR,V2501,high,PO794963,,completed,False,
CASE-00075,INV-000075,Check PO exists,2026-01-05T17:26:00,SAP,System,system,24213.12,EUR,FR,V2501,high,PO794963,,completed,False,
CASE-00075,INV-000075,Run three-way match,2026-01-05T17:56:00,SAP,System,system,24213.12,EUR,FR,V2501,high,PO794963,,completed,False,
CASE-00075,INV-000075,Run duplicate invoice check,2026-01-05T18:08:00,SAP,System,system,24213.12,EUR,FR,V2501,high,PO794963,,completed,False,
CASE-00075,INV-000075,Check vendor risk,2026-01-05T18:20:00,Vendor Master Data,System,system,24213.12,EUR,FR,V2501,high,PO794963,,completed,False,
CASE-00075,INV-000075,Compliance review,2026-01-07T14:27:58.765649,Vendor Master Data,Compliance Officer,ap07,24213.12,EUR,FR,V2501,high,PO794963,,completed,False,
CASE-00075,INV-000075,Check approval threshold,2026-01-07T14:33:58.765649,SAP,System,system,24213.12,EUR,FR,V2501,high,PO794963,,completed,False,
CASE-00075,INV-000075,Finance manager approval,2026-01-07T21:35:06.613856,SAP,Finance Manager,ap07,24213.12,EUR,FR,V2501,high,PO794963,,completed,False,
CASE-00075,INV-000075,Schedule payment,2026-01-08T07:42:23.146282,Payment System,System,system,24213.12,EUR,FR,V2501,high,PO794963,,completed,False,
CASE-00075,INV-000075,Send remittance notice,2026-01-08T07:48:23.146282,Payment System,System,system,24213.12,EUR,FR,V2501,high,PO794963,,completed,False,
CASE-00075,INV-000075,Invoice paid,2026-01-08T07:54:23.146282,Payment System,System,system,24213.12,EUR,FR,V2501,high,PO794963,,paid,False,
CASE-00076,INV-000076,Invoice received,2026-01-05T16:51:00,Coupa,System,system,5377.14,EUR,NL,V6383,low,PO911984,,completed,False,
CASE-00076,INV-000076,Validate invoice data,2026-01-05T17:15:00,Coupa,AP Clerk,ap05,5377.14,EUR,NL,V6383,low,PO911984,,completed,False,
CASE-00076,INV-000076,Check PO exists,2026-01-05T17:33:00,SAP,System,system,5377.14,EUR,NL,V6383,low,PO911984,,completed,False,
CASE-00076,INV-000076,Run three-way match,2026-01-05T18:03:00,SAP,System,system,5377.14,EUR,NL,V6383,low,PO911984,,completed,False,
CASE-00076,INV-000076,Run duplicate invoice check,2026-01-05T18:15:00,SAP,System,system,5377.14,EUR,NL,V6383,low,PO911984,,completed,False,
CASE-00076,INV-000076,Check vendor risk,2026-01-05T18:27:00,Vendor Master Data,System,system,5377.14,EUR,NL,V6383,low,PO911984,,completed,False,
CASE-00076,INV-000076,Check approval threshold,2026-01-05T18:33:00,SAP,System,system,5377.14,EUR,NL,V6383,low,PO911984,,completed,False,
CASE-00076,INV-000076,Auto approve for payment scheduling,2026-01-05T18:39:00,SAP,System,system,5377.14,EUR,NL,V6383,low,PO911984,,completed,False,
CASE-00076,INV-000076,Schedule payment,2026-01-06T05:02:17.198118,Payment System,System,system,5377.14,EUR,NL,V6383,low,PO911984,,completed,False,
CASE-00076,INV-000076,Send remittance notice,2026-01-06T05:08:17.198118,Payment System,System,system,5377.14,EUR,NL,V6383,low,PO911984,,completed,False,
CASE-00076,INV-000076,Invoice paid,2026-01-06T05:14:17.198118,Payment System,System,system,5377.14,EUR,NL,V6383,low,PO911984,,paid,False,
CASE-00077,INV-000077,Invoice received,2026-01-05T16:58:00,Coupa,System,system,2970.68,EUR,NL,V1243,medium,PO475644,,completed,False,
CASE-00077,INV-000077,Validate invoice data,2026-01-05T17:22:00,Coupa,AP Clerk,ap08,2970.68,EUR,NL,V1243,medium,PO475644,,completed,False,
CASE-00077,INV-000077,Manual Email Review,2026-01-06T03:08:46.650245,Email and Excel,AP Clerk,ap08,2970.68,EUR,NL,V1243,medium,PO475644,,completed,True,Manual Email Review
CASE-00077,INV-000077,Check PO exists,2026-01-06T03:26:46.650245,SAP,System,system,2970.68,EUR,NL,V1243,medium,PO475644,,completed,False,
CASE-00077,INV-000077,Run three-way match,2026-01-06T03:56:46.650245,SAP,System,system,2970.68,EUR,NL,V1243,medium,PO475644,,completed,False,
CASE-00077,INV-000077,Run duplicate invoice check,2026-01-06T04:08:46.650245,SAP,System,system,2970.68,EUR,NL,V1243,medium,PO475644,,completed,False,
CASE-00077,INV-000077,Check vendor risk,2026-01-06T04:20:46.650245,Vendor Master Data,System,system,2970.68,EUR,NL,V1243,medium,PO475644,,completed,False,
CASE-00077,INV-000077,Check approval threshold,2026-01-06T04:26:46.650245,SAP,System,system,2970.68,EUR,NL,V1243,medium,PO475644,,completed,False,
CASE-00077,INV-000077,Auto approve for payment scheduling,2026-01-06T04:32:46.650245,SAP,System,system,2970.68,EUR,NL,V1243,medium,PO475644,,completed,False,
CASE-00077,INV-000077,Schedule payment,2026-01-06T12:07:56.976416,Payment System,System,system,2970.68,EUR,NL,V1243,medium,PO475644,,completed,False,
CASE-00077,INV-000077,Send remittance notice,2026-01-06T12:13:56.976416,Payment System,System,system,2970.68,EUR,NL,V1243,medium,PO475644,,completed,False,
CASE-00077,INV-000077,Invoice paid,2026-01-06T12:19:56.976416,Payment System,System,system,2970.68,EUR,NL,V1243,medium,PO475644,,paid,False,
CASE-00078,INV-000078,Invoice received,2026-01-05T17:05:00,Coupa,System,system,9210.46,EUR,FR,V9254,low,PO332311,,completed,False,
CASE-00078,INV-000078,Validate invoice data,2026-01-05T17:29:00,Coupa,AP Clerk,ap20,9210.46,EUR,FR,V9254,low,PO332311,,completed,False,
CASE-00078,INV-000078,Check PO exists,2026-01-05T17:47:00,SAP,System,system,9210.46,EUR,FR,V9254,low,PO332311,,completed,False,
CASE-00078,INV-000078,Run three-way match,2026-01-05T18:17:00,SAP,System,system,9210.46,EUR,FR,V9254,low,PO332311,,completed,False,
CASE-00078,INV-000078,Classify exception,2026-01-05T18:29:00,ServiceNow,AP Clerk,ap20,9210.46,EUR,FR,V9254,low,PO332311,price_mismatch,completed,False,
CASE-00078,INV-000078,Create price mismatch ticket,2026-01-05T18:41:00,ServiceNow,System,system,9210.46,EUR,FR,V9254,low,PO332311,price_mismatch,completed,False,
CASE-00078,INV-000078,AP review price mismatch,2026-01-07T00:31:21.260830,ServiceNow,AP Clerk,ap20,9210.46,EUR,FR,V9254,low,PO332311,price_mismatch,completed,False,
CASE-00078,INV-000078,Correction for price mismatch,2026-01-07T14:06:07.958422,SAP,Procurement Specialist,ap20,9210.46,EUR,FR,V9254,low,PO332311,price_mismatch,completed,False,
CASE-00078,INV-000078,Run three-way match,2026-01-07T14:30:07.958422,SAP,System,system,9210.46,EUR,FR,V9254,low,PO332311,price_mismatch,completed,False,
CASE-00078,INV-000078,Run duplicate invoice check,2026-01-07T14:42:07.958422,SAP,System,system,9210.46,EUR,FR,V9254,low,PO332311,,completed,False,
CASE-00078,INV-000078,Check vendor risk,2026-01-07T14:54:07.958422,Vendor Master Data,System,system,9210.46,EUR,FR,V9254,low,PO332311,,completed,False,
CASE-00078,INV-000078,Check approval threshold,2026-01-07T15:00:07.958422,SAP,System,system,9210.46,EUR,FR,V9254,low,PO332311,,completed,False,
CASE-00078,INV-000078,Auto approve for payment scheduling,2026-01-07T15:06:07.958422,SAP,System,system,9210.46,EUR,FR,V9254,low,PO332311,,completed,False,
CASE-00078,INV-000078,Schedule payment,2026-01-07T22:18:54.535352,Payment System,System,system,9210.46,EUR,FR,V9254,low,PO332311,,completed,False,
CASE-00078,INV-000078,Send remittance notice,2026-01-07T22:24:54.535352,Payment System,System,system,9210.46,EUR,FR,V9254,low,PO332311,,completed,False,
CASE-00078,INV-000078,Invoice paid,2026-01-07T22:30:54.535352,Payment System,System,system,9210.46,EUR,FR,V9254,low,PO332311,,paid,False,
CASE-00079,INV-000079,Invoice received,2026-01-05T17:12:00,Coupa,System,system,17230.91,EUR,FR,V2204,low,PO184714,,completed,False,
CASE-00079,INV-000079,Validate invoice data,2026-01-05T17:36:00,Coupa,AP Clerk,ap11,17230.91,EUR,FR,V2204,low,PO184714,,completed,False,
CASE-00079,INV-000079,Manual Email Review,2026-01-07T05:26:58.477791,Email and Excel,AP Clerk,ap11,17230.91,EUR,FR,V2204,low,PO184714,,completed,True,Manual Email Review
CASE-00079,INV-000079,Check PO exists,2026-01-07T05:44:58.477791,SAP,System,system,17230.91,EUR,FR,V2204,low,PO184714,,completed,False,
CASE-00079,INV-000079,Run three-way match,2026-01-07T06:14:58.477791,SAP,System,system,17230.91,EUR,FR,V2204,low,PO184714,,completed,False,
CASE-00079,INV-000079,Run duplicate invoice check,2026-01-07T06:26:58.477791,SAP,System,system,17230.91,EUR,FR,V2204,low,PO184714,,completed,False,
CASE-00079,INV-000079,Check vendor risk,2026-01-07T06:38:58.477791,Vendor Master Data,System,system,17230.91,EUR,FR,V2204,low,PO184714,,completed,False,
CASE-00079,INV-000079,Check approval threshold,2026-01-07T06:44:58.477791,SAP,System,system,17230.91,EUR,FR,V2204,low,PO184714,,completed,False,
CASE-00079,INV-000079,Finance manager approval,2026-01-08T10:05:38.680840,SAP,Finance Manager,ap11,17230.91,EUR,FR,V2204,low,PO184714,,completed,False,
CASE-00079,INV-000079,Schedule payment,2026-01-08T17:43:25.684866,Payment System,System,system,17230.91,EUR,FR,V2204,low,PO184714,,completed,False,
CASE-00079,INV-000079,Send remittance notice,2026-01-08T17:49:25.684866,Payment System,System,system,17230.91,EUR,FR,V2204,low,PO184714,,completed,False,
CASE-00079,INV-000079,Invoice paid,2026-01-08T17:55:25.684866,Payment System,System,system,17230.91,EUR,FR,V2204,low,PO184714,,paid,False,
CASE-00080,INV-000080,Invoice received,2026-01-05T17:19:00,Coupa,System,system,15234.31,EUR,DE,V4522,low,PO550961,,completed,False,
CASE-00080,INV-000080,Validate invoice data,2026-01-05T17:43:00,Coupa,AP Clerk,ap15,15234.31,EUR,DE,V4522,low,PO550961,,completed,False,
CASE-00080,INV-000080,Check PO exists,2026-01-05T18:01:00,SAP,System,system,15234.31,EUR,DE,V4522,low,PO550961,,completed,False,
CASE-00080,INV-000080,Run three-way match,2026-01-05T18:31:00,SAP,System,system,15234.31,EUR,DE,V4522,low,PO550961,,completed,False,
CASE-00080,INV-000080,Run duplicate invoice check,2026-01-05T18:43:00,SAP,System,system,15234.31,EUR,DE,V4522,low,PO550961,,completed,False,
CASE-00080,INV-000080,Check vendor risk,2026-01-05T18:55:00,Vendor Master Data,System,system,15234.31,EUR,DE,V4522,low,PO550961,,completed,False,
CASE-00080,INV-000080,Check approval threshold,2026-01-05T19:01:00,SAP,System,system,15234.31,EUR,DE,V4522,low,PO550961,,completed,False,
CASE-00080,INV-000080,Finance manager approval,2026-01-06T12:46:03.733669,SAP,Finance Manager,ap15,15234.31,EUR,DE,V4522,low,PO550961,,completed,False,
CASE-00080,INV-000080,Schedule payment,2026-01-06T18:48:24.559808,Payment System,System,system,15234.31,EUR,DE,V4522,low,PO550961,,completed,False,
CASE-00080,INV-000080,Send remittance notice,2026-01-06T18:54:24.559808,Payment System,System,system,15234.31,EUR,DE,V4522,low,PO550961,,completed,False,
CASE-00080,INV-000080,Invoice paid,2026-01-06T19:00:24.559808,Payment System,System,system,15234.31,EUR,DE,V4522,low,PO550961,,paid,False,
